[09/Jul/2026 19:57:02] "GET / HTTP/1.1" 200 433
[09/Jul/2026 19:57:03] "GET /static/assets/index-D3_lHPk2.css HTTP/1.1" 200 24032
[09/Jul/2026 19:57:03] "GET /static/assets/index-D_QSfw6U.js HTTP/1.1" 200 429421
[09/Jul/2026 19:57:04] "GET /api/v1/auth/me HTTP/1.1" 200 151
[09/Jul/2026 19:57:04] "GET /static/assets/inter-latin-700-normal-Yt3aPRUw.woff2 HTTP/1.1" 200 24356
[09/Jul/2026 19:57:04] "GET /static/assets/inter-latin-600-normal-LgqL8muc.woff2 HTTP/1.1" 200 24452
[09/Jul/2026 19:57:04] "GET /static/assets/barlow-condensed-latin-700-normal-v1xN8_Wq.woff2 HTTP/1.1" 200 22444
[09/Jul/2026 19:57:04] "GET /api/v1/sites HTTP/1.1" 200 6996
[09/Jul/2026 19:57:04] "GET /api/v1/approvals/pending HTTP/1.1" 200 1483
[09/Jul/2026 19:57:04] "GET /api/v1/approvals/pending HTTP/1.1" 200 1483
[09/Jul/2026 19:57:05] "GET /static/assets/inter-latin-400-normal-C38fXH4l.woff2 HTTP/1.1" 200 23664
[09/Jul/2026 19:57:05] "GET /static/assets/ibm-plex-mono-latin-600-normal-BgSNZQsw.woff2 HTTP/1.1" 200 15620
[09/Jul/2026 19:57:12] "GET / HTTP/1.1" 200 433
[09/Jul/2026 19:57:12] "GET / HTTP/1.1" 200 433
[09/Jul/2026 19:57:12,663] - Broken pipe from ('127.0.0.1', 63813)
[09/Jul/2026 19:59:51] "GET / HTTP/1.1" 200 433
[09/Jul/2026 19:59:52] "GET /static/assets/index-D3_lHPk2.css HTTP/1.1" 200 24032
[09/Jul/2026 19:59:52] "GET /static/assets/index-D_QSfw6U.js HTTP/1.1" 200 429421
[09/Jul/2026 19:59:52] "GET /api/v1/auth/me HTTP/1.1" 200 23
[09/Jul/2026 19:59:53] "GET /static/assets/inter-latin-400-normal-C38fXH4l.woff2 HTTP/1.1" 200 23664
[09/Jul/2026 19:59:53] "GET /static/assets/inter-latin-700-normal-Yt3aPRUw.woff2 HTTP/1.1" 200 24356
[09/Jul/2026 19:59:53] "GET /static/assets/barlow-condensed-latin-700-normal-v1xN8_Wq.woff2 HTTP/1.1" 200 22444
[09/Jul/2026 19:59:53] "GET /static/assets/inter-latin-600-normal-LgqL8muc.woff2 HTTP/1.1" 200 24452
[09/Jul/2026 20:00:32] "GET / HTTP/1.1" 200 433
[09/Jul/2026 20:00:32] "GET /api/v1/auth/me HTTP/1.1" 200 23
[09/Jul/2026 20:01:23] "GET / HTTP/1.1" 200 433
Not Found: /favicon.ico
[09/Jul/2026 20:01:23] "GET /favicon.ico HTTP/1.1" 404 2726
[09/Jul/2026 20:01:44] "GET / HTTP/1.1" 200 433
[09/Jul/2026 20:01:44] "GET /static/assets/index-D3_lHPk2.css HTTP/1.1" 200 24032
[09/Jul/2026 20:01:44] "GET /static/assets/index-D_QSfw6U.js HTTP/1.1" 200 429421
Not Found: /favicon.ico
[09/Jul/2026 20:01:45] "GET /favicon.ico HTTP/1.1" 404 2726
[09/Jul/2026 20:01:45] "GET /api/v1/auth/me HTTP/1.1" 200 154
[09/Jul/2026 20:01:45] "GET /static/assets/inter-latin-600-normal-LgqL8muc.woff2 HTTP/1.1" 200 24452
[09/Jul/2026 20:01:45] "GET /static/assets/barlow-condensed-latin-700-normal-v1xN8_Wq.woff2 HTTP/1.1" 200 22444
[09/Jul/2026 20:01:45] "GET /static/assets/inter-latin-400-normal-C38fXH4l.woff2 HTTP/1.1" 200 23664
[09/Jul/2026 20:01:45] "GET /api/v1/approvals/pending HTTP/1.1" 200 958
[09/Jul/2026 20:01:45] "GET /api/v1/finance/dashboard HTTP/1.1" 200 188
[09/Jul/2026 20:01:46] "GET /api/v1/sites HTTP/1.1" 200 6996
[09/Jul/2026 20:01:46] "GET /static/assets/inter-latin-700-normal-Yt3aPRUw.woff2 HTTP/1.1" 200 24356
[09/Jul/2026 20:01:46] "GET /static/assets/ibm-plex-mono-latin-500-normal-DSY6xOcd.woff2 HTTP/1.1" 200 14888
[09/Jul/2026 20:01:51] "GET / HTTP/1.1" 200 433
[09/Jul/2026 20:01:51] "GET /static/assets/index-D3_lHPk2.css HTTP/1.1" 200 24032
[09/Jul/2026 20:01:51] "GET /static/assets/index-D_QSfw6U.js HTTP/1.1" 200 429421
[09/Jul/2026 20:01:51] "GET /api/v1/auth/me HTTP/1.1" 200 157
[09/Jul/2026 20:01:52] "GET /api/v1/sites HTTP/1.1" 200 6996
[09/Jul/2026 20:01:52] "GET /api/v1/approvals/pending HTTP/1.1" 200 23
[09/Jul/2026 20:01:52] "GET /static/assets/barlow-condensed-latin-700-normal-v1xN8_Wq.woff2 HTTP/1.1" 200 22444
[09/Jul/2026 20:01:52] "GET /static/assets/inter-latin-600-normal-LgqL8muc.woff2 HTTP/1.1" 200 24452
[09/Jul/2026 20:01:52] "GET /static/assets/inter-latin-400-normal-C38fXH4l.woff2 HTTP/1.1" 200 23664
[09/Jul/2026 20:01:52] "GET /api/v1/approvals/pending HTTP/1.1" 200 23
[09/Jul/2026 20:01:58] "GET /api/v1/dashboards/portfolio HTTP/1.1" 200 1941
[09/Jul/2026 20:01:59] "GET /static/assets/ibm-plex-mono-latin-500-normal-DSY6xOcd.woff2 HTTP/1.1" 200 14888
[09/Jul/2026 20:01:59] "GET /static/assets/inter-latin-700-normal-Yt3aPRUw.woff2 HTTP/1.1" 200 24356
[09/Jul/2026 20:01:59] "GET /static/assets/ibm-plex-mono-latin-600-normal-BgSNZQsw.woff2 HTTP/1.1" 200 15620
[09/Jul/2026 20:02:18] "GET / HTTP/1.1" 200 433
[09/Jul/2026 20:02:19] "GET /static/assets/index-D3_lHPk2.css HTTP/1.1" 200 24032
[09/Jul/2026 20:02:19] "GET /static/assets/index-D_QSfw6U.js HTTP/1.1" 200 429421
[09/Jul/2026 20:02:20] "GET /api/v1/auth/me HTTP/1.1" 200 23
Not Found: /favicon.ico
[09/Jul/2026 20:02:20] "GET /favicon.ico HTTP/1.1" 404 2726
[09/Jul/2026 20:02:20] "GET /static/assets/inter-latin-400-normal-C38fXH4l.woff2 HTTP/1.1" 200 23664
[09/Jul/2026 20:02:20] "GET /static/assets/inter-latin-600-normal-LgqL8muc.woff2 HTTP/1.1" 200 24452
[09/Jul/2026 20:02:20] "GET /static/assets/inter-latin-700-normal-Yt3aPRUw.woff2 HTTP/1.1" 200 24356
[09/Jul/2026 20:02:20] "GET /static/assets/barlow-condensed-latin-700-normal-v1xN8_Wq.woff2 HTTP/1.1" 200 22444
[09/Jul/2026 20:03:08] "POST /api/v1/auth/logout HTTP/1.1" 200 24
Bad Request: /api/v1/auth/login
[09/Jul/2026 20:03:21] "POST /api/v1/auth/login HTTP/1.1" 400 33
[09/Jul/2026 20:03:32] "POST /api/v1/auth/login HTTP/1.1" 200 268
[09/Jul/2026 20:03:32] "GET /api/v1/sites HTTP/1.1" 200 588
[09/Jul/2026 20:03:33] "GET /api/v1/documents/list?site=4&doc_type=LM&status=DEPARTED HTTP/1.1" 200 2
[09/Jul/2026 20:03:33] "GET /api/v1/documents/list?site=4&doc_type=MAR HTTP/1.1" 200 2
[09/Jul/2026 20:03:33] "GET /api/v1/registers/dpr-tws?site=4 HTTP/1.1" 200 1423
[09/Jul/2026 20:03:33] "GET /api/v1/documents/list?site=4&doc_type=IR HTTP/1.1" 200 2
[09/Jul/2026 20:03:33] "GET /api/v1/sites/4/projects HTTP/1.1" 200 1280
[09/Jul/2026 20:03:33] "GET /api/v1/dashboards/site/4 HTTP/1.1" 200 383
[09/Jul/2026 20:03:33] "GET /api/v1/documents/list?site=4&doc_type=MR HTTP/1.1" 200 4579
[09/Jul/2026 20:03:33] "GET /api/v1/documents/list?site=4&doc_type=PYR HTTP/1.1" 200 13819
[09/Jul/2026 20:03:33] "GET /static/assets/ibm-plex-mono-latin-500-normal-DSY6xOcd.woff2 HTTP/1.1" 200 14888
[09/Jul/2026 20:03:39] "GET /api/v1/cost-heads HTTP/1.1" 200 384
[09/Jul/2026 20:03:39] "GET /api/v1/petty-cash/4 HTTP/1.1" 200 314
[09/Jul/2026 20:03:43] "GET /api/v1/documents/list?site=4&doc_type=MAR HTTP/1.1" 200 2
[09/Jul/2026 20:03:43] "GET /api/v1/documents/list?site=4&doc_type=LM&status=DEPARTED HTTP/1.1" 200 2
[09/Jul/2026 20:03:43] "GET /api/v1/documents/list?site=4&doc_type=IR HTTP/1.1" 200 2
[09/Jul/2026 20:03:43] "GET /api/v1/registers/dpr-tws?site=4 HTTP/1.1" 200 1423
[09/Jul/2026 20:03:43] "GET /api/v1/dashboards/site/4 HTTP/1.1" 200 383
[09/Jul/2026 20:03:43] "GET /api/v1/sites/4/projects HTTP/1.1" 200 1280
[09/Jul/2026 20:03:43] "GET /api/v1/documents/list?site=4&doc_type=MR HTTP/1.1" 200 4579
[09/Jul/2026 20:03:43] "GET /api/v1/documents/list?site=4&doc_type=PYR HTTP/1.1" 200 13819
[09/Jul/2026 20:03:45] "POST /api/v1/auth/logout HTTP/1.1" 200 24
Bad Request: /api/v1/auth/login
[09/Jul/2026 20:04:04] "POST /api/v1/auth/login HTTP/1.1" 400 33
[09/Jul/2026 20:04:26] "POST /api/v1/auth/login HTTP/1.1" 200 151
[09/Jul/2026 20:04:26] "GET /api/v1/sites HTTP/1.1" 200 6996
[09/Jul/2026 20:04:26] "GET /api/v1/approvals/pending HTTP/1.1" 200 1483
[09/Jul/2026 20:04:26] "GET /api/v1/approvals/pending HTTP/1.1" 200 1483
[09/Jul/2026 20:04:40] "GET /api/v1/documents/list?site=1&doc_type=LM&status=DEPARTED HTTP/1.1" 200 2
[09/Jul/2026 20:04:40] "GET /api/v1/sites/1/projects HTTP/1.1" 200 2
[09/Jul/2026 20:04:40] "GET /api/v1/registers/dpr-tws?site=1 HTTP/1.1" 200 1432
[09/Jul/2026 20:04:40] "GET /api/v1/documents/list?site=1&doc_type=MAR HTTP/1.1" 200 2052
[09/Jul/2026 20:04:40] "GET /api/v1/documents/list?site=1&doc_type=IR HTTP/1.1" 200 3109
[09/Jul/2026 20:04:40] "GET /api/v1/documents/list?site=1&doc_type=PYR HTTP/1.1" 200 1938
[09/Jul/2026 20:04:40] "GET /api/v1/dashboards/site/1 HTTP/1.1" 200 572
[09/Jul/2026 20:04:40] "GET /api/v1/documents/list?site=1&doc_type=MR HTTP/1.1" 200 7132
[09/Jul/2026 20:04:42] "GET /api/v1/cost-heads HTTP/1.1" 200 384
[09/Jul/2026 20:04:42] "GET /api/v1/petty-cash/1 HTTP/1.1" 200 136
Bad Request: /api/v1/auth/login
[09/Jul/2026 20:04:52] "POST /api/v1/auth/login HTTP/1.1" 400 33
Bad Request: /api/v1/auth/login
[09/Jul/2026 20:04:54] "POST /api/v1/auth/login HTTP/1.1" 400 33
[09/Jul/2026 20:05:02] "POST /api/v1/auth/login HTTP/1.1" 200 157
[09/Jul/2026 20:05:03] "GET /api/v1/approvals/pending HTTP/1.1" 200 23
[09/Jul/2026 20:05:03] "GET /api/v1/approvals/pending HTTP/1.1" 200 23
[09/Jul/2026 20:05:03] "GET /api/v1/sites HTTP/1.1" 200 6996
[09/Jul/2026 20:05:13] "PUT /api/v1/petty-cash/1 HTTP/1.1" 200 304
[09/Jul/2026 20:05:13] "GET /api/v1/petty-cash/1 HTTP/1.1" 200 420
[09/Jul/2026 20:05:13] "GET /api/v1/petty-cash/1/entries HTTP/1.1" 200 311
[09/Jul/2026 20:05:17] "GET /api/v1/documents/list?site=1&doc_type=LM&status=DEPARTED HTTP/1.1" 200 2
[09/Jul/2026 20:05:17] "GET /api/v1/registers/dpr-tws?site=1 HTTP/1.1" 200 1432
[09/Jul/2026 20:05:17] "GET /api/v1/dashboards/site/1 HTTP/1.1" 200 572
[09/Jul/2026 20:05:17] "GET /api/v1/sites/1/projects HTTP/1.1" 200 2
[09/Jul/2026 20:05:17] "GET /api/v1/documents/list?site=1&doc_type=MAR HTTP/1.1" 200 2052
[09/Jul/2026 20:05:17] "GET /api/v1/approvals/pending HTTP/1.1" 200 1483
[09/Jul/2026 20:05:17] "GET /api/v1/documents/list?site=1&doc_type=PYR HTTP/1.1" 200 1938
[09/Jul/2026 20:05:17] "GET /api/v1/documents/list?site=1&doc_type=IR HTTP/1.1" 200 3109
[09/Jul/2026 20:05:17] "GET /api/v1/documents/list?site=1&doc_type=MR HTTP/1.1" 200 7132
[09/Jul/2026 20:05:23] "GET /api/v1/documents/list?site=8&doc_type=PYR HTTP/1.1" 200 2
[09/Jul/2026 20:05:23] "GET /api/v1/documents/list?site=8&doc_type=LM&status=DEPARTED HTTP/1.1" 200 2
[09/Jul/2026 20:05:23] "GET /api/v1/sites/8/projects HTTP/1.1" 200 2
[09/Jul/2026 20:05:23] "GET /api/v1/documents/list?site=8&doc_type=MAR HTTP/1.1" 200 2
[09/Jul/2026 20:05:23] "GET /api/v1/documents/list?site=8&doc_type=IR HTTP/1.1" 200 2
[09/Jul/2026 20:05:23] "GET /api/v1/registers/dpr-tws?site=8 HTTP/1.1" 200 1419
[09/Jul/2026 20:05:23] "GET /api/v1/dashboards/site/8 HTTP/1.1" 200 383
[09/Jul/2026 20:05:23] "GET /api/v1/documents/list?site=8&doc_type=MR HTTP/1.1" 200 2478
[09/Jul/2026 20:05:23] "GET /api/v1/documents/list?site=4&doc_type=LM&status=DEPARTED HTTP/1.1" 200 2
[09/Jul/2026 20:05:23] "GET /api/v1/documents/list?site=4&doc_type=IR HTTP/1.1" 200 2
[09/Jul/2026 20:05:23] "GET /api/v1/documents/list?site=4&doc_type=MAR HTTP/1.1" 200 2
[09/Jul/2026 20:05:23] "GET /api/v1/registers/dpr-tws?site=4 HTTP/1.1" 200 1423
[09/Jul/2026 20:05:23] "GET /api/v1/dashboards/site/4 HTTP/1.1" 200 383
[09/Jul/2026 20:05:23] "GET /api/v1/sites/4/projects HTTP/1.1" 200 1324
[09/Jul/2026 20:05:23] "GET /api/v1/documents/list?site=4&doc_type=MR HTTP/1.1" 200 4579
[09/Jul/2026 20:05:23] "GET /api/v1/documents/list?site=4&doc_type=PYR HTTP/1.1" 200 13819
[09/Jul/2026 20:05:25] "GET /api/v1/petty-cash/4 HTTP/1.1" 200 314
[09/Jul/2026 20:05:25] "GET /api/v1/cost-heads HTTP/1.1" 200 384
[09/Jul/2026 20:05:35] "GET / HTTP/1.1" 200 433
[09/Jul/2026 20:05:36] "GET /static/assets/index-D3_lHPk2.css HTTP/1.1" 200 24032
[09/Jul/2026 20:05:36] "GET /static/assets/index-D_QSfw6U.js HTTP/1.1" 200 429421
[09/Jul/2026 20:05:37] "GET /api/v1/auth/me HTTP/1.1" 200 23
Not Found: /favicon.ico
[09/Jul/2026 20:05:37] "GET /favicon.ico HTTP/1.1" 404 2726
[09/Jul/2026 20:05:37] "GET /static/assets/inter-latin-700-normal-Yt3aPRUw.woff2 HTTP/1.1" 200 24356
[09/Jul/2026 20:05:37] "GET /static/assets/barlow-condensed-latin-700-normal-v1xN8_Wq.woff2 HTTP/1.1" 200 22444
[09/Jul/2026 20:05:37] "GET /static/assets/inter-latin-600-normal-LgqL8muc.woff2 HTTP/1.1" 200 24452
[09/Jul/2026 20:05:37] "GET /static/assets/inter-latin-400-normal-C38fXH4l.woff2 HTTP/1.1" 200 23664
[09/Jul/2026 20:05:54] "PUT /api/v1/petty-cash/4 HTTP/1.1" 200 309
[09/Jul/2026 20:05:54] "GET /api/v1/petty-cash/4 HTTP/1.1" 200 603
[09/Jul/2026 20:05:55] "GET /api/v1/petty-cash/4/entries HTTP/1.1" 200 316
[09/Jul/2026 20:06:04] "GET /api/v1/documents/list?site=4&doc_type=IR HTTP/1.1" 200 2
[09/Jul/2026 20:06:04] "GET /api/v1/documents/list?site=4&doc_type=LM&status=DEPARTED HTTP/1.1" 200 2
[09/Jul/2026 20:06:04] "GET /api/v1/documents/list?site=4&doc_type=MAR HTTP/1.1" 200 2
[09/Jul/2026 20:06:04] "GET /api/v1/registers/dpr-tws?site=4 HTTP/1.1" 200 1423
[09/Jul/2026 20:06:04] "GET /api/v1/dashboards/site/4 HTTP/1.1" 200 383
[09/Jul/2026 20:06:04] "GET /api/v1/sites/4/projects HTTP/1.1" 200 1324
[09/Jul/2026 20:06:04] "GET /api/v1/approvals/pending HTTP/1.1" 200 1483
[09/Jul/2026 20:06:05] "GET /api/v1/documents/list?site=4&doc_type=MR HTTP/1.1" 200 4579
[09/Jul/2026 20:06:05] "GET /api/v1/documents/list?site=4&doc_type=PYR HTTP/1.1" 200 13819
[09/Jul/2026 20:06:12] "POST /api/v1/auth/logout HTTP/1.1" 200 24
Bad Request: /api/v1/auth/login
[09/Jul/2026 20:06:25] "POST /api/v1/auth/login HTTP/1.1" 400 33
Bad Request: /api/v1/auth/login
[09/Jul/2026 20:06:35] "POST /api/v1/auth/login HTTP/1.1" 400 33
[09/Jul/2026 20:06:43] "POST /api/v1/auth/login HTTP/1.1" 200 268
[09/Jul/2026 20:06:43] "GET /api/v1/sites HTTP/1.1" 200 588
[09/Jul/2026 20:06:44] "GET /api/v1/documents/list?site=4&doc_type=IR HTTP/1.1" 200 2
[09/Jul/2026 20:06:44] "GET /api/v1/documents/list?site=4&doc_type=LM&status=DEPARTED HTTP/1.1" 200 2
[09/Jul/2026 20:06:44] "GET /api/v1/registers/dpr-tws?site=4 HTTP/1.1" 200 1423
[09/Jul/2026 20:06:44] "GET /api/v1/dashboards/site/4 HTTP/1.1" 200 383
[09/Jul/2026 20:06:44] "GET /api/v1/sites/4/projects HTTP/1.1" 200 1280
[09/Jul/2026 20:06:44] "GET /api/v1/documents/list?site=4&doc_type=MR HTTP/1.1" 200 4579
[09/Jul/2026 20:06:44] "GET /api/v1/documents/list?site=4&doc_type=PYR HTTP/1.1" 200 13819
[09/Jul/2026 20:06:44] "GET /api/v1/documents/list?site=4&doc_type=MAR HTTP/1.1" 200 2
[09/Jul/2026 20:06:51] "GET /api/v1/petty-cash/4 HTTP/1.1" 200 603
[09/Jul/2026 20:06:51] "GET /api/v1/cost-heads HTTP/1.1" 200 384
[09/Jul/2026 20:06:52] "GET /api/v1/petty-cash/4/entries HTTP/1.1" 200 316
Bad Request: /api/v1/auth/login
[09/Jul/2026 20:07:05] "POST /api/v1/auth/login HTTP/1.1" 400 33
[09/Jul/2026 20:07:19] "GET /api/v1/approvals/pending HTTP/1.1" 200 23
[09/Jul/2026 20:07:21] "POST /api/v1/petty-cash/4/entries HTTP/1.1" 201 251
[09/Jul/2026 20:07:21] "GET /api/v1/petty-cash/4 HTTP/1.1" 200 605
[09/Jul/2026 20:07:21] "GET /api/v1/petty-cash/4/entries HTTP/1.1" 200 569
[09/Jul/2026 20:07:29] "GET /api/v1/employees HTTP/1.1" 200 875
[09/Jul/2026 20:07:29] "GET /api/v1/manpower-categories HTTP/1.1" 200 2664
Bad Request: /api/v1/auth/login
[09/Jul/2026 20:07:30] "POST /api/v1/auth/login HTTP/1.1" 400 33
[09/Jul/2026 20:07:38] "GET /api/v1/approvals/pending HTTP/1.1" 200 23
[09/Jul/2026 20:07:40] "POST /api/v1/petty-cash/4/entries HTTP/1.1" 201 242
[09/Jul/2026 20:07:40] "GET /api/v1/petty-cash/4 HTTP/1.1" 200 606
[09/Jul/2026 20:07:41] "GET /api/v1/petty-cash/4/entries HTTP/1.1" 200 813
[09/Jul/2026 20:07:44] "GET /api/v1/documents/list?site=8&doc_type=PYR HTTP/1.1" 200 2
[09/Jul/2026 20:07:44] "GET /api/v1/documents/list?site=8&doc_type=MAR HTTP/1.1" 200 2
[09/Jul/2026 20:07:44] "GET /api/v1/documents/list?site=8&doc_type=LM&status=DEPARTED HTTP/1.1" 200 2
[09/Jul/2026 20:07:44] "GET /api/v1/sites/8/projects HTTP/1.1" 200 2
[09/Jul/2026 20:07:44] "GET /api/v1/documents/list?site=8&doc_type=IR HTTP/1.1" 200 2
[09/Jul/2026 20:07:44] "GET /api/v1/registers/dpr-tws?site=8 HTTP/1.1" 200 1419
[09/Jul/2026 20:07:44] "GET /api/v1/documents/list?site=8&doc_type=MR HTTP/1.1" 200 2478
[09/Jul/2026 20:07:44] "GET /api/v1/dashboards/site/8 HTTP/1.1" 200 383
[09/Jul/2026 20:07:46] "GET /api/v1/pms HTTP/1.1" 200 68
[09/Jul/2026 20:08:09] "POST /api/v1/petty-cash/4/entries HTTP/1.1" 201 236
[09/Jul/2026 20:08:09] "GET /api/v1/petty-cash/4 HTTP/1.1" 200 606
[09/Jul/2026 20:08:10] "GET /api/v1/petty-cash/4/entries HTTP/1.1" 200 1050
Bad Request: /api/v1/auth/login
[09/Jul/2026 20:08:14] "POST /api/v1/auth/login HTTP/1.1" 400 33
[09/Jul/2026 20:08:35] "GET /api/v1/documents/MR-MXR-001 HTTP/1.1" 200 2476
[09/Jul/2026 20:08:39] "POST /api/v1/petty-cash/4/entries HTTP/1.1" 201 235
[09/Jul/2026 20:08:39] "GET /api/v1/petty-cash/4 HTTP/1.1" 200 606
[09/Jul/2026 20:08:40] "GET /api/v1/petty-cash/4/entries HTTP/1.1" 200 1286
Bad Request: /api/v1/auth/login
[09/Jul/2026 20:08:46] "POST /api/v1/auth/login HTTP/1.1" 400 33
Bad Request: /api/v1/auth/login
[09/Jul/2026 20:09:04] "POST /api/v1/auth/login HTTP/1.1" 400 33
Bad Request: /api/v1/auth/login
[09/Jul/2026 20:09:05] "POST /api/v1/auth/login HTTP/1.1" 400 33
Bad Request: /api/v1/petty-cash/4/entries
[09/Jul/2026 20:09:11] "POST /api/v1/petty-cash/4/entries HTTP/1.1" 400 100
Bad Request: /api/v1/petty-cash/4/entries
[09/Jul/2026 20:09:15] "POST /api/v1/petty-cash/4/entries HTTP/1.1" 400 100
Bad Request: /api/v1/auth/login
[09/Jul/2026 20:09:20] "POST /api/v1/auth/login HTTP/1.1" 400 33
Bad Request: /api/v1/auth/login
[09/Jul/2026 20:09:22] "POST /api/v1/auth/login HTTP/1.1" 400 33
[09/Jul/2026 20:09:33] "POST /api/v1/petty-cash/4/entries HTTP/1.1" 201 235
[09/Jul/2026 20:09:33] "GET /api/v1/petty-cash/4 HTTP/1.1" 200 606
[09/Jul/2026 20:09:34] "GET /api/v1/petty-cash/4/entries HTTP/1.1" 200 1522
[09/Jul/2026 20:09:44] "POST /api/v1/auth/login HTTP/1.1" 200 291
[09/Jul/2026 20:09:44] "GET /api/v1/sites HTTP/1.1" 200 588
[09/Jul/2026 20:09:45] "GET /api/v1/documents/list?site=4&doc_type=MAR HTTP/1.1" 200 2
[09/Jul/2026 20:09:45] "GET /api/v1/documents/list?site=4&doc_type=IR HTTP/1.1" 200 2
[09/Jul/2026 20:09:45] "GET /api/v1/registers/dpr-tws?site=4 HTTP/1.1" 200 1423
[09/Jul/2026 20:09:45] "GET /api/v1/documents/list?site=4&doc_type=LM&status=DEPARTED HTTP/1.1" 200 2
[09/Jul/2026 20:09:45] "GET /api/v1/dashboards/site/4 HTTP/1.1" 200 383
[09/Jul/2026 20:09:45] "GET /api/v1/sites/4/projects HTTP/1.1" 200 1280
[09/Jul/2026 20:09:45] "GET /api/v1/documents/list?site=4&doc_type=MR HTTP/1.1" 200 4579
[09/Jul/2026 20:09:45] "GET /api/v1/documents/list?site=4&doc_type=PYR HTTP/1.1" 200 13819
[09/Jul/2026 20:09:46] "GET /static/assets/ibm-plex-mono-latin-600-normal-BgSNZQsw.woff2 HTTP/1.1" 200 15620
[09/Jul/2026 20:09:46] "GET /static/assets/ibm-plex-mono-latin-500-normal-DSY6xOcd.woff2 HTTP/1.1" 200 14888
[09/Jul/2026 20:10:04] "POST /api/v1/petty-cash/4/entries HTTP/1.1" 201 242
[09/Jul/2026 20:10:04] "GET /api/v1/petty-cash/4 HTTP/1.1" 200 606
[09/Jul/2026 20:10:05] "GET /api/v1/petty-cash/4/entries HTTP/1.1" 200 1765
[09/Jul/2026 20:10:13] "POST /api/v1/auth/logout HTTP/1.1" 200 24
[09/Jul/2026 20:10:42] "POST /api/v1/petty-cash/4/entries HTTP/1.1" 201 237
[09/Jul/2026 20:10:43] "GET /api/v1/petty-cash/4 HTTP/1.1" 200 606
[09/Jul/2026 20:10:43] "GET /api/v1/petty-cash/4/entries HTTP/1.1" 200 2003
[09/Jul/2026 20:11:08] "GET / HTTP/1.1" 200 433
[09/Jul/2026 20:11:09] "GET /static/assets/index-D_QSfw6U.js HTTP/1.1" 304 0
[09/Jul/2026 20:11:09] "GET /static/assets/index-D3_lHPk2.css HTTP/1.1" 304 0
[09/Jul/2026 20:11:10] "GET /api/v1/auth/me HTTP/1.1" 200 23
[09/Jul/2026 20:11:10] "POST /api/v1/petty-cash/4/entries HTTP/1.1" 201 235
[09/Jul/2026 20:11:10] "GET /api/v1/petty-cash/4 HTTP/1.1" 200 606
[09/Jul/2026 20:11:10] "GET /static/assets/inter-latin-700-normal-Yt3aPRUw.woff2 HTTP/1.1" 304 0
[09/Jul/2026 20:11:10] "GET /static/assets/inter-latin-600-normal-LgqL8muc.woff2 HTTP/1.1" 304 0
[09/Jul/2026 20:11:10] "GET /static/assets/inter-latin-400-normal-C38fXH4l.woff2 HTTP/1.1" 304 0
[09/Jul/2026 20:11:11] "GET /static/assets/barlow-condensed-latin-700-normal-v1xN8_Wq.woff2 HTTP/1.1" 304 0
[09/Jul/2026 20:11:11] "GET /api/v1/petty-cash/4/entries HTTP/1.1" 200 2239
[09/Jul/2026 20:11:14] "POST /api/v1/auth/login HTTP/1.1" 200 291
[09/Jul/2026 20:11:14] "GET /api/v1/sites HTTP/1.1" 200 588
[09/Jul/2026 20:11:15] "GET /api/v1/dashboards/site/4 HTTP/1.1" 200 383
[09/Jul/2026 20:11:15] "GET /api/v1/documents/list?site=4&doc_type=LM&status=DEPARTED HTTP/1.1" 200 2
[09/Jul/2026 20:11:15] "GET /api/v1/documents/list?site=4&doc_type=IR HTTP/1.1" 200 2
[09/Jul/2026 20:11:15] "GET /api/v1/documents/list?site=4&doc_type=MAR HTTP/1.1" 200 2
[09/Jul/2026 20:11:15] "GET /api/v1/registers/dpr-tws?site=4 HTTP/1.1" 200 1423
[09/Jul/2026 20:11:15] "GET /api/v1/sites/4/projects HTTP/1.1" 200 1280
[09/Jul/2026 20:11:15] "GET /api/v1/documents/list?site=4&doc_type=MR HTTP/1.1" 200 4579
[09/Jul/2026 20:11:15] "GET /api/v1/documents/list?site=4&doc_type=PYR HTTP/1.1" 200 13819
[09/Jul/2026 20:11:26] "GET / HTTP/1.1" 200 433
[09/Jul/2026 20:11:26] "GET /static/assets/index-D3_lHPk2.css HTTP/1.1" 200 24032
[09/Jul/2026 20:11:26] "GET /static/assets/index-D_QSfw6U.js HTTP/1.1" 200 429421
[09/Jul/2026 20:11:27] "GET /api/v1/auth/me HTTP/1.1" 200 23
Not Found: /favicon.ico
[09/Jul/2026 20:11:27] "GET /favicon.ico HTTP/1.1" 404 2726
[09/Jul/2026 20:11:27] "GET /static/assets/inter-latin-400-normal-C38fXH4l.woff2 HTTP/1.1" 200 23664
[09/Jul/2026 20:11:27] "GET /static/assets/inter-latin-600-normal-LgqL8muc.woff2 HTTP/1.1" 200 24452
[09/Jul/2026 20:11:27] "GET /static/assets/barlow-condensed-latin-700-normal-v1xN8_Wq.woff2 HTTP/1.1" 200 22444
[09/Jul/2026 20:11:27] "GET /static/assets/inter-latin-700-normal-Yt3aPRUw.woff2 HTTP/1.1" 200 24356
[09/Jul/2026 20:11:29] "POST /api/v1/auth/logout HTTP/1.1" 200 24
[09/Jul/2026 20:11:46] "POST /api/v1/auth/login HTTP/1.1" 200 151
[09/Jul/2026 20:11:46] "GET /api/v1/sites HTTP/1.1" 200 6996
[09/Jul/2026 20:11:46] "GET /api/v1/approvals/pending HTTP/1.1" 200 1483
[09/Jul/2026 20:11:46] "GET /api/v1/approvals/pending HTTP/1.1" 200 1483
[09/Jul/2026 20:11:51] "GET /api/v1/pms HTTP/1.1" 200 68
[09/Jul/2026 20:11:51] "GET /api/v1/sites HTTP/1.1" 200 6996
[09/Jul/2026 20:11:55] "GET /api/v1/users HTTP/1.1" 200 3642
[09/Jul/2026 20:26:46] "POST /api/v1/users HTTP/1.1" 201 123
[09/Jul/2026 20:26:46] "POST /api/v1/users/18/allocate HTTP/1.1" 200 233
[09/Jul/2026 20:26:46] "GET /api/v1/users HTTP/1.1" 200 3876
[09/Jul/2026 20:27:21] "POST /api/v1/users HTTP/1.1" 201 114
[09/Jul/2026 20:27:21] "POST /api/v1/users/19/allocate HTTP/1.1" 200 224
[09/Jul/2026 20:27:36] "POST /api/v1/sites/8/assign-pm HTTP/1.1" 200 536
[09/Jul/2026 20:27:36] "GET /api/v1/users HTTP/1.1" 200 4101
[09/Jul/2026 20:30:00] "GET / HTTP/1.1" 200 433
Not Found: /favicon.ico
[09/Jul/2026 20:30:00] "GET /favicon.ico HTTP/1.1" 404 2726
[09/Jul/2026 20:30:01] "GET /api/v1/auth/me HTTP/1.1" 200 157
[09/Jul/2026 20:30:01] "GET /static/assets/index-D3_lHPk2.css HTTP/1.1" 304 0
[09/Jul/2026 20:30:01] "GET /static/assets/index-D_QSfw6U.js HTTP/1.1" 304 0
[09/Jul/2026 20:30:01] "GET /static/assets/inter-latin-400-normal-C38fXH4l.woff2 HTTP/1.1" 304 0
[09/Jul/2026 20:30:01] "GET /static/assets/barlow-condensed-latin-700-normal-v1xN8_Wq.woff2 HTTP/1.1" 304 0
[09/Jul/2026 20:30:01] "GET /api/v1/approvals/pending HTTP/1.1" 200 23
[09/Jul/2026 20:30:01] "GET /static/assets/inter-latin-600-normal-LgqL8muc.woff2 HTTP/1.1" 304 0
[09/Jul/2026 20:30:01] "GET /api/v1/approvals/pending HTTP/1.1" 200 23
[09/Jul/2026 20:30:01] "GET /api/v1/sites HTTP/1.1" 200 7022
[09/Jul/2026 20:30:02] "GET /api/v1/auth/me HTTP/1.1" 200 157
[09/Jul/2026 20:30:02] "GET /api/v1/approvals/pending HTTP/1.1" 200 23
[09/Jul/2026 20:30:02] "GET /api/v1/approvals/pending HTTP/1.1" 200 23
[09/Jul/2026 20:30:02] "GET /api/v1/sites HTTP/1.1" 200 7022
[09/Jul/2026 20:30:07] "POST /api/v1/auth/logout HTTP/1.1" 200 24
[09/Jul/2026 20:30:07] "GET /static/assets/inter-latin-700-normal-Yt3aPRUw.woff2 HTTP/1.1" 304 0
[09/Jul/2026 20:30:29] "POST /api/v1/auth/login HTTP/1.1" 200 244
[09/Jul/2026 20:30:29] "GET /api/v1/sites HTTP/1.1" 200 538
[09/Jul/2026 20:30:29] "GET /api/v1/approvals/pending HTTP/1.1" 200 23
[09/Jul/2026 20:30:29] "GET /api/v1/approvals/pending HTTP/1.1" 200 23
[09/Jul/2026 20:30:29] "GET /api/v1/documents/list?site=8&doc_type=LM&status=DEPARTED HTTP/1.1" 200 2
[09/Jul/2026 20:30:29] "GET /api/v1/registers/dpr-tws?site=8 HTTP/1.1" 200 1419
[09/Jul/2026 20:30:29] "GET /api/v1/documents/list?site=8&doc_type=MAR HTTP/1.1" 200 2
[09/Jul/2026 20:30:29] "GET /api/v1/documents/list?site=8&doc_type=IR HTTP/1.1" 200 2
[09/Jul/2026 20:30:29] "GET /api/v1/documents/list?site=8&doc_type=PYR HTTP/1.1" 200 2
[09/Jul/2026 20:30:29] "GET /api/v1/documents/list?site=8&doc_type=MR HTTP/1.1" 200 2478
[09/Jul/2026 20:30:29] "GET /api/v1/dashboards/site/8 HTTP/1.1" 200 383
[09/Jul/2026 20:30:29] "GET /api/v1/sites/8/projects HTTP/1.1" 200 2
[09/Jul/2026 20:32:20] "GET /api/v1/approvals/pending HTTP/1.1" 200 23
[09/Jul/2026 20:32:52] "GET /api/v1/approvals/pending HTTP/1.1" 200 23
[09/Jul/2026 20:33:06] "POST /api/v1/auth/logout HTTP/1.1" 200 24
[09/Jul/2026 20:33:13] "POST /api/v1/auth/login HTTP/1.1" 200 244
[09/Jul/2026 20:33:13] "GET /api/v1/approvals/pending HTTP/1.1" 200 23
[09/Jul/2026 20:33:13] "GET /api/v1/approvals/pending HTTP/1.1" 200 23
[09/Jul/2026 20:33:13] "GET /api/v1/sites HTTP/1.1" 200 538
[09/Jul/2026 20:33:14] "GET /api/v1/documents/list?site=8&doc_type=PYR HTTP/1.1" 200 2
[09/Jul/2026 20:33:14] "GET /api/v1/registers/dpr-tws?site=8 HTTP/1.1" 200 1419
[09/Jul/2026 20:33:14] "GET /api/v1/sites/8/projects HTTP/1.1" 200 2
[09/Jul/2026 20:33:14] "GET /api/v1/documents/list?site=8&doc_type=MAR HTTP/1.1" 200 2
[09/Jul/2026 20:33:14] "GET /api/v1/documents/list?site=8&doc_type=MR HTTP/1.1" 200 2478
[09/Jul/2026 20:33:14] "GET /api/v1/documents/list?site=8&doc_type=IR HTTP/1.1" 200 2
[09/Jul/2026 20:33:14] "GET /api/v1/dashboards/site/8 HTTP/1.1" 200 383
[09/Jul/2026 20:33:14] "GET /api/v1/documents/list?site=8&doc_type=LM&status=DEPARTED HTTP/1.1" 200 2
[09/Jul/2026 20:33:32] "GET /api/v1/approvals/pending HTTP/1.1" 200 23
[09/Jul/2026 20:34:22] "GET /api/v1/approvals/pending HTTP/1.1" 200 23
[09/Jul/2026 20:34:27] "POST /api/v1/auth/logout HTTP/1.1" 200 24
[09/Jul/2026 20:34:34] "POST /api/v1/auth/login HTTP/1.1" 200 244
[09/Jul/2026 20:34:34] "GET /api/v1/approvals/pending HTTP/1.1" 200 23
[09/Jul/2026 20:34:34] "GET /api/v1/approvals/pending HTTP/1.1" 200 23
[09/Jul/2026 20:34:34] "GET /api/v1/sites HTTP/1.1" 200 538
[09/Jul/2026 20:34:35] "GET /api/v1/documents/list?site=8&doc_type=MAR HTTP/1.1" 200 2
[09/Jul/2026 20:34:35] "GET /api/v1/documents/list?site=8&doc_type=PYR HTTP/1.1" 200 2
[09/Jul/2026 20:34:35] "GET /api/v1/sites/8/projects HTTP/1.1" 200 2
[09/Jul/2026 20:34:35] "GET /api/v1/documents/list?site=8&doc_type=IR HTTP/1.1" 200 2
[09/Jul/2026 20:34:35] "GET /api/v1/documents/list?site=8&doc_type=LM&status=DEPARTED HTTP/1.1" 200 2
[09/Jul/2026 20:34:35] "GET /api/v1/registers/dpr-tws?site=8 HTTP/1.1" 200 1419
[09/Jul/2026 20:34:35] "GET /api/v1/dashboards/site/8 HTTP/1.1" 200 383
[09/Jul/2026 20:34:35] "GET /api/v1/documents/list?site=8&doc_type=MR HTTP/1.1" 200 2478
[09/Jul/2026 20:34:37] "GET / HTTP/1.1" 200 433
[09/Jul/2026 20:34:38] "GET /static/assets/index-D3_lHPk2.css HTTP/1.1" 200 24032
[09/Jul/2026 20:34:38] "GET /static/assets/index-D_QSfw6U.js HTTP/1.1" 200 429421
[09/Jul/2026 20:34:38] "GET /api/v1/pms HTTP/1.1" 200 99
[09/Jul/2026 20:34:39] "GET /api/v1/auth/me HTTP/1.1" 200 23
Not Found: /favicon.ico
[09/Jul/2026 20:34:39] "GET /favicon.ico HTTP/1.1" 404 2726
[09/Jul/2026 20:34:39] "GET /static/assets/inter-latin-400-normal-C38fXH4l.woff2 HTTP/1.1" 200 23664
[09/Jul/2026 20:34:39] "GET /static/assets/inter-latin-600-normal-LgqL8muc.woff2 HTTP/1.1" 200 24452
[09/Jul/2026 20:34:39] "GET /static/assets/barlow-condensed-latin-700-normal-v1xN8_Wq.woff2 HTTP/1.1" 200 22444
[09/Jul/2026 20:34:39] "GET /static/assets/inter-latin-700-normal-Yt3aPRUw.woff2 HTTP/1.1" 200 24356
[09/Jul/2026 20:35:58] "GET / HTTP/1.1" 200 433
[09/Jul/2026 20:35:58] "GET /api/v1/auth/me HTTP/1.1" 200 23
[09/Jul/2026 20:36:22] "POST /api/v1/sites/8/projects HTTP/1.1" 201 416
[09/Jul/2026 20:36:22] "GET /api/v1/projects/8 HTTP/1.1" 200 416
[09/Jul/2026 20:36:23] "GET /static/assets/ibm-plex-mono-latin-600-normal-BgSNZQsw.woff2 HTTP/1.1" 200 15620
[09/Jul/2026 20:36:33] "GET /api/v1/documents/list?site=8&doc_type=MAR&project=8 HTTP/1.1" 200 2
[09/Jul/2026 20:36:33] "GET /api/v1/documents/list?site=8&doc_type=PYR HTTP/1.1" 200 2
[09/Jul/2026 20:36:33] "GET /api/v1/documents/list?site=8&doc_type=IR&project=8 HTTP/1.1" 200 2
[09/Jul/2026 20:36:33] "GET /api/v1/documents/list?site=8&doc_type=LM&status=DEPARTED HTTP/1.1" 200 2
[09/Jul/2026 20:36:33] "GET /api/v1/documents/list?site=8&doc_type=MR HTTP/1.1" 200 2478
[09/Jul/2026 20:36:33] "GET /api/v1/dashboards/site/8 HTTP/1.1" 200 383
[09/Jul/2026 20:36:34] "GET /api/v1/registers/dpr-tws?site=8&project=8 HTTP/1.1" 200 1407
[09/Jul/2026 20:37:11] "GET /api/v1/projects/8 HTTP/1.1" 200 416
[09/Jul/2026 20:37:17] "GET /api/v1/dashboards/site/8 HTTP/1.1" 200 383
[09/Jul/2026 20:37:17] "GET /api/v1/documents/list?site=8&doc_type=PYR HTTP/1.1" 200 2
[09/Jul/2026 20:37:17] "GET /api/v1/documents/list?site=8&doc_type=IR&project=8 HTTP/1.1" 200 2
[09/Jul/2026 20:37:17] "GET /api/v1/documents/list?site=8&doc_type=LM&status=DEPARTED HTTP/1.1" 200 2
[09/Jul/2026 20:37:17] "GET /api/v1/documents/list?site=8&doc_type=MAR&project=8 HTTP/1.1" 200 2
[09/Jul/2026 20:37:17] "GET /api/v1/documents/list?site=8&doc_type=MR HTTP/1.1" 200 2478
[09/Jul/2026 20:37:17] "GET /api/v1/registers/dpr-tws?site=8&project=8 HTTP/1.1" 200 1407
[09/Jul/2026 20:37:18] "GET /api/v1/pms HTTP/1.1" 200 99
[09/Jul/2026 20:39:07] "POST /api/v1/sites/8/projects HTTP/1.1" 201 445
[09/Jul/2026 20:39:08] "GET /api/v1/projects/9 HTTP/1.1" 200 445
[09/Jul/2026 20:39:16] "GET /api/v1/documents/list?site=8&doc_type=PYR HTTP/1.1" 200 2
[09/Jul/2026 20:39:17] "GET /api/v1/documents/list?site=8&doc_type=LM&status=DEPARTED HTTP/1.1" 200 2
[09/Jul/2026 20:39:17] "GET /api/v1/documents/list?site=8&doc_type=IR&project=9 HTTP/1.1" 200 2
[09/Jul/2026 20:39:17] "GET /api/v1/documents/list?site=8&doc_type=MAR&project=9 HTTP/1.1" 200 2
[09/Jul/2026 20:39:17] "GET /api/v1/registers/dpr-tws?site=8&project=9 HTTP/1.1" 200 1407
[09/Jul/2026 20:39:17] "GET /api/v1/dashboards/site/8 HTTP/1.1" 200 383
[09/Jul/2026 20:39:17] "GET /api/v1/documents/list?site=8&doc_type=MR HTTP/1.1" 200 2478
[09/Jul/2026 20:39:33] "GET /api/v1/approvals/pending HTTP/1.1" 200 23
[09/Jul/2026 20:40:11] "GET /api/v1/approvals/pending HTTP/1.1" 200 23
[09/Jul/2026 20:41:00] "GET /api/v1/approvals/pending HTTP/1.1" 200 1483
[09/Jul/2026 20:41:48] "GET /api/v1/documents/list?site=8&doc_type=PYR HTTP/1.1" 200 2
[09/Jul/2026 20:41:48] "GET /api/v1/documents/list?site=8&doc_type=LM&status=DEPARTED HTTP/1.1" 200 2
[09/Jul/2026 20:41:48] "GET /api/v1/documents/list?site=8&doc_type=IR HTTP/1.1" 200 2
[09/Jul/2026 20:41:48] "GET /api/v1/sites/8/projects HTTP/1.1" 200 864
[09/Jul/2026 20:41:48] "GET /api/v1/registers/dpr-tws?site=8 HTTP/1.1" 200 1407
[09/Jul/2026 20:41:48] "GET /api/v1/documents/list?site=8&doc_type=MR HTTP/1.1" 200 2478
[09/Jul/2026 20:41:48] "GET /api/v1/documents/list?site=8&doc_type=MAR HTTP/1.1" 200 2
[09/Jul/2026 20:41:48] "GET /api/v1/dashboards/site/8 HTTP/1.1" 200 383
[09/Jul/2026 20:41:57] "GET /api/v1/documents/list?site=8&doc_type=LM&status=DEPARTED HTTP/1.1" 200 2
[09/Jul/2026 20:41:57] "GET /api/v1/documents/list?site=8&doc_type=MAR&project=9 HTTP/1.1" 200 2
[09/Jul/2026 20:41:57] "GET /api/v1/documents/list?site=8&doc_type=PYR HTTP/1.1" 200 2
[09/Jul/2026 20:41:57] "GET /api/v1/documents/list?site=8&doc_type=IR&project=9 HTTP/1.1" 200 2
[09/Jul/2026 20:41:57] "GET /api/v1/registers/dpr-tws?site=8&project=9 HTTP/1.1" 200 1407
[09/Jul/2026 20:41:57] "GET /api/v1/documents/list?site=8&doc_type=MR HTTP/1.1" 200 2478
[09/Jul/2026 20:41:57] "GET /api/v1/dashboards/site/8 HTTP/1.1" 200 383
[09/Jul/2026 20:41:59] "GET /api/v1/projects/9 HTTP/1.1" 200 445
[09/Jul/2026 20:42:06] "GET /api/v1/documents/list?site=8&doc_type=MAR HTTP/1.1" 200 2
[09/Jul/2026 20:42:06] "GET /api/v1/documents/list?site=8&doc_type=IR HTTP/1.1" 200 2
[09/Jul/2026 20:42:06] "GET /api/v1/documents/list?site=8&doc_type=LM&status=DEPARTED HTTP/1.1" 200 2
[09/Jul/2026 20:42:06] "GET /api/v1/documents/list?site=8&doc_type=MAR&project=9 HTTP/1.1" 200 2
[09/Jul/2026 20:42:06] "GET /api/v1/documents/list?site=8&doc_type=PYR HTTP/1.1" 200 2
[09/Jul/2026 20:42:06] "GET /api/v1/documents/list?site=8&doc_type=LM&status=DEPARTED HTTP/1.1" 200 2
[09/Jul/2026 20:42:06] "GET /api/v1/registers/dpr-tws?site=8&project=9 HTTP/1.1" 200 1407
[09/Jul/2026 20:42:06] "GET /api/v1/documents/list?site=8&doc_type=PYR HTTP/1.1" 200 2
[09/Jul/2026 20:42:06] "GET /api/v1/dashboards/site/8 HTTP/1.1" 200 383
[09/Jul/2026 20:42:06] "GET /api/v1/documents/list?site=8&doc_type=IR&project=9 HTTP/1.1" 200 2
[09/Jul/2026 20:42:06] "GET /api/v1/registers/dpr-tws?site=8 HTTP/1.1" 200 1407
[09/Jul/2026 20:42:06] "GET /api/v1/dashboards/site/8 HTTP/1.1" 200 383
[09/Jul/2026 20:42:06] "GET /api/v1/sites/8/projects HTTP/1.1" 200 864
[09/Jul/2026 20:42:06] "GET /api/v1/documents/list?site=8&doc_type=MR HTTP/1.1" 200 2478
[09/Jul/2026 20:42:06] "GET /api/v1/documents/list?site=8&doc_type=MR HTTP/1.1" 200 2478
[09/Jul/2026 20:42:06] "GET /api/v1/approvals/pending HTTP/1.1" 200 1483
[09/Jul/2026 20:42:22] "GET /api/v1/cost-heads HTTP/1.1" 200 384
[09/Jul/2026 20:42:22] "GET /api/v1/petty-cash/8 HTTP/1.1" 200 141
[09/Jul/2026 20:42:36] "GET /api/v1/approvals/pending HTTP/1.1" 200 23
[09/Jul/2026 20:42:37] "PUT /api/v1/petty-cash/8 HTTP/1.1" 200 297
[09/Jul/2026 20:42:37] "GET /api/v1/petty-cash/8 HTTP/1.1" 200 418
[09/Jul/2026 20:42:38] "GET /api/v1/petty-cash/8/entries HTTP/1.1" 200 304
[09/Jul/2026 20:42:39] "GET /api/v1/approvals/pending HTTP/1.1" 200 23
[09/Jul/2026 20:43:00] "GET /api/v1/approvals/pending HTTP/1.1" 200 23
[09/Jul/2026 20:44:34] "GET /api/v1/approvals/pending HTTP/1.1" 200 1483
[09/Jul/2026 20:44:42] "POST /api/v1/auth/logout HTTP/1.1" 200 24
[09/Jul/2026 20:44:54] "POST /api/v1/auth/login HTTP/1.1" 200 244
[09/Jul/2026 20:44:54] "GET /api/v1/approvals/pending HTTP/1.1" 200 23
[09/Jul/2026 20:44:55] "GET /api/v1/approvals/pending HTTP/1.1" 200 23
[09/Jul/2026 20:44:55] "GET /api/v1/sites HTTP/1.1" 200 538
[09/Jul/2026 20:44:55] "GET /api/v1/documents/list?site=8&doc_type=IR HTTP/1.1" 200 2
[09/Jul/2026 20:44:55] "GET /api/v1/documents/list?site=8&doc_type=MAR HTTP/1.1" 200 2
[09/Jul/2026 20:44:55] "GET /api/v1/documents/list?site=8&doc_type=PYR HTTP/1.1" 200 2
[09/Jul/2026 20:44:55] "GET /api/v1/documents/list?site=8&doc_type=LM&status=DEPARTED HTTP/1.1" 200 2
[09/Jul/2026 20:44:55] "GET /api/v1/registers/dpr-tws?site=8 HTTP/1.1" 200 1407
[09/Jul/2026 20:44:55] "GET /api/v1/documents/list?site=8&doc_type=MR HTTP/1.1" 200 2478
[09/Jul/2026 20:44:55] "GET /api/v1/sites/8/projects HTTP/1.1" 200 864
[09/Jul/2026 20:44:55] "GET /api/v1/dashboards/site/8 HTTP/1.1" 200 383
[09/Jul/2026 20:44:56] "GET /api/v1/documents/list?site=8&doc_type=IR HTTP/1.1" 200 2
[09/Jul/2026 20:44:56] "GET /api/v1/documents/list?site=8&doc_type=PYR HTTP/1.1" 200 2
[09/Jul/2026 20:44:56] "GET /api/v1/documents/list?site=8&doc_type=LM&status=DEPARTED HTTP/1.1" 200 2
[09/Jul/2026 20:44:56] "GET /api/v1/registers/dpr-tws?site=8 HTTP/1.1" 200 1407
[09/Jul/2026 20:44:56] "GET /api/v1/documents/list?site=8&doc_type=MAR HTTP/1.1" 200 2
[09/Jul/2026 20:44:56] "GET /api/v1/dashboards/site/8 HTTP/1.1" 200 383
[09/Jul/2026 20:44:56] "GET /api/v1/documents/list?site=8&doc_type=MR HTTP/1.1" 200 2478
[09/Jul/2026 20:44:56] "GET /api/v1/sites/8/projects HTTP/1.1" 200 864
[09/Jul/2026 20:44:59] "GET /api/v1/registers/dpr-tws?site=8 HTTP/1.1" 200 1407
[09/Jul/2026 20:44:59] "GET /api/v1/documents/list?site=8&doc_type=PYR HTTP/1.1" 200 2
[09/Jul/2026 20:44:59] "GET /api/v1/dashboards/site/8 HTTP/1.1" 200 383
[09/Jul/2026 20:44:59] "GET /api/v1/documents/list?site=8&doc_type=IR HTTP/1.1" 200 2
[09/Jul/2026 20:44:59] "GET /api/v1/documents/list?site=8&doc_type=MAR HTTP/1.1" 200 2
[09/Jul/2026 20:44:59] "GET /api/v1/documents/list?site=8&doc_type=LM&status=DEPARTED HTTP/1.1" 200 2
[09/Jul/2026 20:44:59] "GET /api/v1/sites/8/projects HTTP/1.1" 200 864
[09/Jul/2026 20:44:59] "GET /api/v1/documents/list?site=8&doc_type=MR HTTP/1.1" 200 2478
[09/Jul/2026 20:45:03] "GET /api/v1/approvals/pending HTTP/1.1" 200 23
[09/Jul/2026 20:45:07] "GET /api/v1/approvals/pending HTTP/1.1" 200 23
[09/Jul/2026 20:45:08] "GET /api/v1/approvals/pending HTTP/1.1" 200 23
[09/Jul/2026 20:45:10] "GET /api/v1/approvals/pending HTTP/1.1" 200 23
[09/Jul/2026 20:45:11] "GET /api/v1/registers/dpr-tws?site=8 HTTP/1.1" 200 1407
[09/Jul/2026 20:45:11] "GET /api/v1/dashboards/site/8 HTTP/1.1" 200 383
[09/Jul/2026 20:45:11] "GET /api/v1/documents/list?site=8&doc_type=PYR HTTP/1.1" 200 2
[09/Jul/2026 20:45:11] "GET /api/v1/documents/list?site=8&doc_type=LM&status=DEPARTED HTTP/1.1" 200 2
[09/Jul/2026 20:45:11] "GET /api/v1/documents/list?site=8&doc_type=IR HTTP/1.1" 200 2
[09/Jul/2026 20:45:11] "GET /api/v1/documents/list?site=8&doc_type=MAR HTTP/1.1" 200 2
[09/Jul/2026 20:45:11] "GET /api/v1/documents/list?site=8&doc_type=MR HTTP/1.1" 200 2478
[09/Jul/2026 20:45:11] "GET /api/v1/sites/8/projects HTTP/1.1" 200 864
[09/Jul/2026 20:45:20] "GET /api/v1/documents/list?site=8&doc_type=LM&status=DEPARTED HTTP/1.1" 200 2
[09/Jul/2026 20:45:20] "GET /api/v1/documents/list?site=8&doc_type=MAR HTTP/1.1" 200 2
[09/Jul/2026 20:45:20] "GET /api/v1/documents/list?site=8&doc_type=IR HTTP/1.1" 200 2
[09/Jul/2026 20:45:20] "GET /api/v1/documents/list?site=8&doc_type=PYR HTTP/1.1" 200 2
[09/Jul/2026 20:45:20] "GET /api/v1/dashboards/site/8 HTTP/1.1" 200 383
[09/Jul/2026 20:45:20] "GET /api/v1/registers/dpr-tws?site=8 HTTP/1.1" 200 1407
[09/Jul/2026 20:45:20] "GET /api/v1/sites/8/projects HTTP/1.1" 200 864
[09/Jul/2026 20:45:20] "GET /api/v1/documents/list?site=8&doc_type=MR HTTP/1.1" 200 2478
[09/Jul/2026 20:45:24] "GET /api/v1/approvals/pending HTTP/1.1" 200 23
[09/Jul/2026 20:45:47] "GET /api/v1/documents/list?site=8&doc_type=IR HTTP/1.1" 200 2
[09/Jul/2026 20:45:47] "GET /api/v1/documents/list?site=8&doc_type=MAR HTTP/1.1" 200 2
[09/Jul/2026 20:45:47] "GET /api/v1/documents/list?site=8&doc_type=LM&status=DEPARTED HTTP/1.1" 200 2
[09/Jul/2026 20:45:47] "GET /api/v1/documents/list?site=8&doc_type=PYR HTTP/1.1" 200 2
[09/Jul/2026 20:45:47] "GET /api/v1/dashboards/site/8 HTTP/1.1" 200 383
[09/Jul/2026 20:45:47] "GET /api/v1/registers/dpr-tws?site=8 HTTP/1.1" 200 1407
[09/Jul/2026 20:45:47] "GET /api/v1/documents/list?site=8&doc_type=MR HTTP/1.1" 200 2478
[09/Jul/2026 20:45:47] "GET /api/v1/sites/8/projects HTTP/1.1" 200 864
Bad Request: /api/v1/auth/login
[09/Jul/2026 20:47:43] "POST /api/v1/auth/login HTTP/1.1" 400 33
Bad Request: /api/v1/auth/login
[09/Jul/2026 20:47:55] "POST /api/v1/auth/login HTTP/1.1" 400 33
Bad Request: /api/v1/auth/login
[09/Jul/2026 20:48:34] "POST /api/v1/auth/login HTTP/1.1" 400 33
Bad Request: /api/v1/auth/login
[09/Jul/2026 20:49:09] "POST /api/v1/auth/login HTTP/1.1" 400 33
Bad Request: /api/v1/auth/login
[09/Jul/2026 20:50:20] "POST /api/v1/auth/login HTTP/1.1" 400 33
Bad Request: /api/v1/auth/login
[09/Jul/2026 20:51:52] "POST /api/v1/auth/login HTTP/1.1" 400 33
[09/Jul/2026 20:52:56] "POST /api/v1/auth/login HTTP/1.1" 200 151
[09/Jul/2026 20:52:56] "GET /api/v1/approvals/pending HTTP/1.1" 200 1483
[09/Jul/2026 20:52:56] "GET /api/v1/approvals/pending HTTP/1.1" 200 1483
[09/Jul/2026 20:52:56] "GET /api/v1/sites HTTP/1.1" 200 7022
[09/Jul/2026 20:52:57] "GET /static/assets/ibm-plex-mono-latin-600-normal-BgSNZQsw.woff2 HTTP/1.1" 200 15620
[09/Jul/2026 20:53:45] "GET / HTTP/1.1" 200 433
[09/Jul/2026 20:53:45] "GET /static/assets/index-D3_lHPk2.css HTTP/1.1" 200 24032
[09/Jul/2026 20:53:45] "GET /static/assets/index-D_QSfw6U.js HTTP/1.1" 200 429421
Not Found: /favicon.ico
[09/Jul/2026 20:53:46] "GET /favicon.ico HTTP/1.1" 404 2726
[09/Jul/2026 20:53:46] "GET /api/v1/auth/me HTTP/1.1" 200 157
[09/Jul/2026 20:53:46] "GET /api/v1/approvals/pending HTTP/1.1" 200 23
[09/Jul/2026 20:53:46] "GET /static/assets/inter-latin-400-normal-C38fXH4l.woff2 HTTP/1.1" 200 23664
[09/Jul/2026 20:53:46] "GET /api/v1/sites HTTP/1.1" 200 7022
[09/Jul/2026 20:53:46] "GET /static/assets/barlow-condensed-latin-700-normal-v1xN8_Wq.woff2 HTTP/1.1" 200 22444
[09/Jul/2026 20:53:46] "GET /static/assets/inter-latin-600-normal-LgqL8muc.woff2 HTTP/1.1" 200 24452
[09/Jul/2026 20:53:47] "GET /api/v1/approvals/pending HTTP/1.1" 200 23
[09/Jul/2026 20:53:50] "GET /api/v1/dashboards/portfolio HTTP/1.1" 200 2491
[09/Jul/2026 20:53:51] "GET /static/assets/ibm-plex-mono-latin-500-normal-DSY6xOcd.woff2 HTTP/1.1" 200 14888
[09/Jul/2026 20:53:51] "GET /static/assets/inter-latin-700-normal-Yt3aPRUw.woff2 HTTP/1.1" 200 24356
[09/Jul/2026 20:53:51] "GET /static/assets/ibm-plex-mono-latin-600-normal-BgSNZQsw.woff2 HTTP/1.1" 200 15620
[09/Jul/2026 20:54:04] "GET /api/v1/registers/dpr-tws?site=9 HTTP/1.1" 200 1419
[09/Jul/2026 20:54:04] "GET /api/v1/documents/list?site=9&doc_type=MAR HTTP/1.1" 200 2
[09/Jul/2026 20:54:04] "GET /api/v1/sites/9/projects HTTP/1.1" 200 2
[09/Jul/2026 20:54:04] "GET /api/v1/documents/list?site=9&doc_type=PYR HTTP/1.1" 200 2
[09/Jul/2026 20:54:04] "GET /api/v1/dashboards/site/9 HTTP/1.1" 200 383
[09/Jul/2026 20:54:04] "GET /api/v1/documents/list?site=9&doc_type=LM&status=DEPARTED HTTP/1.1" 200 2
[09/Jul/2026 20:54:04] "GET /api/v1/dashboards/ho HTTP/1.1" 200 136
[09/Jul/2026 20:54:04] "GET /api/v1/documents/list?site=9&doc_type=MR HTTP/1.1" 200 2
[09/Jul/2026 20:54:04] "GET /api/v1/registers/mr HTTP/1.1" 200 3056
[09/Jul/2026 20:54:04] "GET /api/v1/documents/list?site=9&doc_type=IR HTTP/1.1" 200 2
[09/Jul/2026 20:54:04] "GET /static/assets/ibm-plex-mono-latin-500-normal-DSY6xOcd.woff2 HTTP/1.1" 200 14888
[09/Jul/2026 20:55:48] "GET /api/v1/documents/list?site=10&doc_type=PYR HTTP/1.1" 200 2
[09/Jul/2026 20:55:48] "GET /api/v1/documents/list?site=10&doc_type=LM&status=DEPARTED HTTP/1.1" 200 2
[09/Jul/2026 20:55:48] "GET /api/v1/documents/list?site=10&doc_type=MAR HTTP/1.1" 200 2
[09/Jul/2026 20:55:48] "GET /api/v1/documents/list?site=10&doc_type=IR HTTP/1.1" 200 2
[09/Jul/2026 20:55:48] "GET /api/v1/sites/10/projects HTTP/1.1" 200 2
[09/Jul/2026 20:55:48] "GET /api/v1/documents/list?site=10&doc_type=MR HTTP/1.1" 200 2
[09/Jul/2026 20:55:48] "GET /api/v1/registers/dpr-tws?site=10 HTTP/1.1" 200 1434
[09/Jul/2026 20:55:48] "GET /api/v1/dashboards/site/10 HTTP/1.1" 200 383
[09/Jul/2026 20:55:55] "GET /api/v1/documents/DPR-CNR-001 HTTP/1.1" 200 2973
[09/Jul/2026 20:55:55] "GET /media/attachments/DPR-CNR-001/teledex-ac9205s-black-400.jpg HTTP/1.1" 200 14888
[09/Jul/2026 20:55:55] "GET /media/attachments/DPR-CNR-001/sandplanet_logo.jpg HTTP/1.1" 200 136530
[09/Jul/2026 20:55:56] "GET /media/attachments/DPR-CNR-001/lgtv.jpg HTTP/1.1" 200 77739
[09/Jul/2026 20:55:56] "GET /media/attachments/DPR-CNR-001/AEROSOUND.jpg HTTP/1.1" 200 17857
[09/Jul/2026 20:56:35] "GET /media/pdf/DPR-CNR-001/R0-issue.pdf HTTP/1.1" 200 308169
[09/Jul/2026 20:57:14] "GET /media/pdf/DPR-CNR-001/R0-verified.pdf HTTP/1.1" 200 308173
[09/Jul/2026 20:59:16] "GET /api/v1/approvals/pending HTTP/1.1" 200 23
[09/Jul/2026 20:59:16] "GET /api/v1/documents/list?site=10&doc_type=MR HTTP/1.1" 200 2
[09/Jul/2026 20:59:16] "GET /api/v1/documents/list?site=10&doc_type=IR HTTP/1.1" 200 2
[09/Jul/2026 20:59:16] "GET /api/v1/documents/list?site=10&doc_type=MAR HTTP/1.1" 200 2
[09/Jul/2026 20:59:16] "GET /api/v1/documents/list?site=10&doc_type=LM&status=DEPARTED HTTP/1.1" 200 2
[09/Jul/2026 20:59:16] "GET /api/v1/registers/dpr-tws?site=10 HTTP/1.1" 200 1434
[09/Jul/2026 20:59:16] "GET /api/v1/sites/10/projects HTTP/1.1" 200 2
[09/Jul/2026 20:59:16] "GET /api/v1/documents/list?site=10&doc_type=PYR HTTP/1.1" 200 2
[09/Jul/2026 20:59:16] "GET /api/v1/dashboards/site/10 HTTP/1.1" 200 383
[09/Jul/2026 21:00:00] "GET /api/v1/documents/list?site=9&doc_type=LM&status=DEPARTED HTTP/1.1" 200 2
[09/Jul/2026 21:00:00] "GET /api/v1/documents/list?site=9&doc_type=MAR HTTP/1.1" 200 2
[09/Jul/2026 21:00:00] "GET /api/v1/documents/list?site=9&doc_type=MR HTTP/1.1" 200 2
[09/Jul/2026 21:00:00] "GET /api/v1/documents/list?site=9&doc_type=PYR HTTP/1.1" 200 2
[09/Jul/2026 21:00:00] "GET /api/v1/sites/9/projects HTTP/1.1" 200 2
[09/Jul/2026 21:00:00] "GET /api/v1/documents/list?site=9&doc_type=IR HTTP/1.1" 200 2
[09/Jul/2026 21:00:00] "GET /api/v1/registers/dpr-tws?site=9 HTTP/1.1" 200 1419
[09/Jul/2026 21:00:00] "GET /api/v1/dashboards/site/9 HTTP/1.1" 200 383
[09/Jul/2026 21:00:07] "GET /api/v1/sites/1/projects HTTP/1.1" 200 2
[09/Jul/2026 21:00:07] "GET /api/v1/documents/list?site=1&doc_type=LM&status=DEPARTED HTTP/1.1" 200 2
[09/Jul/2026 21:00:07] "GET /api/v1/registers/dpr-tws?site=1 HTTP/1.1" 200 1432
[09/Jul/2026 21:00:07] "GET /api/v1/dashboards/site/1 HTTP/1.1" 200 572
[09/Jul/2026 21:00:07] "GET /api/v1/documents/list?site=1&doc_type=PYR HTTP/1.1" 200 1938
[09/Jul/2026 21:00:07] "GET /api/v1/documents/list?site=1&doc_type=MAR HTTP/1.1" 200 2052
[09/Jul/2026 21:00:07] "GET /api/v1/documents/list?site=1&doc_type=IR HTTP/1.1" 200 3109
[09/Jul/2026 21:00:07] "GET /api/v1/documents/list?site=1&doc_type=MR HTTP/1.1" 200 7132
[09/Jul/2026 21:01:23] "GET /api/v1/documents/list?site=11&doc_type=IR HTTP/1.1" 200 2
[09/Jul/2026 21:01:23] "GET /api/v1/documents/list?site=11&doc_type=PYR HTTP/1.1" 200 2
[09/Jul/2026 21:01:23] "GET /api/v1/documents/list?site=11&doc_type=MAR HTTP/1.1" 200 2
[09/Jul/2026 21:01:23] "GET /api/v1/sites/11/projects HTTP/1.1" 200 2
[09/Jul/2026 21:01:23] "GET /api/v1/documents/list?site=11&doc_type=MR HTTP/1.1" 200 2
[09/Jul/2026 21:01:23] "GET /api/v1/documents/list?site=11&doc_type=LM&status=DEPARTED HTTP/1.1" 200 2
[09/Jul/2026 21:01:23] "GET /api/v1/dashboards/site/11 HTTP/1.1" 200 383
[09/Jul/2026 21:01:23] "GET /api/v1/registers/dpr-tws?site=11 HTTP/1.1" 200 1419
[09/Jul/2026 21:01:29] "GET /api/v1/documents/list?site=2&doc_type=PYR HTTP/1.1" 200 2
[09/Jul/2026 21:01:29] "GET /api/v1/documents/list?site=2&doc_type=LM&status=DEPARTED HTTP/1.1" 200 2
[09/Jul/2026 21:01:29] "GET /api/v1/documents/list?site=2&doc_type=IR HTTP/1.1" 200 2
[09/Jul/2026 21:01:29] "GET /api/v1/registers/dpr-tws?site=2 HTTP/1.1" 200 1411
[09/Jul/2026 21:01:29] "GET /api/v1/documents/list?site=2&doc_type=MAR HTTP/1.1" 200 2
[09/Jul/2026 21:01:29] "GET /api/v1/sites/2/projects HTTP/1.1" 200 750
[09/Jul/2026 21:01:29] "GET /api/v1/dashboards/site/2 HTTP/1.1" 200 383
[09/Jul/2026 21:01:29] "GET /api/v1/documents/list?site=2&doc_type=MR HTTP/1.1" 200 2450
[09/Jul/2026 21:01:49] "GET /api/v1/documents/list?site=2&doc_type=LM&status=DEPARTED HTTP/1.1" 200 2
[09/Jul/2026 21:01:49] "GET /api/v1/documents/list?site=2&doc_type=PYR HTTP/1.1" 200 2
[09/Jul/2026 21:01:49] "GET /api/v1/documents/list?site=2&doc_type=IR&project=6 HTTP/1.1" 200 2
[09/Jul/2026 21:01:49] "GET /api/v1/documents/list?site=2&doc_type=MAR&project=6 HTTP/1.1" 200 2
[09/Jul/2026 21:01:49] "GET /api/v1/registers/dpr-tws?site=2&project=6 HTTP/1.1" 200 1411
[09/Jul/2026 21:01:49] "GET /api/v1/dashboards/site/2 HTTP/1.1" 200 383
[09/Jul/2026 21:01:49] "GET /api/v1/documents/list?site=2&doc_type=MR HTTP/1.1" 200 2450
[09/Jul/2026 21:01:53] "GET /api/v1/documents/list?site=2&doc_type=PYR HTTP/1.1" 200 2
[09/Jul/2026 21:01:53] "GET /api/v1/documents/list?site=2&doc_type=IR&project=7 HTTP/1.1" 200 2
[09/Jul/2026 21:01:53] "GET /api/v1/documents/list?site=2&doc_type=LM&status=DEPARTED HTTP/1.1" 200 2
[09/Jul/2026 21:01:53] "GET /api/v1/documents/list?site=2&doc_type=MR HTTP/1.1" 200 2450
[09/Jul/2026 21:01:53] "GET /api/v1/dashboards/site/2 HTTP/1.1" 200 383
[09/Jul/2026 21:01:53] "GET /api/v1/registers/dpr-tws?site=2&project=7 HTTP/1.1" 200 1411
[09/Jul/2026 21:01:53] "GET /api/v1/documents/list?site=2&doc_type=MAR&project=7 HTTP/1.1" 200 2
[09/Jul/2026 21:02:01] "GET /api/v1/documents/list?site=4&doc_type=MAR HTTP/1.1" 200 2
[09/Jul/2026 21:02:01] "GET /api/v1/registers/dpr-tws?site=4 HTTP/1.1" 200 1423
[09/Jul/2026 21:02:01] "GET /api/v1/documents/list?site=4&doc_type=LM&status=DEPARTED HTTP/1.1" 200 2
[09/Jul/2026 21:02:01] "GET /api/v1/documents/list?site=4&doc_type=IR HTTP/1.1" 200 2
[09/Jul/2026 21:02:01] "GET /api/v1/dashboards/site/4 HTTP/1.1" 200 383
[09/Jul/2026 21:02:01] "GET /api/v1/documents/list?site=4&doc_type=MR HTTP/1.1" 200 4579
[09/Jul/2026 21:02:01] "GET /api/v1/documents/list?site=4&doc_type=PYR HTTP/1.1" 200 13819
[09/Jul/2026 21:02:01] "GET /api/v1/sites/4/projects HTTP/1.1" 200 1324
[09/Jul/2026 21:02:22] "GET /api/v1/dashboards/ho HTTP/1.1" 200 136
[09/Jul/2026 21:02:22] "GET /api/v1/registers/mr HTTP/1.1" 200 3056
[09/Jul/2026 21:02:44] "GET /api/v1/items?search= HTTP/1.1" 200 849
[09/Jul/2026 21:02:44] "GET /api/v1/item-categories HTTP/1.1" 200 723
[09/Jul/2026 21:02:46] "GET /api/v1/suppliers?search= HTTP/1.1" 200 449
[09/Jul/2026 21:02:49] "GET /api/v1/dashboards/ho HTTP/1.1" 200 136
[09/Jul/2026 21:02:49] "GET /api/v1/registers/mr HTTP/1.1" 200 3056
[09/Jul/2026 21:02:51] "GET /api/v1/dashboards/ho HTTP/1.1" 200 136
[09/Jul/2026 21:02:51] "GET /api/v1/registers/pr HTTP/1.1" 200 4039
[09/Jul/2026 21:02:52] "GET /api/v1/dashboards/ho HTTP/1.1" 200 136
[09/Jul/2026 21:02:52] "GET /api/v1/registers/po HTTP/1.1" 200 1569
[09/Jul/2026 21:02:55] "GET /api/v1/registers/lm HTTP/1.1" 200 345
[09/Jul/2026 21:02:55] "GET /api/v1/dashboards/ho HTTP/1.1" 200 136
[09/Jul/2026 21:02:57] "GET /api/v1/registers/grn HTTP/1.1" 200 310
[09/Jul/2026 21:02:57] "GET /api/v1/dashboards/ho HTTP/1.1" 200 136
[09/Jul/2026 21:03:00] "GET /api/v1/pending-items HTTP/1.1" 200 308
[09/Jul/2026 21:03:00] "GET /api/v1/dashboards/ho HTTP/1.1" 200 136
[09/Jul/2026 21:03:02] "GET /api/v1/dashboards/ho HTTP/1.1" 200 136
[09/Jul/2026 21:03:03] "GET /api/v1/registers/mr HTTP/1.1" 200 3056
[09/Jul/2026 21:03:35] "GET /api/v1/employees HTTP/1.1" 200 875
[09/Jul/2026 21:03:35] "GET /api/v1/manpower-categories HTTP/1.1" 200 2664
[09/Jul/2026 21:03:36] "GET /api/v1/pms HTTP/1.1" 200 99
[09/Jul/2026 21:03:36] "GET /api/v1/sites HTTP/1.1" 200 7022
[09/Jul/2026 21:24:09] "GET / HTTP/1.1" 200 433
[09/Jul/2026 21:24:10] "GET /static/assets/index-D3_lHPk2.css HTTP/1.1" 200 24032
[09/Jul/2026 21:24:10] "GET /static/assets/index-D_QSfw6U.js HTTP/1.1" 200 429421
[09/Jul/2026 21:24:11] "GET /static/assets/inter-latin-400-normal-C38fXH4l.woff2 HTTP/1.1" 200 23664
[09/Jul/2026 21:24:11] "GET /api/v1/auth/me HTTP/1.1" 200 291
[09/Jul/2026 21:24:12] "GET /api/v1/sites HTTP/1.1" 200 588
[09/Jul/2026 21:24:12] "GET /static/assets/barlow-condensed-latin-700-normal-v1xN8_Wq.woff2 HTTP/1.1" 200 22444
[09/Jul/2026 21:24:12] "GET /static/assets/inter-latin-700-normal-Yt3aPRUw.woff2 HTTP/1.1" 200 24356
[09/Jul/2026 21:24:13] "GET /static/assets/inter-latin-600-normal-LgqL8muc.woff2 HTTP/1.1" 200 24452
[09/Jul/2026 21:24:13] "GET /api/v1/dashboards/site/4 HTTP/1.1" 200 383
[09/Jul/2026 21:24:13] "GET /api/v1/registers/dpr-tws?site=4 HTTP/1.1" 200 1423
[09/Jul/2026 21:24:13] "GET /api/v1/documents/list?site=4&doc_type=MAR HTTP/1.1" 200 2
[09/Jul/2026 21:24:13] "GET /api/v1/documents/list?site=4&doc_type=LM&status=DEPARTED HTTP/1.1" 200 2
[09/Jul/2026 21:24:13] "GET /api/v1/sites/4/projects HTTP/1.1" 200 1280
[09/Jul/2026 21:24:13] "GET /api/v1/documents/list?site=4&doc_type=PYR HTTP/1.1" 200 13819
[09/Jul/2026 21:24:13] "GET /api/v1/documents/list?site=4&doc_type=IR HTTP/1.1" 200 2
[09/Jul/2026 21:24:13] "GET /api/v1/documents/list?site=4&doc_type=MR HTTP/1.1" 200 4579
[09/Jul/2026 21:24:13] "GET /static/assets/ibm-plex-mono-latin-600-normal-BgSNZQsw.woff2 HTTP/1.1" 200 15620
[09/Jul/2026 21:24:13] "GET /static/assets/ibm-plex-mono-latin-500-normal-DSY6xOcd.woff2 HTTP/1.1" 200 14888
[09/Jul/2026 21:24:19] "GET /api/v1/projects/1/programme HTTP/1.1" 200 1699
[09/Jul/2026 21:24:19] "GET /api/v1/manpower-categories HTTP/1.1" 200 2664
[09/Jul/2026 21:24:19] "GET /api/v1/projects/5/programme HTTP/1.1" 200 2
[09/Jul/2026 21:38:25] "GET /api/v1/approvals/pending HTTP/1.1" 200 23
[09/Jul/2026 21:38:31] "GET /api/v1/documents/list?site=8&doc_type=PYR HTTP/1.1" 200 2
[09/Jul/2026 21:38:31] "GET /api/v1/documents/list?site=8&doc_type=MAR HTTP/1.1" 200 2
[09/Jul/2026 21:38:31] "GET /api/v1/registers/dpr-tws?site=8 HTTP/1.1" 200 1407
[09/Jul/2026 21:38:31] "GET /api/v1/sites/8/projects HTTP/1.1" 200 864
[09/Jul/2026 21:38:31] "GET /api/v1/documents/list?site=8&doc_type=IR HTTP/1.1" 200 2
[09/Jul/2026 21:38:31] "GET /api/v1/documents/list?site=8&doc_type=MR HTTP/1.1" 200 2478
[09/Jul/2026 21:38:32] "GET /api/v1/documents/list?site=8&doc_type=LM&status=DEPARTED HTTP/1.1" 200 2
[09/Jul/2026 21:38:32] "GET /api/v1/dashboards/site/8 HTTP/1.1" 200 383
[09/Jul/2026 21:38:47] "GET /api/v1/documents/list?site=8&doc_type=PYR HTTP/1.1" 200 2
[09/Jul/2026 21:38:47] "GET /api/v1/registers/dpr-tws?site=8&project=9 HTTP/1.1" 200 1407
[09/Jul/2026 21:38:47] "GET /api/v1/documents/list?site=8&doc_type=MAR&project=9 HTTP/1.1" 200 2
[09/Jul/2026 21:38:47] "GET /api/v1/documents/list?site=8&doc_type=IR&project=9 HTTP/1.1" 200 2
[09/Jul/2026 21:38:47] "GET /api/v1/documents/list?site=8&doc_type=LM&status=DEPARTED HTTP/1.1" 200 2
[09/Jul/2026 21:38:47] "GET /api/v1/dashboards/site/8 HTTP/1.1" 200 383
[09/Jul/2026 21:38:47] "GET /api/v1/documents/list?site=8&doc_type=MR HTTP/1.1" 200 2478
[09/Jul/2026 21:39:18] "GET /api/v1/documents/list?site=8&doc_type=IR&project=8 HTTP/1.1" 200 2
[09/Jul/2026 21:39:18] "GET /api/v1/documents/list?site=8&doc_type=PYR HTTP/1.1" 200 2
[09/Jul/2026 21:39:18] "GET /api/v1/documents/list?site=8&doc_type=LM&status=DEPARTED HTTP/1.1" 200 2
[09/Jul/2026 21:39:18] "GET /api/v1/registers/dpr-tws?site=8&project=8 HTTP/1.1" 200 1407
[09/Jul/2026 21:39:19] "GET /api/v1/dashboards/site/8 HTTP/1.1" 200 383
[09/Jul/2026 21:39:19] "GET /api/v1/documents/list?site=8&doc_type=MAR&project=8 HTTP/1.1" 200 2
[09/Jul/2026 21:39:19] "GET /api/v1/documents/list?site=8&doc_type=MR HTTP/1.1" 200 2478
[09/Jul/2026 21:39:49] "GET /api/v1/documents/list?site=8&doc_type=MAR&project=9 HTTP/1.1" 200 2
[09/Jul/2026 21:39:49] "GET /api/v1/documents/list?site=8&doc_type=PYR HTTP/1.1" 200 2
[09/Jul/2026 21:39:49] "GET /api/v1/documents/list?site=8&doc_type=LM&status=DEPARTED HTTP/1.1" 200 2
[09/Jul/2026 21:39:49] "GET /api/v1/documents/list?site=8&doc_type=IR&project=9 HTTP/1.1" 200 2
[09/Jul/2026 21:39:49] "GET /api/v1/registers/dpr-tws?site=8&project=9 HTTP/1.1" 200 1407
[09/Jul/2026 21:39:49] "GET /api/v1/dashboards/site/8 HTTP/1.1" 200 383
[09/Jul/2026 21:39:49] "GET /api/v1/documents/list?site=8&doc_type=MR HTTP/1.1" 200 2478
[09/Jul/2026 21:40:20] "GET /api/v1/projects/9 HTTP/1.1" 200 445
[09/Jul/2026 21:40:27] "GET /api/v1/projects/9/programme.pdf HTTP/1.1" 200 104503

(process:28844): GLib-GIO-WARNING **: 21:40:28.670: Unexpectedly, UWP app `Microsoft.ScreenSketch_11.2602.49.0_x64__8wekyb3d8bbwe' (AUMId `Microsoft.ScreenSketch_8wekyb3d8bbwe!App') supports 29 extensions but has no verbs

(process:28844): GLib-GIO-WARNING **: 21:40:28.893: Unexpectedly, UWP app `Clipchamp.Clipchamp_4.5.10720.0_x64__yxz26nhyzhsrt' (AUMId `Clipchamp.Clipchamp_yxz26nhyzhsrt!App') supports 41 extensions but has no verbs

(process:28844): GLib-GIO-WARNING **: 21:40:29.019: Unexpectedly, UWP app `Microsoft.OutlookForWindows_1.2026.623.400_x64__8wekyb3d8bbwe' (AUMId `Microsoft.OutlookForWindows_8wekyb3d8bbwe!Microsoft.OutlookforWindows') supports 4 extensions but has no verbs
[09/Jul/2026 21:40:58] "GET /api/v1/projects/9/programme HTTP/1.1" 200 2
[09/Jul/2026 21:40:58] "GET /api/v1/projects/9 HTTP/1.1" 200 445
[09/Jul/2026 22:09:49] "POST /api/v1/documents HTTP/1.1" 201 3751
[09/Jul/2026 22:10:42] "POST /api/v1/documents/DPR-VKR-002/attachments HTTP/1.1" 201 350
[09/Jul/2026 22:10:42] "GET /api/v1/documents/DPR-VKR-002 HTTP/1.1" 200 4101
[09/Jul/2026 22:10:43] "GET /media/attachments/DPR-VKR-002/WhatsApp_Image_2026-07-09_at_08.26.36.jpeg HTTP/1.1" 200 150385
[09/Jul/2026 22:11:12] "POST /api/v1/documents/DPR-VKR-002/attachments HTTP/1.1" 201 342
[09/Jul/2026 22:11:12] "GET /api/v1/documents/DPR-VKR-002 HTTP/1.1" 200 4444
[09/Jul/2026 22:11:12] "GET /media/attachments/DPR-VKR-002/WhatsApp_Image_2026-07-09_at_10.56.18.jpeg HTTP/1.1" 200 187980
[09/Jul/2026 22:12:42] "POST /api/v1/documents/DPR-VKR-002/attachments HTTP/1.1" 201 342
[09/Jul/2026 22:12:42] "GET /api/v1/documents/DPR-VKR-002 HTTP/1.1" 200 4787
[09/Jul/2026 22:12:43] "GET /media/attachments/DPR-VKR-002/WhatsApp_Image_2026-07-09_at_14.46.17.jpeg HTTP/1.1" 200 200263
[09/Jul/2026 22:13:27] "POST /api/v1/documents/DPR-VKR-002/attachments HTTP/1.1" 201 360
[09/Jul/2026 22:13:27] "GET /api/v1/documents/DPR-VKR-002 HTTP/1.1" 200 5148
[09/Jul/2026 22:13:28] "GET /media/attachments/DPR-VKR-002/WhatsApp_Image_2026-07-09_at_10_O14ky8w.56.18.jpeg HTTP/1.1" 200 187980
[09/Jul/2026 22:14:05] "POST /api/v1/documents/DPR-VKR-002/attachments HTTP/1.1" 201 349
[09/Jul/2026 22:14:06] "GET /api/v1/documents/DPR-VKR-002 HTTP/1.1" 200 5498
[09/Jul/2026 22:14:06] "GET /media/attachments/DPR-VKR-002/WhatsApp_Image_2026-07-09_at_16.12.40.jpeg HTTP/1.1" 200 238532
[09/Jul/2026 22:15:20] "PATCH /api/v1/documents/DPR-VKR-002 HTTP/1.1" 200 5529
[09/Jul/2026 22:15:22] "POST /api/v1/documents/DPR-VKR-002/actions/issue HTTP/1.1" 200 6009
[09/Jul/2026 22:15:22] "GET /api/v1/registers/dpr-tws?site=4 HTTP/1.1" 200 1437
[09/Jul/2026 22:15:22] "GET /api/v1/documents/list?site=4&doc_type=IR HTTP/1.1" 200 2
[09/Jul/2026 22:15:22] "GET /api/v1/documents/list?site=4&doc_type=MAR HTTP/1.1" 200 2
[09/Jul/2026 22:15:22] "GET /api/v1/documents/list?site=4&doc_type=LM&status=DEPARTED HTTP/1.1" 200 2
[09/Jul/2026 22:15:22] "GET /api/v1/documents/list?site=4&doc_type=MR HTTP/1.1" 200 4579
[09/Jul/2026 22:15:22] "GET /api/v1/documents/list?site=4&doc_type=PYR HTTP/1.1" 200 13819
[09/Jul/2026 22:15:22] "GET /api/v1/sites/4/projects HTTP/1.1" 200 1280
[09/Jul/2026 22:15:22] "GET /api/v1/dashboards/site/4 HTTP/1.1" 200 416
[09/Jul/2026 22:15:30] "GET /api/v1/documents/DPR-VKR-002 HTTP/1.1" 200 6009
[09/Jul/2026 22:15:57] "GET /media/pdf/DPR-VKR-002/R0-issue.pdf HTTP/1.1" 200 1093214
[09/Jul/2026 22:17:45] "GET /api/v1/documents/list?site=4&doc_type=MAR HTTP/1.1" 200 2
[09/Jul/2026 22:17:45] "GET /api/v1/registers/dpr-tws?site=4 HTTP/1.1" 200 1437
[09/Jul/2026 22:17:45] "GET /api/v1/documents/list?site=4&doc_type=LM&status=DEPARTED HTTP/1.1" 200 2
[09/Jul/2026 22:17:45] "GET /api/v1/sites/4/projects HTTP/1.1" 200 1280
[09/Jul/2026 22:17:45] "GET /api/v1/dashboards/site/4 HTTP/1.1" 200 416
[09/Jul/2026 22:17:45] "GET /api/v1/documents/list?site=4&doc_type=MR HTTP/1.1" 200 4579
[09/Jul/2026 22:17:45] "GET /api/v1/documents/list?site=4&doc_type=PYR HTTP/1.1" 200 13819
[09/Jul/2026 22:17:45] "GET /api/v1/documents/list?site=4&doc_type=IR HTTP/1.1" 200 2
[09/Jul/2026 22:17:52] "GET /api/v1/manpower-categories HTTP/1.1" 200 2664
Bad Request: /api/v1/documents
[09/Jul/2026 22:25:33] "POST /api/v1/documents HTTP/1.1" 400 55
Bad Request: /api/v1/documents
[09/Jul/2026 22:25:45] "POST /api/v1/documents HTTP/1.1" 400 55
Bad Request: /api/v1/documents
[09/Jul/2026 22:25:46] "POST /api/v1/documents HTTP/1.1" 400 55
Bad Request: /api/v1/documents
[09/Jul/2026 22:25:46] "POST /api/v1/documents HTTP/1.1" 400 55
Bad Request: /api/v1/documents
[09/Jul/2026 22:25:47] "POST /api/v1/documents HTTP/1.1" 400 55
Bad Request: /api/v1/documents
[09/Jul/2026 22:25:54] "POST /api/v1/documents HTTP/1.1" 400 55
Bad Request: /api/v1/documents
[09/Jul/2026 22:25:54] "POST /api/v1/documents HTTP/1.1" 400 55
Bad Request: /api/v1/documents
[09/Jul/2026 22:25:55] "POST /api/v1/documents HTTP/1.1" 400 55
Bad Request: /api/v1/documents
[09/Jul/2026 22:25:55] "POST /api/v1/documents HTTP/1.1" 400 55
[09/Jul/2026 22:25:59] "GET /api/v1/registers/dpr-tws?site=4 HTTP/1.1" 200 1437
[09/Jul/2026 22:25:59] "GET /api/v1/dashboards/site/4 HTTP/1.1" 200 416
[09/Jul/2026 22:25:59] "GET /api/v1/documents/list?site=4&doc_type=LM&status=DEPARTED HTTP/1.1" 200 2
[09/Jul/2026 22:25:59] "GET /api/v1/documents/list?site=4&doc_type=IR HTTP/1.1" 200 2
[09/Jul/2026 22:25:59] "GET /api/v1/documents/list?site=4&doc_type=MAR HTTP/1.1" 200 2
[09/Jul/2026 22:25:59] "GET /api/v1/sites/4/projects HTTP/1.1" 200 1280
[09/Jul/2026 22:25:59] "GET /api/v1/documents/list?site=4&doc_type=MR HTTP/1.1" 200 4579
[09/Jul/2026 22:25:59] "GET /api/v1/documents/list?site=4&doc_type=PYR HTTP/1.1" 200 13819
[09/Jul/2026 22:26:02] "GET /api/v1/manpower-categories HTTP/1.1" 200 2664
[09/Jul/2026 22:26:07] "GET /api/v1/documents/list?site=4&doc_type=MAR HTTP/1.1" 200 2
[09/Jul/2026 22:26:07] "GET /api/v1/documents/list?site=4&doc_type=LM&status=DEPARTED HTTP/1.1" 200 2
[09/Jul/2026 22:26:07] "GET /api/v1/documents/list?site=4&doc_type=IR HTTP/1.1" 200 2
[09/Jul/2026 22:26:07] "GET /api/v1/registers/dpr-tws?site=4 HTTP/1.1" 200 1437
[09/Jul/2026 22:26:07] "GET /api/v1/sites/4/projects HTTP/1.1" 200 1280
[09/Jul/2026 22:26:07] "GET /api/v1/dashboards/site/4 HTTP/1.1" 200 416
[09/Jul/2026 22:26:07] "GET /api/v1/documents/list?site=4&doc_type=MR HTTP/1.1" 200 4579
[09/Jul/2026 22:26:07] "GET /api/v1/documents/list?site=4&doc_type=PYR HTTP/1.1" 200 13819
[09/Jul/2026 22:26:10] "GET /api/v1/sites/4/manpower HTTP/1.1" 200 132
[09/Jul/2026 22:26:10] "GET /api/v1/manpower-categories HTTP/1.1" 200 2664
[09/Jul/2026 22:26:10] "GET /api/v1/documents/list?site=4&doc_type=DMA HTTP/1.1" 200 1328
[09/Jul/2026 22:26:20] "GET /api/v1/documents/list?site=4&doc_type=DMA HTTP/1.1" 200 1328
[09/Jul/2026 22:26:40] "GET /api/v1/dma-prefill?site=4&date=2026-07-10 HTTP/1.1" 200 294
[09/Jul/2026 22:26:41] "GET /api/v1/dma-prefill?site=4&date=2026-07-10 HTTP/1.1" 200 294
[09/Jul/2026 22:26:44] "GET /api/v1/dma-prefill?site=4&date=2026-07-10 HTTP/1.1" 200 294
[09/Jul/2026 22:27:06] "POST /api/v1/documents HTTP/1.1" 201 650
[09/Jul/2026 22:27:09] "GET /api/v1/dashboards/site/4 HTTP/1.1" 200 416
[09/Jul/2026 22:27:09] "GET /api/v1/documents/list?site=4&doc_type=LM&status=DEPARTED HTTP/1.1" 200 2
[09/Jul/2026 22:27:09] "GET /api/v1/documents/list?site=4&doc_type=IR HTTP/1.1" 200 2
[09/Jul/2026 22:27:09] "GET /api/v1/documents/list?site=4&doc_type=MAR HTTP/1.1" 200 2
[09/Jul/2026 22:27:09] "GET /api/v1/sites/4/projects HTTP/1.1" 200 1280
[09/Jul/2026 22:27:09] "GET /api/v1/registers/dpr-tws?site=4 HTTP/1.1" 200 1437
[09/Jul/2026 22:27:09] "GET /api/v1/documents/list?site=4&doc_type=MR HTTP/1.1" 200 4579
[09/Jul/2026 22:27:09] "GET /api/v1/documents/list?site=4&doc_type=PYR HTTP/1.1" 200 13819
[09/Jul/2026 22:27:36] "GET /api/v1/attendance?site=4&date=2026-07-09 HTTP/1.1" 200 59
[09/Jul/2026 22:27:42] "GET /api/v1/documents/list?site=4&doc_type=MAR HTTP/1.1" 200 2
[09/Jul/2026 22:27:42] "GET /api/v1/documents/list?site=4&doc_type=LM&status=DEPARTED HTTP/1.1" 200 2
[09/Jul/2026 22:27:42] "GET /api/v1/documents/list?site=4&doc_type=IR HTTP/1.1" 200 2
[09/Jul/2026 22:27:42] "GET /api/v1/registers/dpr-tws?site=4 HTTP/1.1" 200 1437
[09/Jul/2026 22:27:42] "GET /api/v1/dashboards/site/4 HTTP/1.1" 200 416
[09/Jul/2026 22:27:42] "GET /api/v1/documents/list?site=4&doc_type=MR HTTP/1.1" 200 4579
[09/Jul/2026 22:27:42] "GET /api/v1/documents/list?site=4&doc_type=PYR HTTP/1.1" 200 13819
[09/Jul/2026 22:27:42] "GET /api/v1/sites/4/projects HTTP/1.1" 200 1280
[09/Jul/2026 22:27:56] "GET /api/v1/manpower-categories HTTP/1.1" 200 2664
[09/Jul/2026 22:27:59] "GET /api/v1/registers/dpr-tws?site=4 HTTP/1.1" 200 1437
[09/Jul/2026 22:27:59] "GET /api/v1/documents/list?site=4&doc_type=MAR HTTP/1.1" 200 2
[09/Jul/2026 22:28:00] "GET /api/v1/documents/list?site=4&doc_type=IR HTTP/1.1" 200 2
[09/Jul/2026 22:28:00] "GET /api/v1/documents/list?site=4&doc_type=LM&status=DEPARTED HTTP/1.1" 200 2
[09/Jul/2026 22:28:00] "GET /api/v1/sites/4/projects HTTP/1.1" 200 1280
[09/Jul/2026 22:28:00] "GET /api/v1/dashboards/site/4 HTTP/1.1" 200 416
[09/Jul/2026 22:28:00] "GET /api/v1/documents/list?site=4&doc_type=MR HTTP/1.1" 200 4579
[09/Jul/2026 22:28:00] "GET /api/v1/documents/list?site=4&doc_type=PYR HTTP/1.1" 200 13819
[09/Jul/2026 22:28:17] "GET /api/v1/dashboards/site/4 HTTP/1.1" 200 416
[09/Jul/2026 22:28:17] "GET /api/v1/documents/list?site=4&doc_type=MAR HTTP/1.1" 200 2
[09/Jul/2026 22:28:17] "GET /api/v1/documents/list?site=4&doc_type=LM&status=DEPARTED HTTP/1.1" 200 2
[09/Jul/2026 22:28:17] "GET /api/v1/documents/list?site=4&doc_type=IR HTTP/1.1" 200 2
[09/Jul/2026 22:28:17] "GET /api/v1/registers/dpr-tws?site=4 HTTP/1.1" 200 1437
[09/Jul/2026 22:28:17] "GET /api/v1/documents/list?site=4&doc_type=MR HTTP/1.1" 200 4579
[09/Jul/2026 22:28:17] "GET /api/v1/sites/4/projects HTTP/1.1" 200 1280
[09/Jul/2026 22:28:17] "GET /api/v1/documents/list?site=4&doc_type=PYR HTTP/1.1" 200 13819
[09/Jul/2026 22:28:25] "GET /api/v1/documents/MR-VKR-002 HTTP/1.1" 200 1852
[09/Jul/2026 22:28:35] "GET /api/v1/dashboards/site/4 HTTP/1.1" 200 416
[09/Jul/2026 22:28:35] "GET /api/v1/documents/list?site=4&doc_type=IR HTTP/1.1" 200 2
[09/Jul/2026 22:28:35] "GET /api/v1/documents/list?site=4&doc_type=LM&status=DEPARTED HTTP/1.1" 200 2
[09/Jul/2026 22:28:35] "GET /api/v1/documents/list?site=4&doc_type=MAR HTTP/1.1" 200 2
[09/Jul/2026 22:28:36] "GET /api/v1/registers/dpr-tws?site=4 HTTP/1.1" 200 1437
[09/Jul/2026 22:28:36] "GET /api/v1/sites/4/projects HTTP/1.1" 200 1280
[09/Jul/2026 22:28:36] "GET /api/v1/documents/list?site=4&doc_type=MR HTTP/1.1" 200 4579
[09/Jul/2026 22:28:36] "GET /api/v1/documents/list?site=4&doc_type=PYR HTTP/1.1" 200 13819
[09/Jul/2026 22:28:58] "GET /api/v1/registers/dpr-tws?site=4&project=1 HTTP/1.1" 200 1437
[09/Jul/2026 22:28:58] "GET /api/v1/documents/list?site=4&doc_type=IR&project=1 HTTP/1.1" 200 2
[09/Jul/2026 22:28:58] "GET /api/v1/documents/list?site=4&doc_type=MAR&project=1 HTTP/1.1" 200 2
[09/Jul/2026 22:28:58] "GET /api/v1/documents/list?site=4&doc_type=LM&status=DEPARTED HTTP/1.1" 200 2
[09/Jul/2026 22:28:58] "GET /api/v1/dashboards/site/4 HTTP/1.1" 200 416
[09/Jul/2026 22:28:58] "GET /api/v1/documents/list?site=4&doc_type=MR HTTP/1.1" 200 4579
[09/Jul/2026 22:28:58] "GET /api/v1/documents/list?site=4&doc_type=PYR HTTP/1.1" 200 13819
[09/Jul/2026 22:29:01] "GET /api/v1/documents/list?site=4&doc_type=IR HTTP/1.1" 200 2
[09/Jul/2026 22:29:01] "GET /api/v1/documents/list?site=4&doc_type=MAR HTTP/1.1" 200 2
[09/Jul/2026 22:29:01] "GET /api/v1/documents/list?site=4&doc_type=LM&status=DEPARTED HTTP/1.1" 200 2
[09/Jul/2026 22:29:01] "GET /api/v1/registers/dpr-tws?site=4 HTTP/1.1" 200 1437
[09/Jul/2026 22:29:01] "GET /api/v1/dashboards/site/4 HTTP/1.1" 200 416
[09/Jul/2026 22:29:01] "GET /api/v1/documents/list?site=4&doc_type=MR HTTP/1.1" 200 4579
[09/Jul/2026 22:29:01] "GET /api/v1/documents/list?site=4&doc_type=PYR HTTP/1.1" 200 13819
[09/Jul/2026 22:32:36] "GET /api/v1/documents/DPR-VKR-001 HTTP/1.1" 200 2720
[09/Jul/2026 22:32:36] "GET /media/attachments/DPR-VKR-001/p0.png HTTP/1.1" 304 0
[09/Jul/2026 22:32:36] "GET /media/attachments/DPR-VKR-001/p2.png HTTP/1.1" 304 0
[09/Jul/2026 22:32:36] "GET /media/attachments/DPR-VKR-001/p3.png HTTP/1.1" 304 0
[09/Jul/2026 22:32:37] "GET /media/attachments/DPR-VKR-001/p1.png HTTP/1.1" 304 0
[09/Jul/2026 22:32:43] "GET /api/v1/approvals/pending HTTP/1.1" 200 1892
[09/Jul/2026 22:32:55] "GET /api/v1/cost/portfolio HTTP/1.1" 200 662
[09/Jul/2026 22:33:38] "GET /api/v1/documents/list?site=4&doc_type=MAR HTTP/1.1" 200 2
[09/Jul/2026 22:33:38] "GET /api/v1/registers/dpr-tws?site=4 HTTP/1.1" 200 1437
[09/Jul/2026 22:33:38] "GET /api/v1/dashboards/site/4 HTTP/1.1" 200 416
[09/Jul/2026 22:33:38] "GET /api/v1/sites/4/projects HTTP/1.1" 200 1280
[09/Jul/2026 22:33:38] "GET /api/v1/documents/list?site=4&doc_type=MR HTTP/1.1" 200 4579
[09/Jul/2026 22:33:38] "GET /api/v1/documents/list?site=4&doc_type=PYR HTTP/1.1" 200 13819
[09/Jul/2026 22:33:38] "GET /api/v1/documents/list?site=4&doc_type=IR HTTP/1.1" 200 2
[09/Jul/2026 22:33:38] "GET /api/v1/documents/list?site=4&doc_type=LM&status=DEPARTED HTTP/1.1" 200 2
[09/Jul/2026 22:33:40] "GET /api/v1/manpower-categories HTTP/1.1" 200 2664
[09/Jul/2026 22:33:53] "GET /api/v1/registers/dpr-tws?site=4 HTTP/1.1" 200 1437
[09/Jul/2026 22:33:53] "GET /api/v1/documents/list?site=4&doc_type=IR HTTP/1.1" 200 2
[09/Jul/2026 22:33:53] "GET /api/v1/documents/list?site=4&doc_type=LM&status=DEPARTED HTTP/1.1" 200 2
[09/Jul/2026 22:33:53] "GET /api/v1/dashboards/site/4 HTTP/1.1" 200 416
[09/Jul/2026 22:33:53] "GET /api/v1/documents/list?site=4&doc_type=MAR HTTP/1.1" 200 2
[09/Jul/2026 22:33:53] "GET /api/v1/sites/4/projects HTTP/1.1" 200 1280
[09/Jul/2026 22:33:53] "GET /api/v1/documents/list?site=4&doc_type=MR HTTP/1.1" 200 4579
[09/Jul/2026 22:33:53] "GET /api/v1/documents/list?site=4&doc_type=PYR HTTP/1.1" 200 13819
[09/Jul/2026 22:34:16] "GET /api/v1/dashboards/portfolio HTTP/1.1" 200 2491
[09/Jul/2026 22:34:19] "GET /api/v1/documents/MR-VKR-002 HTTP/1.1" 200 1852
[09/Jul/2026 22:34:29] "GET /media/pdf/MR-VKR-002/R0-sent.pdf HTTP/1.1" 200 107176
[09/Jul/2026 22:34:48] "GET /api/v1/documents/list?site=4&doc_type=IR HTTP/1.1" 200 2
[09/Jul/2026 22:34:48] "GET /api/v1/documents/list?site=4&doc_type=LM&status=DEPARTED HTTP/1.1" 200 2
[09/Jul/2026 22:34:48] "GET /api/v1/documents/list?site=4&doc_type=MAR HTTP/1.1" 200 2
[09/Jul/2026 22:34:48] "GET /api/v1/registers/dpr-tws?site=4 HTTP/1.1" 200 1437
[09/Jul/2026 22:34:48] "GET /api/v1/sites/4/projects HTTP/1.1" 200 1280
[09/Jul/2026 22:34:48] "GET /api/v1/dashboards/site/4 HTTP/1.1" 200 416
[09/Jul/2026 22:34:48] "GET /api/v1/documents/list?site=4&doc_type=MR HTTP/1.1" 200 4579
[09/Jul/2026 22:34:48] "GET /api/v1/documents/list?site=4&doc_type=PYR HTTP/1.1" 200 13819
[09/Jul/2026 22:34:58] "GET /api/v1/documents/list?site=4&doc_type=LM&status=DEPARTED HTTP/1.1" 200 2
[09/Jul/2026 22:34:58] "GET /api/v1/documents/list?site=4&doc_type=MAR&project=1 HTTP/1.1" 200 2
[09/Jul/2026 22:34:58] "GET /api/v1/documents/list?site=4&doc_type=IR&project=1 HTTP/1.1" 200 2
[09/Jul/2026 22:34:59] "GET /api/v1/registers/dpr-tws?site=4&project=1 HTTP/1.1" 200 1437
[09/Jul/2026 22:34:59] "GET /api/v1/dashboards/site/4 HTTP/1.1" 200 416
[09/Jul/2026 22:34:59] "GET /api/v1/documents/list?site=4&doc_type=MR HTTP/1.1" 200 4579
[09/Jul/2026 22:34:59] "GET /api/v1/documents/list?site=4&doc_type=PYR HTTP/1.1" 200 13819
[09/Jul/2026 22:35:00] "GET /api/v1/projects/1 HTTP/1.1" 200 937
[09/Jul/2026 22:35:07] "GET /api/v1/projects/1/programme HTTP/1.1" 200 1701
[09/Jul/2026 22:35:07] "GET /api/v1/projects/1 HTTP/1.1" 200 937
[09/Jul/2026 22:35:07] "GET /static/assets/inter-latin-500-normal-Cerq10X2.woff2 HTTP/1.1" 200 24272
[09/Jul/2026 22:35:31] "GET /api/v1/documents/list?site=4&doc_type=IR&project=1 HTTP/1.1" 200 2
[09/Jul/2026 22:35:31] "GET /api/v1/documents/list?site=4&doc_type=LM&status=DEPARTED HTTP/1.1" 200 2
[09/Jul/2026 22:35:31] "GET /api/v1/registers/dpr-tws?site=4&project=1 HTTP/1.1" 200 1437
[09/Jul/2026 22:35:31] "GET /api/v1/documents/list?site=4&doc_type=MAR&project=1 HTTP/1.1" 200 2
[09/Jul/2026 22:35:31] "GET /api/v1/documents/list?site=4&doc_type=MAR HTTP/1.1" 200 2
[09/Jul/2026 22:35:31] "GET /api/v1/documents/list?site=4&doc_type=IR HTTP/1.1" 200 2
[09/Jul/2026 22:35:31] "GET /api/v1/registers/dpr-tws?site=4 HTTP/1.1" 200 1437
[09/Jul/2026 22:35:31] "GET /api/v1/sites/4/projects HTTP/1.1" 200 1280
[09/Jul/2026 22:35:31] "GET /api/v1/dashboards/site/4 HTTP/1.1" 200 416
[09/Jul/2026 22:35:31] "GET /api/v1/documents/list?site=4&doc_type=MR HTTP/1.1" 200 4579
[09/Jul/2026 22:35:31] "GET /api/v1/documents/list?site=4&doc_type=PYR HTTP/1.1" 200 13819
[09/Jul/2026 22:35:32] "GET /api/v1/documents/list?site=4&doc_type=LM&status=DEPARTED HTTP/1.1" 200 2
[09/Jul/2026 22:35:32] "GET /api/v1/dashboards/site/4 HTTP/1.1" 200 416
[09/Jul/2026 22:35:32] "GET /api/v1/documents/list?site=4&doc_type=MR HTTP/1.1" 200 4579
[09/Jul/2026 22:35:32] "GET /api/v1/documents/list?site=4&doc_type=PYR HTTP/1.1" 200 13819
[09/Jul/2026 22:35:34] "GET /api/v1/dashboards/site/4 HTTP/1.1" 200 416
[09/Jul/2026 22:35:34] "GET /api/v1/documents/list?site=4&doc_type=LM&status=DEPARTED HTTP/1.1" 200 2
[09/Jul/2026 22:35:34] "GET /api/v1/registers/dpr-tws?site=4&project=1 HTTP/1.1" 200 1437
[09/Jul/2026 22:35:34] "GET /api/v1/documents/list?site=4&doc_type=IR&project=1 HTTP/1.1" 200 2
[09/Jul/2026 22:35:34] "GET /api/v1/documents/list?site=4&doc_type=MAR&project=1 HTTP/1.1" 200 2
[09/Jul/2026 22:35:34] "GET /api/v1/documents/list?site=4&doc_type=MR HTTP/1.1" 200 4579
[09/Jul/2026 22:35:34] "GET /api/v1/documents/list?site=4&doc_type=PYR HTTP/1.1" 200 13819
[09/Jul/2026 22:35:35] "GET /api/v1/projects/1 HTTP/1.1" 200 937
[09/Jul/2026 22:35:39] "GET /api/v1/documents/list?site=4&doc_type=MAR&project=1 HTTP/1.1" 200 2
[09/Jul/2026 22:35:39] "GET /api/v1/documents/list?site=4&doc_type=IR&project=1 HTTP/1.1" 200 2
[09/Jul/2026 22:35:39] "GET /api/v1/documents/list?site=4&doc_type=IR HTTP/1.1" 200 2
[09/Jul/2026 22:35:39] "GET /api/v1/documents/list?site=4&doc_type=MAR HTTP/1.1" 200 2
[09/Jul/2026 22:35:39] "GET /api/v1/registers/dpr-tws?site=4&project=1 HTTP/1.1" 200 1437
[09/Jul/2026 22:35:39] "GET /api/v1/documents/list?site=4&doc_type=LM&status=DEPARTED HTTP/1.1" 200 2
[09/Jul/2026 22:35:39] "GET /api/v1/registers/dpr-tws?site=4 HTTP/1.1" 200 1437
[09/Jul/2026 22:35:39] "GET /api/v1/dashboards/site/4 HTTP/1.1" 200 416
[09/Jul/2026 22:35:39] "GET /api/v1/sites/4/projects HTTP/1.1" 200 1280
[09/Jul/2026 22:35:39] "GET /api/v1/documents/list?site=4&doc_type=MR HTTP/1.1" 200 4579
[09/Jul/2026 22:35:39] "GET /api/v1/documents/list?site=4&doc_type=PYR HTTP/1.1" 200 13819
[09/Jul/2026 22:35:39] "GET /api/v1/documents/list?site=4&doc_type=LM&status=DEPARTED HTTP/1.1" 200 2
[09/Jul/2026 22:35:39] "GET /api/v1/dashboards/site/4 HTTP/1.1" 200 416
[09/Jul/2026 22:35:39] "GET /api/v1/documents/list?site=4&doc_type=MR HTTP/1.1" 200 4579
[09/Jul/2026 22:35:39] "GET /api/v1/documents/list?site=4&doc_type=PYR HTTP/1.1" 200 13819
[09/Jul/2026 22:46:59] "GET / HTTP/1.1" 200 433
Not Found: /apple-touch-icon-precomposed.png
Not Found: /favicon.ico
[09/Jul/2026 22:46:59] "GET /apple-touch-icon-precomposed.png HTTP/1.1" 404 2789
Not Found: /apple-touch-icon.png
[09/Jul/2026 22:46:59] "GET /favicon.ico HTTP/1.1" 404 2726
[09/Jul/2026 22:46:59] "GET /apple-touch-icon.png HTTP/1.1" 404 2753
[09/Jul/2026 22:46:59] "GET /api/v1/auth/me HTTP/1.1" 200 244
[09/Jul/2026 22:47:00] "GET /static/assets/barlow-condensed-latin-700-normal-v1xN8_Wq.woff2 HTTP/1.1" 304 0
[09/Jul/2026 22:47:00] "GET /static/assets/inter-latin-400-normal-C38fXH4l.woff2 HTTP/1.1" 304 0
[09/Jul/2026 22:47:00] "GET /api/v1/sites HTTP/1.1" 200 538
[09/Jul/2026 22:47:00] "GET /api/v1/approvals/pending HTTP/1.1" 200 23
[09/Jul/2026 22:47:00] "GET /api/v1/approvals/pending HTTP/1.1" 200 23
[09/Jul/2026 22:47:01] "GET /static/assets/inter-latin-700-normal-Yt3aPRUw.woff2 HTTP/1.1" 304 0
[09/Jul/2026 22:47:01] "GET /api/v1/documents/list?site=8&doc_type=IR HTTP/1.1" 200 2
[09/Jul/2026 22:47:01] "GET /api/v1/documents/list?site=8&doc_type=LM&status=DEPARTED HTTP/1.1" 200 2
[09/Jul/2026 22:47:01] "GET /api/v1/documents/list?site=8&doc_type=PYR HTTP/1.1" 200 2
[09/Jul/2026 22:47:01] "GET /api/v1/registers/dpr-tws?site=8 HTTP/1.1" 200 1407
[09/Jul/2026 22:47:01] "GET /api/v1/documents/list?site=8&doc_type=MAR HTTP/1.1" 200 2
[09/Jul/2026 22:47:01] "GET /api/v1/documents/list?site=8&doc_type=MR HTTP/1.1" 200 2478
[09/Jul/2026 22:47:01] "GET /api/v1/dashboards/site/8 HTTP/1.1" 200 383
[09/Jul/2026 22:47:01] "GET /static/assets/inter-latin-600-normal-LgqL8muc.woff2 HTTP/1.1" 304 0
[09/Jul/2026 22:47:01] "GET /api/v1/sites/8/projects HTTP/1.1" 200 864
[09/Jul/2026 22:47:01] "GET /static/assets/ibm-plex-mono-latin-600-normal-BgSNZQsw.woff2 HTTP/1.1" 304 0
[09/Jul/2026 23:16:58] "GET / HTTP/1.1" 200 433
[09/Jul/2026 23:16:59] "GET /static/assets/index-D_QSfw6U.js HTTP/1.1" 304 0
[09/Jul/2026 23:16:59] "GET /static/assets/index-D3_lHPk2.css HTTP/1.1" 304 0
[09/Jul/2026 23:17:00] "GET /api/v1/auth/me HTTP/1.1" 200 291
[09/Jul/2026 23:17:00] "GET /api/v1/sites HTTP/1.1" 200 588
[09/Jul/2026 23:17:00] "GET /static/assets/barlow-condensed-latin-700-normal-v1xN8_Wq.woff2 HTTP/1.1" 304 0
[09/Jul/2026 23:17:00] "GET /static/assets/inter-latin-400-normal-C38fXH4l.woff2 HTTP/1.1" 304 0
[09/Jul/2026 23:17:00] "GET /static/assets/inter-latin-700-normal-Yt3aPRUw.woff2 HTTP/1.1" 304 0
[09/Jul/2026 23:17:01] "GET /api/v1/documents/list?site=4&doc_type=IR HTTP/1.1" 200 2
[09/Jul/2026 23:17:01] "GET /api/v1/documents/list?site=4&doc_type=LM&status=DEPARTED HTTP/1.1" 200 2
[09/Jul/2026 23:17:01] "GET /api/v1/registers/dpr-tws?site=4 HTTP/1.1" 200 1437
[09/Jul/2026 23:17:01] "GET /api/v1/documents/list?site=4&doc_type=MAR HTTP/1.1" 200 2
[09/Jul/2026 23:17:01] "GET /api/v1/sites/4/projects HTTP/1.1" 200 1280
[09/Jul/2026 23:17:01] "GET /api/v1/dashboards/site/4 HTTP/1.1" 200 416
[09/Jul/2026 23:17:01] "GET /static/assets/inter-latin-600-normal-LgqL8muc.woff2 HTTP/1.1" 304 0
[09/Jul/2026 23:17:01] "GET /api/v1/documents/list?site=4&doc_type=PYR HTTP/1.1" 200 13819
[09/Jul/2026 23:17:01] "GET /api/v1/documents/list?site=4&doc_type=MR HTTP/1.1" 200 4579
[09/Jul/2026 23:17:02] "GET /static/assets/ibm-plex-mono-latin-600-normal-BgSNZQsw.woff2 HTTP/1.1" 304 0
[09/Jul/2026 23:17:02] "GET /static/assets/ibm-plex-mono-latin-500-normal-DSY6xOcd.woff2 HTTP/1.1" 304 0
[09/Jul/2026 23:17:03] "GET / HTTP/1.1" 200 433
[09/Jul/2026 23:17:03] "GET /api/v1/auth/me HTTP/1.1" 200 291
[09/Jul/2026 23:17:03] "GET /api/v1/sites HTTP/1.1" 200 588
[09/Jul/2026 23:17:04] "GET /api/v1/dashboards/site/4 HTTP/1.1" 200 416
[09/Jul/2026 23:17:04] "GET /api/v1/documents/list?site=4&doc_type=MAR HTTP/1.1" 200 2
[09/Jul/2026 23:17:04] "GET /api/v1/documents/list?site=4&doc_type=LM&status=DEPARTED HTTP/1.1" 200 2
[09/Jul/2026 23:17:04] "GET /api/v1/documents/list?site=4&doc_type=IR HTTP/1.1" 200 2
[09/Jul/2026 23:17:04] "GET /api/v1/registers/dpr-tws?site=4 HTTP/1.1" 200 1437
[09/Jul/2026 23:17:04] "GET /api/v1/sites/4/projects HTTP/1.1" 200 1280
[09/Jul/2026 23:17:04] "GET /api/v1/documents/list?site=4&doc_type=MR HTTP/1.1" 200 4579
[09/Jul/2026 23:17:04] "GET /api/v1/documents/list?site=4&doc_type=PYR HTTP/1.1" 200 13819
[09/Jul/2026 23:17:20] "GET / HTTP/1.1" 200 433
[09/Jul/2026 23:17:21] "GET /api/v1/auth/me HTTP/1.1" 200 291
[09/Jul/2026 23:17:21] "GET /api/v1/sites HTTP/1.1" 200 588
[09/Jul/2026 23:17:21] "GET /api/v1/dashboards/site/4 HTTP/1.1" 200 416
[09/Jul/2026 23:17:21] "GET /api/v1/documents/list?site=4&doc_type=IR HTTP/1.1" 200 2
[09/Jul/2026 23:17:21] "GET /api/v1/registers/dpr-tws?site=4 HTTP/1.1" 200 1437
[09/Jul/2026 23:17:21] "GET /api/v1/documents/list?site=4&doc_type=LM&status=DEPARTED HTTP/1.1" 200 2
[09/Jul/2026 23:17:21] "GET /api/v1/documents/list?site=4&doc_type=MAR HTTP/1.1" 200 2
[09/Jul/2026 23:17:21] "GET /api/v1/sites/4/projects HTTP/1.1" 200 1280
[09/Jul/2026 23:17:21] "GET /api/v1/documents/list?site=4&doc_type=MR HTTP/1.1" 200 4579
[09/Jul/2026 23:17:21] "GET /api/v1/documents/list?site=4&doc_type=PYR HTTP/1.1" 200 13819
[09/Jul/2026 23:17:29] "POST /api/v1/auth/logout HTTP/1.1" 200 24
Bad Request: /api/v1/auth/login
[09/Jul/2026 23:17:42] "POST /api/v1/auth/login HTTP/1.1" 400 33
Bad Request: /api/v1/auth/login
[09/Jul/2026 23:17:49] "POST /api/v1/auth/login HTTP/1.1" 400 33
[09/Jul/2026 23:18:07] "POST /api/v1/auth/login HTTP/1.1" 200 253
[09/Jul/2026 23:18:07] "GET /api/v1/sites HTTP/1.1" 200 516
[09/Jul/2026 23:18:07] "GET /api/v1/registers/dpr-tws?site=8 HTTP/1.1" 200 1407
[09/Jul/2026 23:18:07] "GET /api/v1/documents/list?site=8&doc_type=PYR HTTP/1.1" 200 2
[09/Jul/2026 23:18:07] "GET /api/v1/documents/list?site=8&doc_type=IR HTTP/1.1" 200 2
[09/Jul/2026 23:18:08] "GET /api/v1/documents/list?site=8&doc_type=LM&status=DEPARTED HTTP/1.1" 200 2
[09/Jul/2026 23:18:08] "GET /api/v1/dashboards/site/8 HTTP/1.1" 200 383
[09/Jul/2026 23:18:08] "GET /api/v1/documents/list?site=8&doc_type=MR HTTP/1.1" 200 2478
[09/Jul/2026 23:18:08] "GET /api/v1/sites/8/projects HTTP/1.1" 200 820
[09/Jul/2026 23:18:08] "GET /api/v1/documents/list?site=8&doc_type=MAR HTTP/1.1" 200 2
[09/Jul/2026 23:18:28] "GET /api/v1/dashboards/site/8 HTTP/1.1" 200 383
[09/Jul/2026 23:18:28] "GET /api/v1/documents/list?site=8&doc_type=PYR HTTP/1.1" 200 2
[09/Jul/2026 23:18:28] "GET /api/v1/documents/list?site=8&doc_type=LM&status=DEPARTED HTTP/1.1" 200 2
[09/Jul/2026 23:18:28] "GET /api/v1/documents/list?site=8&doc_type=MAR&project=8 HTTP/1.1" 200 2
[09/Jul/2026 23:18:28] "GET /api/v1/documents/list?site=8&doc_type=IR&project=8 HTTP/1.1" 200 2
[09/Jul/2026 23:18:28] "GET /api/v1/registers/dpr-tws?site=8&project=8 HTTP/1.1" 200 1407
[09/Jul/2026 23:18:28] "GET /api/v1/documents/list?site=8&doc_type=MR HTTP/1.1" 200 2478
[09/Jul/2026 23:18:36] "GET /api/v1/dashboards/site/8 HTTP/1.1" 200 383
[09/Jul/2026 23:18:36] "GET /api/v1/documents/list?site=8&doc_type=PYR HTTP/1.1" 200 2
[09/Jul/2026 23:18:36] "GET /api/v1/documents/list?site=8&doc_type=MAR HTTP/1.1" 200 2
[09/Jul/2026 23:18:36] "GET /api/v1/documents/list?site=8&doc_type=IR HTTP/1.1" 200 2
[09/Jul/2026 23:18:36] "GET /api/v1/documents/list?site=8&doc_type=LM&status=DEPARTED HTTP/1.1" 200 2
[09/Jul/2026 23:18:36] "GET /api/v1/registers/dpr-tws?site=8 HTTP/1.1" 200 1407
[09/Jul/2026 23:18:36] "GET /api/v1/documents/list?site=8&doc_type=MR HTTP/1.1" 200 2478
[09/Jul/2026 23:18:37] "GET /api/v1/dashboards/site/8 HTTP/1.1" 200 383
[09/Jul/2026 23:18:37] "GET /api/v1/documents/list?site=8&doc_type=MAR&project=8 HTTP/1.1" 200 2
[09/Jul/2026 23:18:37] "GET /api/v1/documents/list?site=8&doc_type=LM&status=DEPARTED HTTP/1.1" 200 2
[09/Jul/2026 23:18:37] "GET /api/v1/documents/list?site=8&doc_type=PYR HTTP/1.1" 200 2
[09/Jul/2026 23:18:37] "GET /api/v1/documents/list?site=8&doc_type=IR&project=8 HTTP/1.1" 200 2
[09/Jul/2026 23:18:37] "GET /api/v1/documents/list?site=8&doc_type=MR HTTP/1.1" 200 2478
[09/Jul/2026 23:18:37] "GET /api/v1/registers/dpr-tws?site=8&project=8 HTTP/1.1" 200 1407
[09/Jul/2026 23:18:40] "GET /api/v1/documents/list?site=8&doc_type=PYR HTTP/1.1" 200 2
[09/Jul/2026 23:18:40] "GET /api/v1/documents/list?site=8&doc_type=IR&project=9 HTTP/1.1" 200 2
[09/Jul/2026 23:18:40] "GET /api/v1/documents/list?site=8&doc_type=LM&status=DEPARTED HTTP/1.1" 200 2
[09/Jul/2026 23:18:40] "GET /api/v1/documents/list?site=8&doc_type=MAR&project=9 HTTP/1.1" 200 2
[09/Jul/2026 23:18:40] "GET /api/v1/registers/dpr-tws?site=8&project=9 HTTP/1.1" 200 1407
[09/Jul/2026 23:18:40] "GET /api/v1/documents/list?site=8&doc_type=MR HTTP/1.1" 200 2478
[09/Jul/2026 23:18:40] "GET /api/v1/dashboards/site/8 HTTP/1.1" 200 383
[09/Jul/2026 23:18:44] "GET /api/v1/projects/9/programme HTTP/1.1" 200 2
[09/Jul/2026 23:18:44] "GET /api/v1/projects/8/programme HTTP/1.1" 200 2
[09/Jul/2026 23:18:44] "GET /api/v1/manpower-categories HTTP/1.1" 200 2664
[09/Jul/2026 23:18:47] "GET / HTTP/1.1" 200 433
[09/Jul/2026 23:18:48] "GET /api/v1/auth/me HTTP/1.1" 200 253
[09/Jul/2026 23:18:48] "GET /api/v1/sites HTTP/1.1" 200 516
[09/Jul/2026 23:18:49] "GET /api/v1/dashboards/site/8 HTTP/1.1" 200 383
[09/Jul/2026 23:18:49] "GET /api/v1/registers/dpr-tws?site=8 HTTP/1.1" 200 1407
[09/Jul/2026 23:18:49] "GET /api/v1/documents/list?site=8&doc_type=MR HTTP/1.1" 200 2478
[09/Jul/2026 23:18:49] "GET /api/v1/documents/list?site=8&doc_type=PYR HTTP/1.1" 200 2
[09/Jul/2026 23:18:49] "GET /api/v1/documents/list?site=8&doc_type=IR HTTP/1.1" 200 2
[09/Jul/2026 23:18:49] "GET /api/v1/documents/list?site=8&doc_type=MAR HTTP/1.1" 200 2
[09/Jul/2026 23:18:49] "GET /api/v1/sites/8/projects HTTP/1.1" 200 820
[09/Jul/2026 23:18:49] "GET /api/v1/documents/list?site=8&doc_type=LM&status=DEPARTED HTTP/1.1" 200 2
[09/Jul/2026 23:18:50] "GET /api/v1/dashboards/site/8 HTTP/1.1" 200 383
[09/Jul/2026 23:18:50] "GET /api/v1/documents/list?site=8&doc_type=IR&project=8 HTTP/1.1" 200 2
[09/Jul/2026 23:18:50] "GET /api/v1/documents/list?site=8&doc_type=PYR HTTP/1.1" 200 2
[09/Jul/2026 23:18:50] "GET /api/v1/registers/dpr-tws?site=8&project=8 HTTP/1.1" 200 1407
[09/Jul/2026 23:18:50] "GET /api/v1/documents/list?site=8&doc_type=LM&status=DEPARTED HTTP/1.1" 200 2
[09/Jul/2026 23:18:50] "GET /api/v1/documents/list?site=8&doc_type=MR HTTP/1.1" 200 2478
[09/Jul/2026 23:18:50] "GET /api/v1/documents/list?site=8&doc_type=MAR&project=8 HTTP/1.1" 200 2
[09/Jul/2026 23:18:52] "GET /api/v1/projects/8/programme HTTP/1.1" 200 2
[09/Jul/2026 23:18:52] "GET /api/v1/projects/9/programme HTTP/1.1" 200 2
[09/Jul/2026 23:18:52] "GET /api/v1/manpower-categories HTTP/1.1" 200 2664
[09/Jul/2026 23:18:56] "GET / HTTP/1.1" 200 433
[09/Jul/2026 23:18:57] "GET /api/v1/auth/me HTTP/1.1" 200 253
[09/Jul/2026 23:18:57] "GET /api/v1/sites HTTP/1.1" 200 516
[09/Jul/2026 23:18:57] "GET /api/v1/dashboards/site/8 HTTP/1.1" 200 383
[09/Jul/2026 23:18:57] "GET /api/v1/documents/list?site=8&doc_type=PYR HTTP/1.1" 200 2
[09/Jul/2026 23:18:57] "GET /api/v1/documents/list?site=8&doc_type=LM&status=DEPARTED HTTP/1.1" 200 2
[09/Jul/2026 23:18:57] "GET /api/v1/documents/list?site=8&doc_type=MAR HTTP/1.1" 200 2
[09/Jul/2026 23:18:57] "GET /api/v1/registers/dpr-tws?site=8 HTTP/1.1" 200 1407
[09/Jul/2026 23:18:57] "GET /api/v1/documents/list?site=8&doc_type=IR HTTP/1.1" 200 2
[09/Jul/2026 23:18:57] "GET /api/v1/sites/8/projects HTTP/1.1" 200 820
[09/Jul/2026 23:18:57] "GET /api/v1/documents/list?site=8&doc_type=MR HTTP/1.1" 200 2478
[09/Jul/2026 23:19:08] "GET /api/v1/manpower-categories HTTP/1.1" 200 2664
[09/Jul/2026 23:19:08] "GET /api/v1/documents/list?site=8&doc_type=DMA HTTP/1.1" 200 2
[09/Jul/2026 23:19:08] "GET /api/v1/sites/8/manpower HTTP/1.1" 200 132
[10/Jul/2026 05:52:26] "GET / HTTP/1.1" 200 433
[10/Jul/2026 05:52:27] "GET /static/assets/index-D_QSfw6U.js HTTP/1.1" 304 0
[10/Jul/2026 05:52:27] "GET /static/assets/index-D3_lHPk2.css HTTP/1.1" 304 0
Not Found: /favicon.ico
[10/Jul/2026 05:52:28] "GET /favicon.ico HTTP/1.1" 404 2726
[10/Jul/2026 05:52:28] "GET /api/v1/auth/me HTTP/1.1" 200 253
[10/Jul/2026 05:52:28] "GET /api/v1/sites HTTP/1.1" 200 516
[10/Jul/2026 05:52:29] "GET /static/assets/inter-latin-400-normal-C38fXH4l.woff2 HTTP/1.1" 304 0
[10/Jul/2026 05:52:29] "GET /static/assets/barlow-condensed-latin-700-normal-v1xN8_Wq.woff2 HTTP/1.1" 304 0
[10/Jul/2026 05:52:29] "GET /static/assets/inter-latin-700-normal-Yt3aPRUw.woff2 HTTP/1.1" 304 0
[10/Jul/2026 05:52:29] "GET /api/v1/documents/list?site=8&doc_type=LM&status=DEPARTED HTTP/1.1" 200 2
[10/Jul/2026 05:52:29] "GET /api/v1/documents/list?site=8&doc_type=IR HTTP/1.1" 200 2
[10/Jul/2026 05:52:29] "GET /api/v1/documents/list?site=8&doc_type=MAR HTTP/1.1" 200 2
[10/Jul/2026 05:52:29] "GET /api/v1/documents/list?site=8&doc_type=PYR HTTP/1.1" 200 2
[10/Jul/2026 05:52:29] "GET /api/v1/registers/dpr-tws?site=8 HTTP/1.1" 200 1407
[10/Jul/2026 05:52:29] "GET /api/v1/sites/8/projects HTTP/1.1" 200 820
[10/Jul/2026 05:52:29] "GET /api/v1/documents/list?site=8&doc_type=MR HTTP/1.1" 200 2478
[10/Jul/2026 05:52:29] "GET /api/v1/dashboards/site/8 HTTP/1.1" 200 383
[10/Jul/2026 05:52:29] "GET /static/assets/inter-latin-600-normal-LgqL8muc.woff2 HTTP/1.1" 304 0
[10/Jul/2026 05:52:30] "GET /static/assets/ibm-plex-mono-latin-600-normal-BgSNZQsw.woff2 HTTP/1.1" 304 0
[10/Jul/2026 05:52:35] "GET /api/v1/manpower-categories HTTP/1.1" 200 2664
[10/Jul/2026 05:52:35] "GET /api/v1/projects/9/programme HTTP/1.1" 200 2
[10/Jul/2026 05:52:35] "GET /api/v1/projects/8/programme HTTP/1.1" 200 2
[10/Jul/2026 06:00:50] "POST /api/v1/documents HTTP/1.1" 201 1308
[10/Jul/2026 06:01:36] "POST /api/v1/documents/DPR-MXR-001/attachments HTTP/1.1" 201 273
[10/Jul/2026 06:01:36] "GET /api/v1/documents/DPR-MXR-001 HTTP/1.1" 200 1581
[10/Jul/2026 06:01:37] "GET /media/attachments/DPR-MXR-001/1000178863.jpg HTTP/1.1" 200 63094
[10/Jul/2026 06:01:59] "POST /api/v1/documents/DPR-MXR-001/attachments HTTP/1.1" 201 276
[10/Jul/2026 06:01:59] "GET /api/v1/documents/DPR-MXR-001 HTTP/1.1" 200 1858
[10/Jul/2026 06:01:59] "GET /media/attachments/DPR-MXR-001/1000178860.jpg HTTP/1.1" 200 116853
[10/Jul/2026 06:02:27] "POST /api/v1/documents/DPR-MXR-001/attachments HTTP/1.1" 201 275
[10/Jul/2026 06:02:27] "GET /api/v1/documents/DPR-MXR-001 HTTP/1.1" 200 2134
[10/Jul/2026 06:02:27] "GET /media/attachments/DPR-MXR-001/1000178850.jpg HTTP/1.1" 200 76717
[10/Jul/2026 06:03:20] "POST /api/v1/documents/DPR-MXR-001/attachments HTTP/1.1" 201 276
[10/Jul/2026 06:03:20] "GET /api/v1/documents/DPR-MXR-001 HTTP/1.1" 200 2411
[10/Jul/2026 06:03:20] "GET /media/attachments/DPR-MXR-001/1000177648.jpg HTTP/1.1" 200 168566
[10/Jul/2026 06:03:21] "POST /api/v1/documents/DPR-MXR-001/attachments HTTP/1.1" 201 284
[10/Jul/2026 06:03:21] "GET /api/v1/documents/DPR-MXR-001 HTTP/1.1" 200 2696
[10/Jul/2026 06:03:21] "GET /media/attachments/DPR-MXR-001/1000177648_0vw4J8x.jpg HTTP/1.1" 200 168566
[10/Jul/2026 06:03:55] "PATCH /api/v1/documents/DPR-MXR-001 HTTP/1.1" 200 2696
[10/Jul/2026 06:04:05] "PATCH /api/v1/documents/DPR-MXR-001 HTTP/1.1" 200 2696
[10/Jul/2026 06:05:39] "GET /api/v1/documents/list?site=8&doc_type=MAR HTTP/1.1" 200 2
[10/Jul/2026 06:05:39] "GET /api/v1/documents/list?site=8&doc_type=PYR HTTP/1.1" 200 2
[10/Jul/2026 06:05:39] "GET /api/v1/documents/list?site=8&doc_type=LM&status=DEPARTED HTTP/1.1" 200 2
[10/Jul/2026 06:05:39] "GET /api/v1/documents/list?site=8&doc_type=IR HTTP/1.1" 200 2
[10/Jul/2026 06:05:39] "GET /api/v1/registers/dpr-tws?site=8 HTTP/1.1" 200 1420
[10/Jul/2026 06:05:39] "GET /api/v1/sites/8/projects HTTP/1.1" 200 820
[10/Jul/2026 06:05:39] "GET /api/v1/dashboards/site/8 HTTP/1.1" 200 383
[10/Jul/2026 06:05:39] "GET /api/v1/documents/list?site=8&doc_type=MR HTTP/1.1" 200 2478
[10/Jul/2026 06:06:10] "GET /api/v1/manpower-categories HTTP/1.1" 200 2664
[10/Jul/2026 06:06:10] "GET /api/v1/projects/9/programme HTTP/1.1" 200 2
[10/Jul/2026 06:06:10] "GET /api/v1/projects/8/programme HTTP/1.1" 200 2
[10/Jul/2026 06:06:14] "GET /api/v1/dashboards/site/8 HTTP/1.1" 200 383
[10/Jul/2026 06:06:14] "GET /api/v1/documents/list?site=8&doc_type=PYR HTTP/1.1" 200 2
[10/Jul/2026 06:06:14] "GET /api/v1/documents/list?site=8&doc_type=LM&status=DEPARTED HTTP/1.1" 200 2
[10/Jul/2026 06:06:14] "GET /api/v1/registers/dpr-tws?site=8 HTTP/1.1" 200 1420
[10/Jul/2026 06:06:14] "GET /api/v1/documents/list?site=8&doc_type=MR HTTP/1.1" 200 2478
[10/Jul/2026 06:06:14] "GET /api/v1/documents/list?site=8&doc_type=IR HTTP/1.1" 200 2
[10/Jul/2026 06:06:14] "GET /api/v1/sites/8/projects HTTP/1.1" 200 820
[10/Jul/2026 06:06:14] "GET /api/v1/documents/list?site=8&doc_type=MAR HTTP/1.1" 200 2
[10/Jul/2026 06:06:49] "GET /api/v1/manpower-categories HTTP/1.1" 200 2664
[10/Jul/2026 06:06:49] "GET /api/v1/sites/8/manpower HTTP/1.1" 200 132
[10/Jul/2026 06:06:49] "GET /api/v1/documents/list?site=8&doc_type=DMA HTTP/1.1" 200 2
[10/Jul/2026 06:07:13] "GET / HTTP/1.1" 200 433
[10/Jul/2026 06:07:14] "GET /api/v1/auth/me HTTP/1.1" 200 253
[10/Jul/2026 06:07:15] "GET /api/v1/sites HTTP/1.1" 200 516
[10/Jul/2026 06:07:15] "GET /api/v1/dashboards/site/8 HTTP/1.1" 200 383
[10/Jul/2026 06:07:15] "GET /api/v1/documents/list?site=8&doc_type=PYR HTTP/1.1" 200 2
[10/Jul/2026 06:07:15] "GET /api/v1/documents/list?site=8&doc_type=MAR HTTP/1.1" 200 2
[10/Jul/2026 06:07:15] "GET /api/v1/documents/list?site=8&doc_type=IR HTTP/1.1" 200 2
[10/Jul/2026 06:07:15] "GET /api/v1/documents/list?site=8&doc_type=LM&status=DEPARTED HTTP/1.1" 200 2
[10/Jul/2026 06:07:15] "GET /api/v1/registers/dpr-tws?site=8 HTTP/1.1" 200 1420
[10/Jul/2026 06:07:15] "GET /api/v1/sites/8/projects HTTP/1.1" 200 820
[10/Jul/2026 06:07:15] "GET /api/v1/documents/list?site=8&doc_type=MR HTTP/1.1" 200 2478
[10/Jul/2026 06:07:17] "GET /api/v1/projects/9/programme HTTP/1.1" 200 2
[10/Jul/2026 06:07:17] "GET /api/v1/projects/8/programme HTTP/1.1" 200 2
[10/Jul/2026 06:07:17] "GET /api/v1/manpower-categories HTTP/1.1" 200 2664
[10/Jul/2026 06:07:29] "GET / HTTP/1.1" 200 433
[10/Jul/2026 06:07:29] "GET /api/v1/auth/me HTTP/1.1" 200 253
[10/Jul/2026 06:07:29] "GET /api/v1/sites HTTP/1.1" 200 516
[10/Jul/2026 06:07:30] "GET /api/v1/registers/dpr-tws?site=8 HTTP/1.1" 200 1420
[10/Jul/2026 06:07:30] "GET /api/v1/dashboards/site/8 HTTP/1.1" 200 383
[10/Jul/2026 06:07:30] "GET /api/v1/documents/list?site=8&doc_type=IR HTTP/1.1" 200 2
[10/Jul/2026 06:07:30] "GET /api/v1/documents/list?site=8&doc_type=MAR HTTP/1.1" 200 2
[10/Jul/2026 06:07:30] "GET /api/v1/documents/list?site=8&doc_type=LM&status=DEPARTED HTTP/1.1" 200 2
[10/Jul/2026 06:07:30] "GET /api/v1/documents/list?site=8&doc_type=MR HTTP/1.1" 200 2478
[10/Jul/2026 06:07:30] "GET /api/v1/documents/list?site=8&doc_type=PYR HTTP/1.1" 200 2
[10/Jul/2026 06:07:30] "GET /api/v1/sites/8/projects HTTP/1.1" 200 820
[10/Jul/2026 06:07:35] "GET /api/v1/dashboards/site/8 HTTP/1.1" 200 383
[10/Jul/2026 06:07:35] "GET /api/v1/documents/list?site=8&doc_type=IR&project=8 HTTP/1.1" 200 2
[10/Jul/2026 06:07:35] "GET /api/v1/documents/list?site=8&doc_type=LM&status=DEPARTED HTTP/1.1" 200 2
[10/Jul/2026 06:07:35] "GET /api/v1/registers/dpr-tws?site=8&project=8 HTTP/1.1" 200 1420
[10/Jul/2026 06:07:35] "GET /api/v1/documents/list?site=8&doc_type=PYR HTTP/1.1" 200 2
[10/Jul/2026 06:07:35] "GET /api/v1/documents/list?site=8&doc_type=MR HTTP/1.1" 200 2478
[10/Jul/2026 06:07:36] "GET /api/v1/documents/list?site=8&doc_type=MAR&project=8 HTTP/1.1" 200 2
[10/Jul/2026 06:07:38] "GET /api/v1/projects/8 HTTP/1.1" 200 394
[10/Jul/2026 06:07:43] "GET /api/v1/projects/8/programme.pdf HTTP/1.1" 200 104631
[10/Jul/2026 06:08:17] "GET /api/v1/projects/8/programme HTTP/1.1" 200 2
[10/Jul/2026 06:08:17] "GET /api/v1/projects/8 HTTP/1.1" 200 394
[10/Jul/2026 06:08:18] "GET /api/v1/manpower-categories HTTP/1.1" 200 2664
[10/Jul/2026 06:08:19] "GET /api/v1/projects/8/documents HTTP/1.1" 200 147
[10/Jul/2026 06:08:20] "GET /api/v1/manpower-categories HTTP/1.1" 200 2664
[10/Jul/2026 06:08:21] "GET /api/v1/projects/8/documents HTTP/1.1" 200 147
[10/Jul/2026 06:08:36] "GET /api/v1/documents/DPR-MXR-001 HTTP/1.1" 200 2696
[10/Jul/2026 06:08:36] "GET /media/attachments/DPR-MXR-001/1000178863.jpg HTTP/1.1" 304 0
[10/Jul/2026 06:08:36] "GET /media/attachments/DPR-MXR-001/1000178860.jpg HTTP/1.1" 304 0
[10/Jul/2026 06:08:36] "GET /media/attachments/DPR-MXR-001/1000177648.jpg HTTP/1.1" 304 0
[10/Jul/2026 06:08:36] "GET /media/attachments/DPR-MXR-001/1000178850.jpg HTTP/1.1" 304 0
[10/Jul/2026 06:08:36] "GET /media/attachments/DPR-MXR-001/1000177648_0vw4J8x.jpg HTTP/1.1" 304 0
[10/Jul/2026 06:08:54] "GET /api/v1/manpower-categories HTTP/1.1" 200 2664
[10/Jul/2026 06:08:54] "GET /api/v1/projects/8/programme HTTP/1.1" 200 2
[10/Jul/2026 06:08:54] "GET /api/v1/projects/9/programme HTTP/1.1" 200 2
[10/Jul/2026 06:09:08] "GET / HTTP/1.1" 200 433
[10/Jul/2026 06:09:08] "GET /api/v1/auth/me HTTP/1.1" 200 253
[10/Jul/2026 06:09:09] "GET /api/v1/sites HTTP/1.1" 200 516
[10/Jul/2026 06:09:09] "GET /api/v1/dashboards/site/8 HTTP/1.1" 200 383
[10/Jul/2026 06:09:09] "GET /api/v1/registers/dpr-tws?site=8 HTTP/1.1" 200 1420
[10/Jul/2026 06:09:10] "GET /api/v1/documents/list?site=8&doc_type=IR HTTP/1.1" 200 2
[10/Jul/2026 06:09:10] "GET /api/v1/documents/list?site=8&doc_type=LM&status=DEPARTED HTTP/1.1" 200 2
[10/Jul/2026 06:09:10] "GET /api/v1/documents/list?site=8&doc_type=MAR HTTP/1.1" 200 2
[10/Jul/2026 06:09:10] "GET /api/v1/sites/8/projects HTTP/1.1" 200 820
[10/Jul/2026 06:09:10] "GET /api/v1/documents/list?site=8&doc_type=MR HTTP/1.1" 200 2478
[10/Jul/2026 06:09:10] "GET /api/v1/documents/list?site=8&doc_type=PYR HTTP/1.1" 200 2
[10/Jul/2026 06:09:12] "GET /api/v1/dashboards/site/8 HTTP/1.1" 200 383
[10/Jul/2026 06:09:12] "GET /api/v1/documents/list?site=8&doc_type=MAR&project=8 HTTP/1.1" 200 2
[10/Jul/2026 06:09:12] "GET /api/v1/documents/list?site=8&doc_type=LM&status=DEPARTED HTTP/1.1" 200 2
[10/Jul/2026 06:09:12] "GET /api/v1/documents/list?site=8&doc_type=PYR HTTP/1.1" 200 2
[10/Jul/2026 06:09:12] "GET /api/v1/registers/dpr-tws?site=8&project=8 HTTP/1.1" 200 1420
[10/Jul/2026 06:09:12] "GET /api/v1/documents/list?site=8&doc_type=MR HTTP/1.1" 200 2478
[10/Jul/2026 06:09:12] "GET /api/v1/documents/list?site=8&doc_type=IR&project=8 HTTP/1.1" 200 2
[10/Jul/2026 06:09:13] "GET /api/v1/projects/8 HTTP/1.1" 200 394
[10/Jul/2026 06:09:15] "GET /api/v1/projects/8/documents HTTP/1.1" 200 147
[10/Jul/2026 06:09:17] "GET /api/v1/projects/8/programme HTTP/1.1" 200 2
[10/Jul/2026 06:09:17] "GET /api/v1/projects/8 HTTP/1.1" 200 394
[10/Jul/2026 06:09:19] "GET /api/v1/manpower-categories HTTP/1.1" 200 2664
[10/Jul/2026 06:09:30] "GET /api/v1/projects/8/programme HTTP/1.1" 200 2
[10/Jul/2026 06:09:30] "GET /api/v1/projects/8 HTTP/1.1" 200 394
[10/Jul/2026 06:09:33] "GET /api/v1/manpower-categories HTTP/1.1" 200 2664
[10/Jul/2026 06:09:40] "GET / HTTP/1.1" 200 433
[10/Jul/2026 06:09:40] "GET /api/v1/auth/me HTTP/1.1" 200 253
[10/Jul/2026 06:09:40] "GET /api/v1/sites HTTP/1.1" 200 516
[10/Jul/2026 06:09:41] "GET /api/v1/documents/list?site=8&doc_type=IR HTTP/1.1" 200 2
[10/Jul/2026 06:09:41] "GET /api/v1/dashboards/site/8 HTTP/1.1" 200 383
[10/Jul/2026 06:09:41] "GET /api/v1/documents/list?site=8&doc_type=LM&status=DEPARTED HTTP/1.1" 200 2
[10/Jul/2026 06:09:41] "GET /api/v1/documents/list?site=8&doc_type=PYR HTTP/1.1" 200 2
[10/Jul/2026 06:09:41] "GET /api/v1/registers/dpr-tws?site=8 HTTP/1.1" 200 1420
[10/Jul/2026 06:09:41] "GET /api/v1/documents/list?site=8&doc_type=MAR HTTP/1.1" 200 2
[10/Jul/2026 06:09:41] "GET /api/v1/sites/8/projects HTTP/1.1" 200 820
[10/Jul/2026 06:09:41] "GET /api/v1/documents/list?site=8&doc_type=MR HTTP/1.1" 200 2478
[10/Jul/2026 06:09:52] "GET /api/v1/manpower-categories HTTP/1.1" 200 2664
[10/Jul/2026 06:09:52] "GET /api/v1/sites/8/manpower HTTP/1.1" 200 132
[10/Jul/2026 06:09:52] "GET /api/v1/documents/list?site=8&doc_type=DMA HTTP/1.1" 200 2
[10/Jul/2026 06:09:58] "GET /api/v1/dma-prefill?site=8&date=2026-07-10 HTTP/1.1" 200 26
[10/Jul/2026 06:13:10] "GET / HTTP/1.1" 200 433
[10/Jul/2026 06:13:11] "GET /api/v1/auth/me HTTP/1.1" 200 253
[10/Jul/2026 06:13:11] "GET /api/v1/sites HTTP/1.1" 200 516
[10/Jul/2026 06:13:12] "GET /api/v1/dashboards/site/8 HTTP/1.1" 200 383
[10/Jul/2026 06:13:12] "GET /api/v1/registers/dpr-tws?site=8 HTTP/1.1" 200 1420
[10/Jul/2026 06:13:12] "GET /api/v1/documents/list?site=8&doc_type=MR HTTP/1.1" 200 2478
[10/Jul/2026 06:13:12] "GET /api/v1/documents/list?site=8&doc_type=PYR HTTP/1.1" 200 2
[10/Jul/2026 06:13:12] "GET /api/v1/documents/list?site=8&doc_type=LM&status=DEPARTED HTTP/1.1" 200 2
[10/Jul/2026 06:13:12] "GET /api/v1/documents/list?site=8&doc_type=MAR HTTP/1.1" 200 2
[10/Jul/2026 06:13:12] "GET /api/v1/sites/8/projects HTTP/1.1" 200 820
[10/Jul/2026 06:13:12] "GET /api/v1/documents/list?site=8&doc_type=IR HTTP/1.1" 200 2
[10/Jul/2026 06:13:14] "GET /api/v1/dashboards/site/8 HTTP/1.1" 200 383
[10/Jul/2026 06:13:14] "GET /api/v1/documents/list?site=8&doc_type=IR&project=8 HTTP/1.1" 200 2
[10/Jul/2026 06:13:14] "GET /api/v1/documents/list?site=8&doc_type=LM&status=DEPARTED HTTP/1.1" 200 2
[10/Jul/2026 06:13:14] "GET /api/v1/registers/dpr-tws?site=8&project=8 HTTP/1.1" 200 1420
[10/Jul/2026 06:13:14] "GET /api/v1/documents/list?site=8&doc_type=MAR&project=8 HTTP/1.1" 200 2
[10/Jul/2026 06:13:14] "GET /api/v1/documents/list?site=8&doc_type=PYR HTTP/1.1" 200 2
[10/Jul/2026 06:13:14] "GET /api/v1/documents/list?site=8&doc_type=MR HTTP/1.1" 200 2478
[10/Jul/2026 06:13:16] "GET /api/v1/projects/8 HTTP/1.1" 200 394
[10/Jul/2026 06:13:17] "GET /api/v1/projects/8/documents HTTP/1.1" 200 147
[10/Jul/2026 06:13:33] "GET /api/v1/documents/DPR-MXR-001 HTTP/1.1" 200 2696
[10/Jul/2026 06:13:33] "GET /media/attachments/DPR-MXR-001/1000178860.jpg HTTP/1.1" 304 0
[10/Jul/2026 06:13:33] "GET /media/attachments/DPR-MXR-001/1000178850.jpg HTTP/1.1" 304 0
[10/Jul/2026 06:13:33] "GET /media/attachments/DPR-MXR-001/1000178863.jpg HTTP/1.1" 304 0
[10/Jul/2026 06:13:33] "GET /media/attachments/DPR-MXR-001/1000177648.jpg HTTP/1.1" 304 0
[10/Jul/2026 06:13:33] "GET /media/attachments/DPR-MXR-001/1000177648_0vw4J8x.jpg HTTP/1.1" 304 0
[10/Jul/2026 06:13:36] "GET /api/v1/manpower-categories HTTP/1.1" 200 2664
[10/Jul/2026 06:13:36] "GET /api/v1/projects/8/programme HTTP/1.1" 200 2
[10/Jul/2026 06:13:36] "GET /api/v1/projects/9/programme HTTP/1.1" 200 2
[10/Jul/2026 06:14:19] "PATCH /api/v1/documents/DPR-MXR-001 HTTP/1.1" 200 2859
[10/Jul/2026 06:14:20] "PATCH /api/v1/documents/DPR-MXR-001 HTTP/1.1" 200 2859
[10/Jul/2026 06:14:37] "PATCH /api/v1/documents/DPR-MXR-001 HTTP/1.1" 200 2883
[10/Jul/2026 06:16:28] "GET / HTTP/1.1" 200 433
[10/Jul/2026 06:16:29] "GET /api/v1/auth/me HTTP/1.1" 200 253
[10/Jul/2026 06:16:30] "GET /api/v1/sites HTTP/1.1" 200 516
[10/Jul/2026 06:16:30] "GET /api/v1/dashboards/site/8 HTTP/1.1" 200 383
[10/Jul/2026 06:16:30] "GET /api/v1/registers/dpr-tws?site=8 HTTP/1.1" 200 1420
[10/Jul/2026 06:16:30] "GET /api/v1/documents/list?site=8&doc_type=MR HTTP/1.1" 200 2478
[10/Jul/2026 06:16:30] "GET /api/v1/documents/list?site=8&doc_type=MAR HTTP/1.1" 200 2
[10/Jul/2026 06:16:30] "GET /api/v1/documents/list?site=8&doc_type=LM&status=DEPARTED HTTP/1.1" 200 2
[10/Jul/2026 06:16:31] "GET /api/v1/documents/list?site=8&doc_type=PYR HTTP/1.1" 200 2
[10/Jul/2026 06:16:31] "GET /api/v1/documents/list?site=8&doc_type=IR HTTP/1.1" 200 2
[10/Jul/2026 06:16:31] "GET /api/v1/sites/8/projects HTTP/1.1" 200 820
[10/Jul/2026 08:24:37] "GET / HTTP/1.1" 200 433
[10/Jul/2026 08:24:37] "GET /static/assets/index-D_QSfw6U.js HTTP/1.1" 304 0
[10/Jul/2026 08:24:37] "GET /static/assets/index-D3_lHPk2.css HTTP/1.1" 304 0
Not Found: /favicon.ico
[10/Jul/2026 08:24:38] "GET /favicon.ico HTTP/1.1" 404 2726
[10/Jul/2026 08:24:38] "GET /api/v1/auth/me HTTP/1.1" 200 253
[10/Jul/2026 08:24:39] "GET /api/v1/sites HTTP/1.1" 200 516
[10/Jul/2026 08:24:39] "GET /static/assets/barlow-condensed-latin-700-normal-v1xN8_Wq.woff2 HTTP/1.1" 304 0
[10/Jul/2026 08:24:39] "GET /static/assets/inter-latin-700-normal-Yt3aPRUw.woff2 HTTP/1.1" 304 0
[10/Jul/2026 08:24:39] "GET /static/assets/inter-latin-400-normal-C38fXH4l.woff2 HTTP/1.1" 304 0
[10/Jul/2026 08:24:39] "GET /static/assets/inter-latin-600-normal-LgqL8muc.woff2 HTTP/1.1" 304 0
[10/Jul/2026 08:24:39] "GET /api/v1/documents/list?site=8&doc_type=PYR HTTP/1.1" 200 2
[10/Jul/2026 08:24:39] "GET /api/v1/documents/list?site=8&doc_type=MAR HTTP/1.1" 200 2
[10/Jul/2026 08:24:39] "GET /api/v1/registers/dpr-tws?site=8 HTTP/1.1" 200 1420
[10/Jul/2026 08:24:39] "GET /api/v1/documents/list?site=8&doc_type=LM&status=DEPARTED HTTP/1.1" 200 2
[10/Jul/2026 08:24:39] "GET /api/v1/documents/list?site=8&doc_type=MR HTTP/1.1" 200 2478
[10/Jul/2026 08:24:39] "GET /api/v1/dashboards/site/8 HTTP/1.1" 200 383
[10/Jul/2026 08:24:39] "GET /api/v1/documents/list?site=8&doc_type=IR HTTP/1.1" 200 2
[10/Jul/2026 08:24:39] "GET /api/v1/sites/8/projects HTTP/1.1" 200 820
[10/Jul/2026 08:24:40] "GET /static/assets/ibm-plex-mono-latin-600-normal-BgSNZQsw.woff2 HTTP/1.1" 304 0
[10/Jul/2026 08:24:44] "GET /api/v1/dashboards/site/8 HTTP/1.1" 200 383
[10/Jul/2026 08:24:44] "GET /api/v1/registers/dpr-tws?site=8&project=8 HTTP/1.1" 200 1420
[10/Jul/2026 08:24:44] "GET /api/v1/documents/list?site=8&doc_type=LM&status=DEPARTED HTTP/1.1" 200 2
[10/Jul/2026 08:24:44] "GET /api/v1/documents/list?site=8&doc_type=IR&project=8 HTTP/1.1" 200 2
[10/Jul/2026 08:24:44] "GET /api/v1/documents/list?site=8&doc_type=PYR HTTP/1.1" 200 2
[10/Jul/2026 08:24:44] "GET /api/v1/documents/list?site=8&doc_type=MAR&project=8 HTTP/1.1" 200 2
[10/Jul/2026 08:24:44] "GET /api/v1/documents/list?site=8&doc_type=MR HTTP/1.1" 200 2478
[10/Jul/2026 08:24:49] "GET /api/v1/projects/8 HTTP/1.1" 200 394
[10/Jul/2026 08:24:53] "GET /api/v1/projects/8/documents HTTP/1.1" 200 147
[10/Jul/2026 08:24:59] "GET /api/v1/documents/DPR-MXR-001 HTTP/1.1" 200 2883
[10/Jul/2026 08:25:00] "GET /media/attachments/DPR-MXR-001/1000177648.jpg HTTP/1.1" 304 0
[10/Jul/2026 08:25:00] "GET /media/attachments/DPR-MXR-001/1000177648_0vw4J8x.jpg HTTP/1.1" 304 0
[10/Jul/2026 08:25:00] "GET /media/attachments/DPR-MXR-001/1000178850.jpg HTTP/1.1" 304 0
[10/Jul/2026 08:25:00] "GET /media/attachments/DPR-MXR-001/1000178863.jpg HTTP/1.1" 304 0
[10/Jul/2026 08:25:00] "GET /media/attachments/DPR-MXR-001/1000178860.jpg HTTP/1.1" 304 0
[10/Jul/2026 08:40:31] "GET / HTTP/1.1" 200 433
[10/Jul/2026 08:40:32] "GET /static/assets/index-D_QSfw6U.js HTTP/1.1" 200 429421
[10/Jul/2026 08:40:33] "GET /static/assets/index-D3_lHPk2.css HTTP/1.1" 200 24032
[10/Jul/2026 08:40:33] "GET /api/v1/auth/me HTTP/1.1" 200 23
Not Found: /favicon.ico
[10/Jul/2026 08:40:33] "GET /favicon.ico HTTP/1.1" 404 2726
[10/Jul/2026 08:40:34] "GET /static/assets/barlow-condensed-latin-700-normal-v1xN8_Wq.woff2 HTTP/1.1" 200 22444
[10/Jul/2026 08:40:34] "GET /static/assets/inter-latin-700-normal-Yt3aPRUw.woff2 HTTP/1.1" 200 24356
[10/Jul/2026 08:40:34] "GET /static/assets/inter-latin-600-normal-LgqL8muc.woff2 HTTP/1.1" 200 24452
[10/Jul/2026 08:40:34] "GET /static/assets/inter-latin-400-normal-C38fXH4l.woff2 HTTP/1.1" 200 23664
[10/Jul/2026 10:36:22] "GET / HTTP/1.1" 200 433
[10/Jul/2026 10:36:23] "GET /static/assets/index-D3_lHPk2.css HTTP/1.1" 304 0
[10/Jul/2026 10:36:23] "GET /static/assets/index-D_QSfw6U.js HTTP/1.1" 304 0
Not Found: /favicon.ico
[10/Jul/2026 10:36:23] "GET /favicon.ico HTTP/1.1" 404 2726
[10/Jul/2026 10:36:23] "GET /static/assets/inter-latin-400-normal-C38fXH4l.woff2 HTTP/1.1" 304 0
[10/Jul/2026 10:36:23] "GET /api/v1/auth/me HTTP/1.1" 200 291
[10/Jul/2026 10:36:24] "GET /api/v1/sites HTTP/1.1" 200 588
[10/Jul/2026 10:36:24] "GET /static/assets/inter-latin-700-normal-Yt3aPRUw.woff2 HTTP/1.1" 304 0
[10/Jul/2026 10:36:24] "GET /static/assets/barlow-condensed-latin-700-normal-v1xN8_Wq.woff2 HTTP/1.1" 304 0
[10/Jul/2026 10:36:25] "GET /static/assets/inter-latin-600-normal-LgqL8muc.woff2 HTTP/1.1" 304 0
[10/Jul/2026 10:36:25] "GET /api/v1/documents/list?site=4&doc_type=MAR HTTP/1.1" 200 2
[10/Jul/2026 10:36:25] "GET /api/v1/documents/list?site=4&doc_type=LM&status=DEPARTED HTTP/1.1" 200 2
[10/Jul/2026 10:36:25] "GET /api/v1/registers/dpr-tws?site=4 HTTP/1.1" 200 1437
[10/Jul/2026 10:36:25] "GET /api/v1/documents/list?site=4&doc_type=IR HTTP/1.1" 200 2
[10/Jul/2026 10:36:25] "GET /api/v1/dashboards/site/4 HTTP/1.1" 200 414
[10/Jul/2026 10:36:25] "GET /api/v1/sites/4/projects HTTP/1.1" 200 1280
[10/Jul/2026 10:36:25] "GET /api/v1/documents/list?site=4&doc_type=MR HTTP/1.1" 200 4579
[10/Jul/2026 10:36:25] "GET /api/v1/documents/list?site=4&doc_type=PYR HTTP/1.1" 200 13819
[10/Jul/2026 10:36:25] "GET /static/assets/ibm-plex-mono-latin-600-normal-BgSNZQsw.woff2 HTTP/1.1" 304 0
[10/Jul/2026 10:36:26] "GET /static/assets/ibm-plex-mono-latin-500-normal-DSY6xOcd.woff2 HTTP/1.1" 304 0
[10/Jul/2026 12:24:57] "GET /api/v1/health HTTP/1.1" 200 43
[10/Jul/2026 12:52:41] "GET /api/v1/health HTTP/1.1" 200 43
[10/Jul/2026 13:52:16] "GET /api/v1/health HTTP/1.1" 200 43
[10/Jul/2026 13:56:24] "GET /media/guide/Planet_User_Guide_R2.pdf HTTP/1.1" 200 4206348
[10/Jul/2026 13:56:41] "GET /media/guide/Planet_User_Guide_R2.pdf HTTP/1.1" 200 4206348
[10/Jul/2026 13:58:35] "GET /media/guide/Planet_User_Guide_R2.pdf HTTP/1.1" 200 4206345
[10/Jul/2026 14:00:29] "GET /media/guide/Planet_User_Guide_R2.pdf HTTP/1.1" 200 4206345
[10/Jul/2026 14:00:32] "GET /media/guide/Planet_User_Guide_R2.pdf HTTP/1.1" 200 4206345
Not Found: /favicon.ico
[10/Jul/2026 14:00:33] "GET /favicon.ico HTTP/1.1" 404 2726
[10/Jul/2026 14:00:36] "GET /media/guide/Planet_User_Guide_R2.pdf HTTP/1.1" 200 4206345
[10/Jul/2026 14:00:42] "GET /media/guide/Planet_User_Guide_R2.pdf HTTP/1.1" 200 4206345
[10/Jul/2026 14:00:47] "GET /media/guide/Planet_User_Guide_R2.pdf HTTP/1.1" 200 4206345
Not Found: /favicon.ico
[10/Jul/2026 14:00:52] "GET /favicon.ico HTTP/1.1" 404 2726
[10/Jul/2026 14:00:53] "GET /media/guide/Planet_User_Guide_R2.pdf HTTP/1.1" 200 4206345
[10/Jul/2026 14:01:01] "GET /media/guide/Planet_User_Guide_R2.pdf HTTP/1.1" 200 4206345
[10/Jul/2026 14:01:04] "GET /media/guide/Planet_User_Guide_R2.pdf HTTP/1.1" 200 4206345
[10/Jul/2026 14:01:10] "GET /media/guide/Planet_User_Guide_R2.pdf HTTP/1.1" 200 4206345
Not Found: /favicon.ico
[10/Jul/2026 14:01:11] "GET /favicon.ico HTTP/1.1" 404 2726
[10/Jul/2026 14:01:15] "GET /media/guide/Planet_User_Guide_R2.pdf HTTP/1.1" 200 4206345
[10/Jul/2026 14:01:15] "GET /media/guide/Planet_User_Guide_R2.pdf HTTP/1.1" 200 4206345
[10/Jul/2026 14:01:22] "GET /media/guide/Planet_User_Guide_R2.pdf HTTP/1.1" 200 4206345
[10/Jul/2026 14:01:24] "GET /media/guide/Planet_User_Guide_R2.pdf HTTP/1.1" 200 4206345
[10/Jul/2026 14:01:33] "GET /media/guide/Planet_User_Guide_R2.pdf HTTP/1.1" 200 4206345
[10/Jul/2026 14:01:35] "GET /media/guide/Planet_User_Guide_R2.pdf HTTP/1.1" 200 4206345
[10/Jul/2026 14:01:35] "GET /media/guide/Planet_User_Guide_R2.pdf HTTP/1.1" 200 4206345
[10/Jul/2026 14:01:37] "GET /media/guide/Planet_User_Guide_R2.pdf HTTP/1.1" 200 4206345
Not Found: /favicon.ico
[10/Jul/2026 14:01:39] "GET /favicon.ico HTTP/1.1" 404 2726
[10/Jul/2026 14:01:45] "GET /media/guide/Planet_User_Guide_R2.pdf HTTP/1.1" 200 4206345
[10/Jul/2026 14:01:46] "GET /media/guide/Planet_User_Guide_R2.pdf HTTP/1.1" 200 4206345
[10/Jul/2026 14:01:46] "GET /media/guide/Planet_User_Guide_R2.pdf HTTP/1.1" 200 4206345
Not Found: /favicon.ico
[10/Jul/2026 14:03:08] "GET /favicon.ico HTTP/1.1" 404 2726
[10/Jul/2026 14:03:08] "GET /media/guide/Planet_User_Guide_R2.pdf HTTP/1.1" 200 4206345
[10/Jul/2026 14:03:15] "GET /media/guide/Planet_User_Guide_R2.pdf HTTP/1.1" 304 0
Not Found: /favicon.ico
[10/Jul/2026 14:03:16] "GET /favicon.ico HTTP/1.1" 404 2726
[10/Jul/2026 14:03:42] "GET /media/guide/Planet_User_Guide_R2.pdf HTTP/1.1" 200 4206345
[10/Jul/2026 14:03:42] "GET /media/guide/Planet_User_Guide_R2.pdf HTTP/1.1" 200 4206345
[10/Jul/2026 14:03:43] "GET /media/guide/Planet_User_Guide_R2.pdf HTTP/1.1" 200 4206345
[10/Jul/2026 14:03:47] "GET /media/guide/Planet_User_Guide_R2.pdf HTTP/1.1" 200 4206345
[10/Jul/2026 14:03:47] "GET /media/guide/Planet_User_Guide_R2.pdf HTTP/1.1" 200 4206345
[10/Jul/2026 14:05:05] "GET /media/guide/Planet_User_Guide_R2.pdf HTTP/1.1" 200 4206345
[10/Jul/2026 14:05:07] "GET /media/guide/Planet_User_Guide_R2.pdf HTTP/1.1" 200 4206345
[10/Jul/2026 14:05:07] "GET /media/guide/Planet_User_Guide_R2.pdf HTTP/1.1" 200 4206345
[10/Jul/2026 14:05:15] "GET /media/guide/Planet_User_Guide_R2.pdf HTTP/1.1" 200 4206345
[10/Jul/2026 14:05:24] "GET /media/guide/Planet_User_Guide_R2.pdf HTTP/1.1" 200 4206345
[10/Jul/2026 14:05:24] "GET / HTTP/1.1" 200 433
[10/Jul/2026 14:05:25] "GET /static/assets/index-D3_lHPk2.css HTTP/1.1" 304 0
[10/Jul/2026 14:05:25] "GET /static/assets/index-D_QSfw6U.js HTTP/1.1" 304 0
Not Found: /favicon.ico
[10/Jul/2026 14:05:26] "GET /favicon.ico HTTP/1.1" 404 2726
[10/Jul/2026 14:05:26] "GET /api/v1/auth/me HTTP/1.1" 200 253
[10/Jul/2026 14:05:27] "GET /api/v1/sites HTTP/1.1" 200 516
[10/Jul/2026 14:05:27] "GET /static/assets/barlow-condensed-latin-700-normal-v1xN8_Wq.woff2 HTTP/1.1" 304 0
[10/Jul/2026 14:05:27] "GET /static/assets/inter-latin-400-normal-C38fXH4l.woff2 HTTP/1.1" 304 0
[10/Jul/2026 14:05:27] "GET /static/assets/inter-latin-700-normal-Yt3aPRUw.woff2 HTTP/1.1" 304 0
[10/Jul/2026 14:05:27] "GET /api/v1/registers/dpr-tws?site=8 HTTP/1.1" 200 1420
[10/Jul/2026 14:05:27] "GET /api/v1/dashboards/site/8 HTTP/1.1" 200 383
[10/Jul/2026 14:05:27] "GET /api/v1/documents/list?site=8&doc_type=MAR HTTP/1.1" 200 2
[10/Jul/2026 14:05:27] "GET /api/v1/documents/list?site=8&doc_type=IR HTTP/1.1" 200 2
[10/Jul/2026 14:05:27] "GET /api/v1/sites/8/projects HTTP/1.1" 200 820
[10/Jul/2026 14:05:27] "GET /api/v1/documents/list?site=8&doc_type=PYR HTTP/1.1" 200 2
[10/Jul/2026 14:05:28] "GET /static/assets/inter-latin-600-normal-LgqL8muc.woff2 HTTP/1.1" 304 0
[10/Jul/2026 14:05:28] "GET /api/v1/documents/list?site=8&doc_type=LM&status=DEPARTED HTTP/1.1" 200 2
[10/Jul/2026 14:05:28] "GET /api/v1/documents/list?site=8&doc_type=MR HTTP/1.1" 200 2478
[10/Jul/2026 14:05:28] "GET /static/assets/ibm-plex-mono-latin-600-normal-BgSNZQsw.woff2 HTTP/1.1" 304 0
[10/Jul/2026 14:05:30] "GET /media/guide/Planet_User_Guide_R2.pdf HTTP/1.1" 200 4206345
[10/Jul/2026 14:05:30] "GET /media/guide/Planet_User_Guide_R2.pdf HTTP/1.1" 200 4206345
[10/Jul/2026 14:05:30] "GET /media/guide/Planet_User_Guide_R2.pdf HTTP/1.1" 200 4206345
[10/Jul/2026 14:05:30] "GET /media/guide/Planet_User_Guide_R2.pdf HTTP/1.1" 200 4206345
[10/Jul/2026 14:05:31] "GET /api/v1/projects/9/programme HTTP/1.1" 200 2
[10/Jul/2026 14:05:31] "GET /api/v1/manpower-categories HTTP/1.1" 200 2664
[10/Jul/2026 14:05:31] "GET /api/v1/projects/8/programme HTTP/1.1" 200 2
[10/Jul/2026 14:05:34] "GET /media/guide/Planet_User_Guide_R2.pdf HTTP/1.1" 200 4206345
[10/Jul/2026 14:05:34] "GET /media/guide/Planet_User_Guide_R2.pdf HTTP/1.1" 200 4206345
[10/Jul/2026 14:05:34] "GET /media/guide/Planet_User_Guide_R2.pdf HTTP/1.1" 200 4206345
[10/Jul/2026 14:05:35] "GET /media/guide/Planet_User_Guide_R2.pdf HTTP/1.1" 200 4206345
[10/Jul/2026 14:05:36] "GET /media/guide/Planet_User_Guide_R2.pdf HTTP/1.1" 200 4206345
[10/Jul/2026 14:05:36] "GET /media/guide/Planet_User_Guide_R2.pdf HTTP/1.1" 200 4206345
[10/Jul/2026 14:05:36] "GET /media/guide/Planet_User_Guide_R2.pdf HTTP/1.1" 200 4206345
[10/Jul/2026 14:05:36] "GET /media/guide/Planet_User_Guide_R2.pdf HTTP/1.1" 200 4206345
[10/Jul/2026 14:05:37] "GET /media/guide/Planet_User_Guide_R2.pdf HTTP/1.1" 200 4206345
[10/Jul/2026 14:05:37] "GET /media/guide/Planet_User_Guide_R2.pdf HTTP/1.1" 200 4206345
[10/Jul/2026 14:05:37] "GET /media/guide/Planet_User_Guide_R2.pdf HTTP/1.1" 200 4206345
[10/Jul/2026 14:05:37] "GET / HTTP/1.1" 200 433
[10/Jul/2026 14:05:37] "GET /media/guide/Planet_User_Guide_R2.pdf HTTP/1.1" 200 4206345
[10/Jul/2026 14:05:38] "GET /api/v1/auth/me HTTP/1.1" 200 253
[10/Jul/2026 14:05:38] "GET /api/v1/sites HTTP/1.1" 200 516
[10/Jul/2026 14:05:39] "GET /api/v1/dashboards/site/8 HTTP/1.1" 200 383
[10/Jul/2026 14:05:39] "GET /api/v1/documents/list?site=8&doc_type=PYR HTTP/1.1" 200 2
[10/Jul/2026 14:05:39] "GET /api/v1/sites/8/projects HTTP/1.1" 200 820
[10/Jul/2026 14:05:39] "GET /api/v1/registers/dpr-tws?site=8 HTTP/1.1" 200 1420
[10/Jul/2026 14:05:39] "GET /api/v1/documents/list?site=8&doc_type=IR HTTP/1.1" 200 2
[10/Jul/2026 14:05:39] "GET /api/v1/documents/list?site=8&doc_type=LM&status=DEPARTED HTTP/1.1" 200 2
[10/Jul/2026 14:05:39] "GET /api/v1/documents/list?site=8&doc_type=MAR HTTP/1.1" 200 2
[10/Jul/2026 14:05:39] "GET /api/v1/documents/list?site=8&doc_type=MR HTTP/1.1" 200 2478
[10/Jul/2026 14:06:01] "GET /api/v1/documents/DPR-MXR-001 HTTP/1.1" 200 2883
[10/Jul/2026 14:06:02] "GET /media/attachments/DPR-MXR-001/1000178860.jpg HTTP/1.1" 304 0
[10/Jul/2026 14:06:02] "GET /media/attachments/DPR-MXR-001/1000178850.jpg HTTP/1.1" 304 0
[10/Jul/2026 14:06:02] "GET /media/attachments/DPR-MXR-001/1000177648.jpg HTTP/1.1" 304 0
[10/Jul/2026 14:06:02] "GET /media/attachments/DPR-MXR-001/1000177648_0vw4J8x.jpg HTTP/1.1" 304 0
[10/Jul/2026 14:06:02] "GET /media/attachments/DPR-MXR-001/1000178863.jpg HTTP/1.1" 304 0
[10/Jul/2026 14:10:37] "GET /media/guide/Planet_User_Guide_R2.pdf HTTP/1.1" 200 4206345
[10/Jul/2026 14:10:39] "GET /media/guide/Planet_User_Guide_R2.pdf HTTP/1.1" 200 4206345
[10/Jul/2026 14:10:39] "GET /media/guide/Planet_User_Guide_R2.pdf HTTP/1.1" 200 4206345
[10/Jul/2026 14:11:16] "GET /media/guide/Planet_User_Guide_R2.pdf HTTP/1.1" 200 4206345
Not Found: /favicon.ico
[10/Jul/2026 14:11:18] "GET /favicon.ico HTTP/1.1" 404 2726
[10/Jul/2026 14:13:52] "GET /media/guide/Planet_User_Guide_R2.pdf HTTP/1.1" 200 4206345
[10/Jul/2026 14:13:54] "GET /media/guide/Planet_User_Guide_R2.pdf HTTP/1.1" 200 4206345
[10/Jul/2026 14:13:54] "GET /media/guide/Planet_User_Guide_R2.pdf HTTP/1.1" 200 4206345
[10/Jul/2026 14:23:01] "GET /media/guide/Planet_User_Guide_R2.pdf HTTP/1.1" 200 4206345
Not Found: /favicon.ico
[10/Jul/2026 14:23:04] "GET /favicon.ico HTTP/1.1" 404 2726
[10/Jul/2026 14:23:09] "GET /media/guide/Planet_User_Guide_R2.pdf HTTP/1.1" 200 4206345
[10/Jul/2026 14:40:29] "GET / HTTP/1.1" 200 433
[10/Jul/2026 14:40:30] "GET /static/assets/index-D3_lHPk2.css HTTP/1.1" 200 24032
[10/Jul/2026 14:40:30] "GET /static/assets/index-D_QSfw6U.js HTTP/1.1" 200 429421
Not Found: /favicon.ico
[10/Jul/2026 14:40:31] "GET /api/v1/auth/me HTTP/1.1" 200 268
[10/Jul/2026 14:40:31] "GET /favicon.ico HTTP/1.1" 404 2726
[10/Jul/2026 14:40:31] "GET /api/v1/sites HTTP/1.1" 200 588
[10/Jul/2026 14:40:32] "GET /api/v1/registers/dpr-tws?site=4 HTTP/1.1" 200 1437
[10/Jul/2026 14:40:32] "GET /api/v1/documents/list?site=4&doc_type=IR HTTP/1.1" 200 2
[10/Jul/2026 14:40:32] "GET /api/v1/documents/list?site=4&doc_type=MAR HTTP/1.1" 200 2
[10/Jul/2026 14:40:32] "GET /api/v1/documents/list?site=4&doc_type=LM&status=DEPARTED HTTP/1.1" 200 2
[10/Jul/2026 14:40:32] "GET /api/v1/sites/4/projects HTTP/1.1" 200 1280
[10/Jul/2026 14:40:32] "GET /api/v1/dashboards/site/4 HTTP/1.1" 200 414
[10/Jul/2026 14:40:32] "GET /api/v1/documents/list?site=4&doc_type=MR HTTP/1.1" 200 4579
[10/Jul/2026 14:40:32] "GET /api/v1/documents/list?site=4&doc_type=PYR HTTP/1.1" 200 13819
[10/Jul/2026 14:40:32] "GET /static/assets/barlow-condensed-latin-700-normal-v1xN8_Wq.woff2 HTTP/1.1" 200 22444
[10/Jul/2026 14:40:33] "GET /static/assets/inter-latin-700-normal-Yt3aPRUw.woff2 HTTP/1.1" 200 24356
[10/Jul/2026 14:40:33] "GET /static/assets/inter-latin-400-normal-C38fXH4l.woff2 HTTP/1.1" 200 23664
[10/Jul/2026 14:40:33] "GET /static/assets/inter-latin-600-normal-LgqL8muc.woff2 HTTP/1.1" 200 24452
[10/Jul/2026 14:40:33] "GET /static/assets/ibm-plex-mono-latin-600-normal-BgSNZQsw.woff2 HTTP/1.1" 200 15620
[10/Jul/2026 14:40:33] "GET /static/assets/ibm-plex-mono-latin-500-normal-DSY6xOcd.woff2 HTTP/1.1" 200 14888
[10/Jul/2026 15:12:31] "GET / HTTP/1.1" 200 433
[10/Jul/2026 15:12:32] "GET /static/assets/index-D3_lHPk2.css HTTP/1.1" 200 24032
[10/Jul/2026 15:12:32] "GET /static/assets/index-D_QSfw6U.js HTTP/1.1" 200 429421
Not Found: /favicon.ico
[10/Jul/2026 15:12:33] "GET /favicon.ico HTTP/1.1" 404 2726
[10/Jul/2026 15:12:33] "GET /static/assets/inter-latin-400-normal-C38fXH4l.woff2 HTTP/1.1" 200 23664
[10/Jul/2026 15:12:33] "GET /api/v1/auth/me HTTP/1.1" 200 291
[10/Jul/2026 15:12:33] "GET /static/assets/barlow-condensed-latin-700-normal-v1xN8_Wq.woff2 HTTP/1.1" 200 22444
[10/Jul/2026 15:12:33] "GET /api/v1/sites HTTP/1.1" 200 588
[10/Jul/2026 15:12:33] "GET /static/assets/inter-latin-700-normal-Yt3aPRUw.woff2 HTTP/1.1" 200 24356
[10/Jul/2026 15:12:34] "GET /static/assets/inter-latin-600-normal-LgqL8muc.woff2 HTTP/1.1" 200 24452
[10/Jul/2026 15:12:34] "GET /api/v1/registers/dpr-tws?site=4 HTTP/1.1" 200 1437
[10/Jul/2026 15:12:34] "GET /api/v1/documents/list?site=4&doc_type=IR HTTP/1.1" 200 2
[10/Jul/2026 15:12:34] "GET /api/v1/dashboards/site/4 HTTP/1.1" 200 414
[10/Jul/2026 15:12:34] "GET /api/v1/documents/list?site=4&doc_type=MAR HTTP/1.1" 200 2
[10/Jul/2026 15:12:34] "GET /api/v1/documents/list?site=4&doc_type=LM&status=DEPARTED HTTP/1.1" 200 2
[10/Jul/2026 15:12:34] "GET /api/v1/sites/4/projects HTTP/1.1" 200 1280
[10/Jul/2026 15:12:34] "GET /api/v1/documents/list?site=4&doc_type=MR HTTP/1.1" 200 4579
[10/Jul/2026 15:12:34] "GET /api/v1/documents/list?site=4&doc_type=PYR HTTP/1.1" 200 13819
[10/Jul/2026 15:12:34] "GET /static/assets/ibm-plex-mono-latin-600-normal-BgSNZQsw.woff2 HTTP/1.1" 200 15620
[10/Jul/2026 15:12:35] "GET /static/assets/ibm-plex-mono-latin-500-normal-DSY6xOcd.woff2 HTTP/1.1" 200 14888
[10/Jul/2026 17:56:27] "GET /api/v1/approvals/pending HTTP/1.1" 200 23
[10/Jul/2026 18:16:36] "GET / HTTP/1.1" 200 433
[10/Jul/2026 18:16:36] "GET /static/assets/index-D_QSfw6U.js HTTP/1.1" 200 429421
[10/Jul/2026 18:16:36] "GET /static/assets/index-D3_lHPk2.css HTTP/1.1" 200 24032
[10/Jul/2026 18:16:37] "GET /api/v1/auth/me HTTP/1.1" 200 23
[10/Jul/2026 18:16:38] "GET /static/assets/barlow-condensed-latin-700-normal-v1xN8_Wq.woff2 HTTP/1.1" 200 22444
[10/Jul/2026 18:16:38] "GET /static/assets/inter-latin-400-normal-C38fXH4l.woff2 HTTP/1.1" 200 23664
[10/Jul/2026 18:16:38] "GET /static/assets/inter-latin-700-normal-Yt3aPRUw.woff2 HTTP/1.1" 200 24356
[10/Jul/2026 18:16:38] "GET /static/assets/inter-latin-600-normal-LgqL8muc.woff2 HTTP/1.1" 200 24452
[10/Jul/2026 18:16:52] "GET / HTTP/1.1" 200 433
[10/Jul/2026 18:16:52] "GET /api/v1/auth/me HTTP/1.1" 200 23
[10/Jul/2026 18:17:00] "POST /api/v1/auth/login HTTP/1.1" 200 268
[10/Jul/2026 18:17:01] "GET /api/v1/sites HTTP/1.1" 200 588
[10/Jul/2026 18:17:01] "GET /api/v1/documents/list?site=4&doc_type=IR HTTP/1.1" 200 2
[10/Jul/2026 18:17:01] "GET /api/v1/documents/list?site=4&doc_type=LM&status=DEPARTED HTTP/1.1" 200 2
[10/Jul/2026 18:17:01] "GET /api/v1/documents/list?site=4&doc_type=MAR HTTP/1.1" 200 2
[10/Jul/2026 18:17:01] "GET /api/v1/documents/list?site=4&doc_type=MR HTTP/1.1" 200 4579
[10/Jul/2026 18:17:01] "GET /api/v1/dashboards/site/4 HTTP/1.1" 200 414
[10/Jul/2026 18:17:01] "GET /api/v1/registers/dpr-tws?site=4 HTTP/1.1" 200 1437
[10/Jul/2026 18:17:01] "GET /api/v1/sites/4/projects HTTP/1.1" 200 1280
[10/Jul/2026 18:17:01] "GET /api/v1/documents/list?site=4&doc_type=PYR HTTP/1.1" 200 13819
[10/Jul/2026 18:17:02] "GET /static/assets/ibm-plex-mono-latin-600-normal-BgSNZQsw.woff2 HTTP/1.1" 200 15620
[10/Jul/2026 18:17:02] "GET /static/assets/ibm-plex-mono-latin-500-normal-DSY6xOcd.woff2 HTTP/1.1" 200 14888
[10/Jul/2026 18:17:42] "GET /api/v1/documents/list?site=4&doc_type=MAR&project=5 HTTP/1.1" 200 2
[10/Jul/2026 18:17:42] "GET /api/v1/documents/list?site=4&doc_type=LM&status=DEPARTED HTTP/1.1" 200 2
[10/Jul/2026 18:17:42] "GET /api/v1/documents/list?site=4&doc_type=IR&project=5 HTTP/1.1" 200 2
[10/Jul/2026 18:17:42] "GET /api/v1/registers/dpr-tws?site=4&project=5 HTTP/1.1" 200 1437
[10/Jul/2026 18:17:42] "GET /api/v1/dashboards/site/4 HTTP/1.1" 200 414
[10/Jul/2026 18:17:42] "GET /api/v1/documents/list?site=4&doc_type=MR HTTP/1.1" 200 4579
[10/Jul/2026 18:17:42] "GET /api/v1/documents/list?site=4&doc_type=PYR HTTP/1.1" 200 13819
[10/Jul/2026 18:45:30] "GET / HTTP/1.1" 200 433
[10/Jul/2026 18:45:31] "GET /static/assets/index-D3_lHPk2.css HTTP/1.1" 304 0
[10/Jul/2026 18:45:31] "GET /static/assets/index-D_QSfw6U.js HTTP/1.1" 304 0
Not Found: /favicon.ico
[10/Jul/2026 18:45:32] "GET /favicon.ico HTTP/1.1" 404 2726
[10/Jul/2026 18:45:32] "GET /api/v1/auth/me HTTP/1.1" 200 268
[10/Jul/2026 18:45:34] "GET /static/assets/barlow-condensed-latin-700-normal-v1xN8_Wq.woff2 HTTP/1.1" 304 0
[10/Jul/2026 18:45:34] "GET /static/assets/inter-latin-700-normal-Yt3aPRUw.woff2 HTTP/1.1" 304 0
[10/Jul/2026 18:45:34] "GET /static/assets/inter-latin-400-normal-C38fXH4l.woff2 HTTP/1.1" 304 0
[10/Jul/2026 18:45:34] "GET /api/v1/sites HTTP/1.1" 200 588
[10/Jul/2026 18:45:34] "GET /api/v1/documents/list?site=4&doc_type=LM&status=DEPARTED HTTP/1.1" 200 2
[10/Jul/2026 18:45:34] "GET /api/v1/registers/dpr-tws?site=4 HTTP/1.1" 200 1437
[10/Jul/2026 18:45:34] "GET /api/v1/documents/list?site=4&doc_type=MAR HTTP/1.1" 200 2
[10/Jul/2026 18:45:34] "GET /api/v1/documents/list?site=4&doc_type=IR HTTP/1.1" 200 2
[10/Jul/2026 18:45:34] "GET /api/v1/dashboards/site/4 HTTP/1.1" 200 414
[10/Jul/2026 18:45:34] "GET /static/assets/inter-latin-600-normal-LgqL8muc.woff2 HTTP/1.1" 304 0
[10/Jul/2026 18:45:34] "GET /api/v1/documents/list?site=4&doc_type=MR HTTP/1.1" 200 4579
[10/Jul/2026 18:45:34] "GET /api/v1/sites/4/projects HTTP/1.1" 200 1280
[10/Jul/2026 18:45:34] "GET /api/v1/documents/list?site=4&doc_type=PYR HTTP/1.1" 200 13819
[10/Jul/2026 18:45:36] "GET /static/assets/ibm-plex-mono-latin-600-normal-BgSNZQsw.woff2 HTTP/1.1" 304 0
[10/Jul/2026 18:45:36] "GET /static/assets/ibm-plex-mono-latin-500-normal-DSY6xOcd.woff2 HTTP/1.1" 304 0
[10/Jul/2026 18:45:39] "GET /api/v1/attendance?site=4&date=2026-07-10 HTTP/1.1" 200 59
[10/Jul/2026 18:46:03] "GET / HTTP/1.1" 200 433
[10/Jul/2026 18:46:03] "GET /api/v1/auth/me HTTP/1.1" 200 268
[10/Jul/2026 18:46:04] "GET /api/v1/sites HTTP/1.1" 200 588
[10/Jul/2026 18:46:04] "GET /api/v1/documents/list?site=4&doc_type=MAR HTTP/1.1" 200 2
[10/Jul/2026 18:46:04] "GET /api/v1/documents/list?site=4&doc_type=IR HTTP/1.1" 200 2
[10/Jul/2026 18:46:04] "GET /api/v1/dashboards/site/4 HTTP/1.1" 200 414
[10/Jul/2026 18:46:04] "GET /api/v1/registers/dpr-tws?site=4 HTTP/1.1" 200 1437
[10/Jul/2026 18:46:04] "GET /api/v1/documents/list?site=4&doc_type=LM&status=DEPARTED HTTP/1.1" 200 2
[10/Jul/2026 18:46:04] "GET /api/v1/sites/4/projects HTTP/1.1" 200 1280
[10/Jul/2026 18:46:04] "GET /api/v1/documents/list?site=4&doc_type=MR HTTP/1.1" 200 4579
[10/Jul/2026 18:46:04] "GET /api/v1/documents/list?site=4&doc_type=PYR HTTP/1.1" 200 13819
[10/Jul/2026 18:46:12] "GET /api/v1/manpower-categories HTTP/1.1" 200 2664
[10/Jul/2026 18:46:12] "GET /api/v1/projects/1/programme HTTP/1.1" 200 1701
[10/Jul/2026 18:46:12] "GET /api/v1/projects/5/programme HTTP/1.1" 200 2
Not Found: /favicon.ico
[10/Jul/2026 19:19:08] "GET /favicon.ico HTTP/1.1" 404 2726
[10/Jul/2026 19:19:09] "GET /media/guide/Planet_User_Guide_R2.pdf HTTP/1.1" 200 4206345
[10/Jul/2026 19:20:41] "GET / HTTP/1.1" 200 433
[10/Jul/2026 19:20:41] "GET / HTTP/1.1" 200 433
[10/Jul/2026 19:20:41] "GET / HTTP/1.1" 200 433
[10/Jul/2026 19:20:42] "GET /api/v1/auth/me HTTP/1.1" 200 268
[10/Jul/2026 19:20:42] "GET /api/v1/sites HTTP/1.1" 200 588
[10/Jul/2026 19:20:43] "GET /api/v1/documents/list?site=4&doc_type=IR HTTP/1.1" 200 2
[10/Jul/2026 19:20:43] "GET /api/v1/documents/list?site=4&doc_type=MAR HTTP/1.1" 200 2
[10/Jul/2026 19:20:43] "GET /api/v1/sites/4/projects HTTP/1.1" 200 1280
[10/Jul/2026 19:20:43] "GET /api/v1/registers/dpr-tws?site=4 HTTP/1.1" 200 1437
[10/Jul/2026 19:20:43] "GET /api/v1/documents/list?site=4&doc_type=MR HTTP/1.1" 200 4579
[10/Jul/2026 19:20:43] "GET /api/v1/documents/list?site=4&doc_type=LM&status=DEPARTED HTTP/1.1" 200 2
[10/Jul/2026 19:20:43] "GET /api/v1/documents/list?site=4&doc_type=PYR HTTP/1.1" 200 13819
[10/Jul/2026 19:20:43] "GET /api/v1/dashboards/site/4 HTTP/1.1" 200 414
[10/Jul/2026 19:20:55] "GET / HTTP/1.1" 200 433
[10/Jul/2026 19:20:55] "GET /static/assets/index-D3_lHPk2.css HTTP/1.1" 200 24032
[10/Jul/2026 19:20:55] "GET /static/assets/index-D_QSfw6U.js HTTP/1.1" 200 429421
[10/Jul/2026 19:20:56] "GET /api/v1/auth/me HTTP/1.1" 200 23
[10/Jul/2026 19:20:56] "GET /static/assets/barlow-condensed-latin-700-normal-v1xN8_Wq.woff2 HTTP/1.1" 200 22444
[10/Jul/2026 19:20:56] "GET /static/assets/inter-latin-700-normal-Yt3aPRUw.woff2 HTTP/1.1" 200 24356
[10/Jul/2026 19:20:56] "GET /static/assets/inter-latin-400-normal-C38fXH4l.woff2 HTTP/1.1" 200 23664
[10/Jul/2026 19:20:57] "GET /static/assets/inter-latin-600-normal-LgqL8muc.woff2 HTTP/1.1" 200 24452
Bad Request: /api/v1/auth/login
[10/Jul/2026 19:21:19] "POST /api/v1/auth/login HTTP/1.1" 400 33
[10/Jul/2026 19:21:52] "POST /api/v1/auth/login HTTP/1.1" 200 268
[10/Jul/2026 19:21:52] "GET /api/v1/sites HTTP/1.1" 200 588
[10/Jul/2026 19:21:53] "GET /api/v1/registers/dpr-tws?site=4 HTTP/1.1" 200 1437
[10/Jul/2026 19:21:53] "GET /api/v1/dashboards/site/4 HTTP/1.1" 200 414
[10/Jul/2026 19:21:53] "GET /api/v1/documents/list?site=4&doc_type=MAR HTTP/1.1" 200 2
[10/Jul/2026 19:21:53] "GET /api/v1/documents/list?site=4&doc_type=LM&status=DEPARTED HTTP/1.1" 200 2
[10/Jul/2026 19:21:53] "GET /api/v1/sites/4/projects HTTP/1.1" 200 1280
[10/Jul/2026 19:21:53] "GET /api/v1/documents/list?site=4&doc_type=MR HTTP/1.1" 200 4579
[10/Jul/2026 19:21:53] "GET /api/v1/documents/list?site=4&doc_type=PYR HTTP/1.1" 200 13819
[10/Jul/2026 19:21:53] "GET /api/v1/documents/list?site=4&doc_type=IR HTTP/1.1" 200 2
[10/Jul/2026 19:21:54] "GET /static/assets/ibm-plex-mono-latin-600-normal-BgSNZQsw.woff2 HTTP/1.1" 200 15620
[10/Jul/2026 19:21:54] "GET /static/assets/ibm-plex-mono-latin-500-normal-DSY6xOcd.woff2 HTTP/1.1" 200 14888
[10/Jul/2026 19:21:59] "GET /api/v1/projects/5/programme HTTP/1.1" 200 2
[10/Jul/2026 19:21:59] "GET /api/v1/manpower-categories HTTP/1.1" 200 2664
[10/Jul/2026 19:21:59] "GET /api/v1/projects/1/programme HTTP/1.1" 200 1701
[10/Jul/2026 19:22:16] "GET /media/guide/Planet_User_Guide_R2.pdf HTTP/1.1" 200 4206345
[10/Jul/2026 19:22:18] "GET /api/v1/dashboards/site/4 HTTP/1.1" 200 414
[10/Jul/2026 19:22:18] "GET /api/v1/registers/dpr-tws?site=4 HTTP/1.1" 200 1437
[10/Jul/2026 19:22:18] "GET /api/v1/documents/list?site=4&doc_type=MAR HTTP/1.1" 200 2
[10/Jul/2026 19:22:18] "GET /api/v1/documents/list?site=4&doc_type=LM&status=DEPARTED HTTP/1.1" 200 2
[10/Jul/2026 19:22:18] "GET /api/v1/documents/list?site=4&doc_type=IR HTTP/1.1" 200 2
[10/Jul/2026 19:22:18] "GET /api/v1/sites/4/projects HTTP/1.1" 200 1280
[10/Jul/2026 19:22:18] "GET /api/v1/documents/list?site=4&doc_type=MR HTTP/1.1" 200 4579
[10/Jul/2026 19:22:18] "GET /api/v1/documents/list?site=4&doc_type=PYR HTTP/1.1" 200 13819
[10/Jul/2026 19:22:21] "GET /api/v1/manpower-categories HTTP/1.1" 200 2664
[10/Jul/2026 19:22:31] "GET /api/v1/documents/list?site=4&doc_type=MAR HTTP/1.1" 200 2
[10/Jul/2026 19:22:31] "GET /api/v1/documents/list?site=4&doc_type=IR HTTP/1.1" 200 2
[10/Jul/2026 19:22:31] "GET /api/v1/documents/list?site=4&doc_type=LM&status=DEPARTED HTTP/1.1" 200 2
[10/Jul/2026 19:22:31] "GET /api/v1/registers/dpr-tws?site=4 HTTP/1.1" 200 1437
[10/Jul/2026 19:22:31] "GET /api/v1/dashboards/site/4 HTTP/1.1" 200 414
[10/Jul/2026 19:22:31] "GET /api/v1/sites/4/projects HTTP/1.1" 200 1280
[10/Jul/2026 19:22:31] "GET /api/v1/documents/list?site=4&doc_type=MR HTTP/1.1" 200 4579
[10/Jul/2026 19:22:31] "GET /api/v1/documents/list?site=4&doc_type=PYR HTTP/1.1" 200 13819
[10/Jul/2026 19:22:42] "GET /api/v1/items HTTP/1.1" 200 849
[10/Jul/2026 19:23:15] "GET /api/v1/registers/dpr-tws?site=4 HTTP/1.1" 200 1437
[10/Jul/2026 19:23:15] "GET /api/v1/documents/list?site=4&doc_type=LM&status=DEPARTED HTTP/1.1" 200 2
[10/Jul/2026 19:23:15] "GET /api/v1/documents/list?site=4&doc_type=IR HTTP/1.1" 200 2
[10/Jul/2026 19:23:15] "GET /api/v1/documents/list?site=4&doc_type=MAR HTTP/1.1" 200 2
[10/Jul/2026 19:23:15] "GET /api/v1/dashboards/site/4 HTTP/1.1" 200 414
[10/Jul/2026 19:23:15] "GET /api/v1/documents/list?site=4&doc_type=MR HTTP/1.1" 200 4579
[10/Jul/2026 19:23:15] "GET /api/v1/sites/4/projects HTTP/1.1" 200 1280
[10/Jul/2026 19:23:15] "GET /api/v1/documents/list?site=4&doc_type=PYR HTTP/1.1" 200 13819
[10/Jul/2026 19:23:42] "GET /api/v1/documents/list?site=4&doc_type=MAR&project=5 HTTP/1.1" 200 2
[10/Jul/2026 19:23:42] "GET /api/v1/documents/list?site=4&doc_type=IR&project=5 HTTP/1.1" 200 2
[10/Jul/2026 19:23:42] "GET /api/v1/documents/list?site=4&doc_type=LM&status=DEPARTED HTTP/1.1" 200 2
[10/Jul/2026 19:23:42] "GET /api/v1/registers/dpr-tws?site=4&project=5 HTTP/1.1" 200 1437
[10/Jul/2026 19:23:42] "GET /api/v1/dashboards/site/4 HTTP/1.1" 200 414
[10/Jul/2026 19:23:42] "GET /api/v1/documents/list?site=4&doc_type=MR HTTP/1.1" 200 4579
[10/Jul/2026 19:23:42] "GET /api/v1/documents/list?site=4&doc_type=PYR HTTP/1.1" 200 13819
[10/Jul/2026 19:23:44] "GET /api/v1/projects/5 HTTP/1.1" 200 340
[10/Jul/2026 19:23:59] "GET /api/v1/projects/5/programme HTTP/1.1" 200 2
[10/Jul/2026 19:23:59] "GET /api/v1/projects/5 HTTP/1.1" 200 340
[10/Jul/2026 19:24:09] "GET /api/v1/dashboards/site/4 HTTP/1.1" 200 414
[10/Jul/2026 19:24:09] "GET /api/v1/documents/list?site=4&doc_type=MAR&project=5 HTTP/1.1" 200 2
[10/Jul/2026 19:24:10] "GET /api/v1/documents/list?site=4&doc_type=IR&project=5 HTTP/1.1" 200 2
[10/Jul/2026 19:24:10] "GET /api/v1/documents/list?site=4&doc_type=LM&status=DEPARTED HTTP/1.1" 200 2
[10/Jul/2026 19:24:10] "GET /api/v1/documents/list?site=4&doc_type=IR HTTP/1.1" 200 2
[10/Jul/2026 19:24:10] "GET /api/v1/registers/dpr-tws?site=4&project=5 HTTP/1.1" 200 1437
[10/Jul/2026 19:24:10] "GET /api/v1/documents/list?site=4&doc_type=MAR HTTP/1.1" 200 2
[10/Jul/2026 19:24:10] "GET /api/v1/registers/dpr-tws?site=4 HTTP/1.1" 200 1437
[10/Jul/2026 19:24:10] "GET /api/v1/documents/list?site=4&doc_type=MR HTTP/1.1" 200 4579
[10/Jul/2026 19:24:10] "GET /api/v1/documents/list?site=4&doc_type=PYR HTTP/1.1" 200 13819
[10/Jul/2026 19:24:10] "GET /api/v1/dashboards/site/4 HTTP/1.1" 200 414
[10/Jul/2026 19:24:10] "GET /api/v1/documents/list?site=4&doc_type=LM&status=DEPARTED HTTP/1.1" 200 2
[10/Jul/2026 19:24:10] "GET /api/v1/sites/4/projects HTTP/1.1" 200 1280
[10/Jul/2026 19:24:10] "GET /api/v1/documents/list?site=4&doc_type=MR HTTP/1.1" 200 4579
[10/Jul/2026 19:24:10] "GET /api/v1/documents/list?site=4&doc_type=PYR HTTP/1.1" 200 13819
[10/Jul/2026 19:24:14] "GET /api/v1/dashboards/site/4 HTTP/1.1" 200 414
[10/Jul/2026 19:24:14] "GET /api/v1/documents/list?site=4&doc_type=MAR&project=1 HTTP/1.1" 200 2
[10/Jul/2026 19:24:14] "GET /api/v1/documents/list?site=4&doc_type=LM&status=DEPARTED HTTP/1.1" 200 2
[10/Jul/2026 19:24:14] "GET /api/v1/registers/dpr-tws?site=4&project=1 HTTP/1.1" 200 1437
[10/Jul/2026 19:24:14] "GET /api/v1/documents/list?site=4&doc_type=IR&project=1 HTTP/1.1" 200 2
[10/Jul/2026 19:24:14] "GET /api/v1/documents/list?site=4&doc_type=MR HTTP/1.1" 200 4579
[10/Jul/2026 19:24:14] "GET /api/v1/documents/list?site=4&doc_type=PYR HTTP/1.1" 200 13819
[10/Jul/2026 19:24:15] "GET /api/v1/projects/1 HTTP/1.1" 200 937
[10/Jul/2026 19:24:20] "GET /api/v1/dashboards/site/4 HTTP/1.1" 200 414
[10/Jul/2026 19:24:20] "GET /api/v1/documents/list?site=4&doc_type=LM&status=DEPARTED HTTP/1.1" 200 2
[10/Jul/2026 19:24:20] "GET /api/v1/documents/list?site=4&doc_type=MAR HTTP/1.1" 200 2
[10/Jul/2026 19:24:20] "GET /api/v1/documents/list?site=4&doc_type=MAR&project=1 HTTP/1.1" 200 2
[10/Jul/2026 19:24:20] "GET /api/v1/documents/list?site=4&doc_type=IR&project=1 HTTP/1.1" 200 2
[10/Jul/2026 19:24:20] "GET /api/v1/registers/dpr-tws?site=4 HTTP/1.1" 200 1437
[10/Jul/2026 19:24:20] "GET /api/v1/sites/4/projects HTTP/1.1" 200 1280
[10/Jul/2026 19:24:20] "GET /api/v1/documents/list?site=4&doc_type=IR HTTP/1.1" 200 2
[10/Jul/2026 19:24:20] "GET /api/v1/registers/dpr-tws?site=4&project=1 HTTP/1.1" 200 1437
[10/Jul/2026 19:24:20] "GET /api/v1/documents/list?site=4&doc_type=MR HTTP/1.1" 200 4579
[10/Jul/2026 19:24:20] "GET /api/v1/documents/list?site=4&doc_type=PYR HTTP/1.1" 200 13819
[10/Jul/2026 19:24:20] "GET /api/v1/dashboards/site/4 HTTP/1.1" 200 414
[10/Jul/2026 19:24:20] "GET /api/v1/documents/list?site=4&doc_type=LM&status=DEPARTED HTTP/1.1" 200 2
[10/Jul/2026 19:24:20] "GET /api/v1/documents/list?site=4&doc_type=MR HTTP/1.1" 200 4579
[10/Jul/2026 19:24:21] "GET /api/v1/documents/list?site=4&doc_type=PYR HTTP/1.1" 200 13819
[10/Jul/2026 19:24:26] "GET /api/v1/items HTTP/1.1" 200 849
[10/Jul/2026 19:24:28] "GET /api/v1/dashboards/site/4 HTTP/1.1" 200 414
[10/Jul/2026 19:24:28] "GET /api/v1/documents/list?site=4&doc_type=LM&status=DEPARTED HTTP/1.1" 200 2
[10/Jul/2026 19:24:28] "GET /api/v1/documents/list?site=4&doc_type=IR HTTP/1.1" 200 2
[10/Jul/2026 19:24:28] "GET /api/v1/documents/list?site=4&doc_type=MAR HTTP/1.1" 200 2
[10/Jul/2026 19:24:28] "GET /api/v1/registers/dpr-tws?site=4 HTTP/1.1" 200 1437
[10/Jul/2026 19:24:28] "GET /api/v1/sites/4/projects HTTP/1.1" 200 1280
[10/Jul/2026 19:24:28] "GET /api/v1/documents/list?site=4&doc_type=MR HTTP/1.1" 200 4579
[10/Jul/2026 19:24:29] "GET /api/v1/documents/list?site=4&doc_type=PYR HTTP/1.1" 200 13819
[10/Jul/2026 19:24:31] "GET /api/v1/petty-cash/4 HTTP/1.1" 200 606
[10/Jul/2026 19:24:31] "GET /api/v1/cost-heads HTTP/1.1" 200 384
[10/Jul/2026 19:24:31] "GET /api/v1/petty-cash/4/entries HTTP/1.1" 200 2239
[10/Jul/2026 19:24:34] "GET /api/v1/dashboards/site/4 HTTP/1.1" 200 414
[10/Jul/2026 19:24:34] "GET /api/v1/documents/list?site=4&doc_type=MAR HTTP/1.1" 200 2
[10/Jul/2026 19:24:34] "GET /api/v1/documents/list?site=4&doc_type=LM&status=DEPARTED HTTP/1.1" 200 2
[10/Jul/2026 19:24:34] "GET /api/v1/documents/list?site=4&doc_type=IR HTTP/1.1" 200 2
[10/Jul/2026 19:24:34] "GET /api/v1/registers/dpr-tws?site=4 HTTP/1.1" 200 1437
[10/Jul/2026 19:24:34] "GET /api/v1/sites/4/projects HTTP/1.1" 200 1280
[10/Jul/2026 19:24:34] "GET /api/v1/documents/list?site=4&doc_type=MR HTTP/1.1" 200 4579
[10/Jul/2026 19:24:34] "GET /api/v1/documents/list?site=4&doc_type=PYR HTTP/1.1" 200 13819
[10/Jul/2026 19:24:37] "GET /api/v1/attendance?site=4&date=2026-07-10 HTTP/1.1" 200 59
[10/Jul/2026 19:24:39] "GET /api/v1/dashboards/site/4 HTTP/1.1" 200 414
[10/Jul/2026 19:24:39] "GET /api/v1/documents/list?site=4&doc_type=IR HTTP/1.1" 200 2
[10/Jul/2026 19:24:39] "GET /api/v1/documents/list?site=4&doc_type=LM&status=DEPARTED HTTP/1.1" 200 2
[10/Jul/2026 19:24:39] "GET /api/v1/registers/dpr-tws?site=4 HTTP/1.1" 200 1437
[10/Jul/2026 19:24:39] "GET /api/v1/documents/list?site=4&doc_type=MAR HTTP/1.1" 200 2
[10/Jul/2026 19:24:39] "GET /api/v1/sites/4/projects HTTP/1.1" 200 1280
[10/Jul/2026 19:24:39] "GET /api/v1/documents/list?site=4&doc_type=MR HTTP/1.1" 200 4579
[10/Jul/2026 19:24:39] "GET /api/v1/documents/list?site=4&doc_type=PYR HTTP/1.1" 200 13819
[10/Jul/2026 19:24:44] "GET /api/v1/cost-heads HTTP/1.1" 200 384
[10/Jul/2026 19:24:44] "GET /api/v1/petty-cash/4 HTTP/1.1" 200 606
[10/Jul/2026 19:24:44] "GET /api/v1/petty-cash/4/entries HTTP/1.1" 200 2239
[10/Jul/2026 19:24:53] "GET /api/v1/cost-heads HTTP/1.1" 200 384
[10/Jul/2026 19:24:53] "GET /api/v1/petty-cash/4 HTTP/1.1" 200 606
[10/Jul/2026 19:24:53] "GET /api/v1/petty-cash/4/entries HTTP/1.1" 200 2239
[10/Jul/2026 19:24:56] "GET /api/v1/registers/dpr-tws?site=4 HTTP/1.1" 200 1437
[10/Jul/2026 19:24:56] "GET /api/v1/dashboards/site/4 HTTP/1.1" 200 414
[10/Jul/2026 19:24:56] "GET /api/v1/documents/list?site=4&doc_type=IR HTTP/1.1" 200 2
[10/Jul/2026 19:24:56] "GET /api/v1/documents/list?site=4&doc_type=MAR HTTP/1.1" 200 2
[10/Jul/2026 19:24:56] "GET /api/v1/documents/list?site=4&doc_type=LM&status=DEPARTED HTTP/1.1" 200 2
[10/Jul/2026 19:24:56] "GET /api/v1/sites/4/projects HTTP/1.1" 200 1280
[10/Jul/2026 19:24:56] "GET /api/v1/documents/list?site=4&doc_type=MR HTTP/1.1" 200 4579
[10/Jul/2026 19:24:56] "GET /api/v1/documents/list?site=4&doc_type=PYR HTTP/1.1" 200 13819
[10/Jul/2026 19:26:46] "GET / HTTP/1.1" 200 433
[10/Jul/2026 19:26:47] "GET /static/assets/index-D3_lHPk2.css HTTP/1.1" 200 24032
[10/Jul/2026 19:26:47] "GET /static/assets/index-D_QSfw6U.js HTTP/1.1" 200 429421
Not Found: /favicon.ico
[10/Jul/2026 19:26:48] "GET /favicon.ico HTTP/1.1" 404 2726
[10/Jul/2026 19:26:48] "GET /api/v1/auth/me HTTP/1.1" 200 157
[10/Jul/2026 19:26:48] "GET /api/v1/approvals/pending HTTP/1.1" 200 23
[10/Jul/2026 19:26:48] "GET /static/assets/barlow-condensed-latin-700-normal-v1xN8_Wq.woff2 HTTP/1.1" 200 22444
[10/Jul/2026 19:26:48] "GET /static/assets/inter-latin-400-normal-C38fXH4l.woff2 HTTP/1.1" 200 23664
[10/Jul/2026 19:26:48] "GET /api/v1/sites HTTP/1.1" 200 7022
[10/Jul/2026 19:26:48] "GET /static/assets/inter-latin-600-normal-LgqL8muc.woff2 HTTP/1.1" 200 24452
[10/Jul/2026 19:26:49] "GET /api/v1/approvals/pending HTTP/1.1" 200 23
[10/Jul/2026 19:26:55] "GET /api/v1/dashboards/portfolio HTTP/1.1" 200 2491
[10/Jul/2026 19:26:56] "GET /static/assets/ibm-plex-mono-latin-500-normal-DSY6xOcd.woff2 HTTP/1.1" 200 14888
[10/Jul/2026 19:26:56] "GET /static/assets/inter-latin-700-normal-Yt3aPRUw.woff2 HTTP/1.1" 200 24356
[10/Jul/2026 19:26:56] "GET /static/assets/ibm-plex-mono-latin-600-normal-BgSNZQsw.woff2 HTTP/1.1" 200 15620
[10/Jul/2026 19:26:57] "GET /api/v1/cost/portfolio HTTP/1.1" 200 662
[10/Jul/2026 19:27:07] "GET /api/v1/dashboards/portfolio HTTP/1.1" 200 2491
Not Found: /favicon.ico
[10/Jul/2026 19:27:08] "GET /favicon.ico HTTP/1.1" 404 2726
[10/Jul/2026 19:27:09] "GET /media/guide/Planet_User_Guide_R2.pdf HTTP/1.1" 200 4206345
[10/Jul/2026 19:27:18] "GET / HTTP/1.1" 200 433
[10/Jul/2026 19:27:21] "GET /static/assets/index-D3_lHPk2.css HTTP/1.1" 200 24032
[10/Jul/2026 19:27:21] "GET /static/assets/index-D_QSfw6U.js HTTP/1.1" 200 429421
[10/Jul/2026 19:27:25] "GET /api/v1/auth/me HTTP/1.1" 200 23
[10/Jul/2026 19:27:28] "GET /static/assets/barlow-condensed-latin-700-normal-v1xN8_Wq.woff2 HTTP/1.1" 200 22444
[10/Jul/2026 19:27:28] "GET /static/assets/inter-latin-400-normal-C38fXH4l.woff2 HTTP/1.1" 200 23664
[10/Jul/2026 19:27:28] "GET /static/assets/inter-latin-700-normal-Yt3aPRUw.woff2 HTTP/1.1" 200 24356
[10/Jul/2026 19:27:28] "GET /static/assets/inter-latin-600-normal-LgqL8muc.woff2 HTTP/1.1" 200 24452
[10/Jul/2026 19:28:23] "GET /api/v1/registers/dpr-tws?site=4 HTTP/1.1" 200 1437
[10/Jul/2026 19:28:23] "GET /api/v1/documents/list?site=4&doc_type=LM&status=DEPARTED HTTP/1.1" 200 2
[10/Jul/2026 19:28:23] "GET /api/v1/sites/4/projects HTTP/1.1" 200 1280
[10/Jul/2026 19:28:23] "GET /api/v1/documents/list?site=4&doc_type=MR HTTP/1.1" 200 4579
[10/Jul/2026 19:28:23] "GET /api/v1/documents/list?site=4&doc_type=MAR HTTP/1.1" 200 2
[10/Jul/2026 19:28:23] "GET /api/v1/documents/list?site=4&doc_type=IR HTTP/1.1" 200 2
[10/Jul/2026 19:28:23] "GET /api/v1/dashboards/site/4 HTTP/1.1" 200 414
[10/Jul/2026 19:28:23] "GET /api/v1/documents/list?site=4&doc_type=PYR HTTP/1.1" 200 13819
[10/Jul/2026 19:28:36] "POST /api/v1/auth/login HTTP/1.1" 200 291
[10/Jul/2026 19:28:36] "GET /api/v1/sites HTTP/1.1" 200 588
[10/Jul/2026 19:28:36] "GET /api/v1/registers/dpr-tws?site=4 HTTP/1.1" 200 1437
[10/Jul/2026 19:28:37] "GET /api/v1/documents/list?site=4&doc_type=LM&status=DEPARTED HTTP/1.1" 200 2
[10/Jul/2026 19:28:37] "GET /api/v1/documents/list?site=4&doc_type=IR HTTP/1.1" 200 2
[10/Jul/2026 19:28:37] "GET /api/v1/documents/list?site=4&doc_type=MAR HTTP/1.1" 200 2
[10/Jul/2026 19:28:37] "GET /api/v1/sites/4/projects HTTP/1.1" 200 1280
[10/Jul/2026 19:28:37] "GET /api/v1/documents/list?site=4&doc_type=MR HTTP/1.1" 200 4579
[10/Jul/2026 19:28:37] "GET /api/v1/dashboards/site/4 HTTP/1.1" 200 414
[10/Jul/2026 19:28:37] "GET /static/assets/ibm-plex-mono-latin-600-normal-BgSNZQsw.woff2 HTTP/1.1" 200 15620
[10/Jul/2026 19:28:37] "GET /api/v1/documents/list?site=4&doc_type=PYR HTTP/1.1" 200 13819
[10/Jul/2026 19:28:37] "GET /static/assets/ibm-plex-mono-latin-500-normal-DSY6xOcd.woff2 HTTP/1.1" 200 14888
[10/Jul/2026 19:29:13] "GET /api/v1/projects/1/programme HTTP/1.1" 200 1701
[10/Jul/2026 19:29:13] "GET /api/v1/projects/5/programme HTTP/1.1" 200 2
[10/Jul/2026 19:29:13] "GET /api/v1/manpower-categories HTTP/1.1" 200 2664
[10/Jul/2026 19:29:42] "POST /api/v1/auth/logout HTTP/1.1" 200 24
[10/Jul/2026 19:30:00] "GET /api/v1/dashboards/ho HTTP/1.1" 200 136
[10/Jul/2026 19:30:00] "GET /api/v1/registers/mr HTTP/1.1" 200 3056
[10/Jul/2026 19:30:01] "GET /api/v1/manpower-categories HTTP/1.1" 200 2664
[10/Jul/2026 19:30:01] "GET /api/v1/employees HTTP/1.1" 200 875
Bad Request: /api/v1/auth/login
[10/Jul/2026 19:30:15] "POST /api/v1/auth/login HTTP/1.1" 400 33
[10/Jul/2026 19:30:50] "POST /api/v1/auth/login HTTP/1.1" 200 157
[10/Jul/2026 19:30:51] "GET /api/v1/approvals/pending HTTP/1.1" 200 23
[10/Jul/2026 19:30:51] "GET /api/v1/sites HTTP/1.1" 200 7022
[10/Jul/2026 19:30:51] "GET /api/v1/approvals/pending HTTP/1.1" 200 23
[10/Jul/2026 19:31:00] "GET /api/v1/registers/dpr-tws?site=6 HTTP/1.1" 200 1407
[10/Jul/2026 19:31:00] "GET /api/v1/documents/list?site=6&doc_type=LM&status=DEPARTED HTTP/1.1" 200 2
[10/Jul/2026 19:31:00] "GET /api/v1/dashboards/site/6 HTTP/1.1" 200 383
[10/Jul/2026 19:31:00] "GET /api/v1/documents/list?site=6&doc_type=IR HTTP/1.1" 200 2
[10/Jul/2026 19:31:00] "GET /api/v1/documents/list?site=6&doc_type=MAR HTTP/1.1" 200 2
[10/Jul/2026 19:31:00] "GET /api/v1/sites/6/projects HTTP/1.1" 200 727
[10/Jul/2026 19:31:00] "GET /api/v1/documents/list?site=6&doc_type=PYR HTTP/1.1" 200 3104
[10/Jul/2026 19:31:01] "GET /api/v1/documents/list?site=6&doc_type=MR HTTP/1.1" 200 2553
[10/Jul/2026 19:31:08] "GET / HTTP/1.1" 200 433
[10/Jul/2026 19:31:08] "GET /static/assets/index-D3_lHPk2.css HTTP/1.1" 200 24032
[10/Jul/2026 19:31:08] "GET /static/assets/index-D_QSfw6U.js HTTP/1.1" 200 429421
Not Found: /favicon.ico
[10/Jul/2026 19:31:09] "GET /api/v1/auth/me HTTP/1.1" 200 23
[10/Jul/2026 19:31:09] "GET /favicon.ico HTTP/1.1" 404 2726
[10/Jul/2026 19:31:10] "GET /static/assets/barlow-condensed-latin-700-normal-v1xN8_Wq.woff2 HTTP/1.1" 200 22444
[10/Jul/2026 19:31:10] "GET /static/assets/inter-latin-700-normal-Yt3aPRUw.woff2 HTTP/1.1" 200 24356
[10/Jul/2026 19:31:10] "GET /static/assets/inter-latin-400-normal-C38fXH4l.woff2 HTTP/1.1" 200 23664
[10/Jul/2026 19:31:10] "GET /static/assets/inter-latin-600-normal-LgqL8muc.woff2 HTTP/1.1" 200 24452
[10/Jul/2026 19:31:12] "POST /api/v1/documents HTTP/1.1" 201 864
Bad Request: /api/v1/auth/login
[10/Jul/2026 19:31:20] "POST /api/v1/auth/login HTTP/1.1" 400 33
[10/Jul/2026 19:31:39] "GET /api/v1/registers/dpr-tws?site=4 HTTP/1.1" 200 1437
[10/Jul/2026 19:31:39] "GET /api/v1/documents/list?site=4&doc_type=MAR HTTP/1.1" 200 2
[10/Jul/2026 19:31:39] "GET /api/v1/dashboards/site/4 HTTP/1.1" 200 446
[10/Jul/2026 19:31:39] "GET /api/v1/documents/list?site=4&doc_type=LM&status=DEPARTED HTTP/1.1" 200 2
[10/Jul/2026 19:31:39] "GET /api/v1/documents/list?site=4&doc_type=IR HTTP/1.1" 200 2
[10/Jul/2026 19:31:39] "GET /api/v1/sites/4/projects HTTP/1.1" 200 1280
[10/Jul/2026 19:31:39] "GET /api/v1/documents/list?site=4&doc_type=MR HTTP/1.1" 200 4579
[10/Jul/2026 19:31:39] "GET /api/v1/documents/list?site=4&doc_type=PYR HTTP/1.1" 200 13819
[10/Jul/2026 19:31:44] "GET /api/v1/manpower-categories HTTP/1.1" 200 2664
[10/Jul/2026 19:31:50] "POST /api/v1/auth/login HTTP/1.1" 200 268
[10/Jul/2026 19:31:51] "GET /api/v1/documents/list?site=4&doc_type=MAR HTTP/1.1" 200 2
[10/Jul/2026 19:31:51] "GET /api/v1/documents/list?site=4&doc_type=LM&status=DEPARTED HTTP/1.1" 200 2
[10/Jul/2026 19:31:51] "GET /api/v1/sites HTTP/1.1" 200 588
[10/Jul/2026 19:31:51] "GET /api/v1/documents/list?site=4&doc_type=IR HTTP/1.1" 200 2
[10/Jul/2026 19:31:51] "GET /api/v1/registers/dpr-tws?site=4 HTTP/1.1" 200 1437
[10/Jul/2026 19:31:51] "GET /api/v1/dashboards/site/4 HTTP/1.1" 200 446
[10/Jul/2026 19:31:51] "GET /api/v1/sites/4/projects HTTP/1.1" 200 1280
[10/Jul/2026 19:31:51] "GET /api/v1/documents/list?site=4&doc_type=MR HTTP/1.1" 200 4579
[10/Jul/2026 19:31:51] "GET /api/v1/documents/list?site=4&doc_type=PYR HTTP/1.1" 200 13819
[10/Jul/2026 19:31:51] "GET /api/v1/documents/list?site=4&doc_type=MAR HTTP/1.1" 200 2
[10/Jul/2026 19:31:51] "GET /api/v1/documents/list?site=4&doc_type=LM&status=DEPARTED HTTP/1.1" 200 2
[10/Jul/2026 19:31:51] "GET /api/v1/documents/list?site=4&doc_type=IR HTTP/1.1" 200 2
[10/Jul/2026 19:31:51] "GET /api/v1/registers/dpr-tws?site=4 HTTP/1.1" 200 1437
[10/Jul/2026 19:31:51] "GET /api/v1/sites/4/projects HTTP/1.1" 200 1280
[10/Jul/2026 19:31:51] "GET /api/v1/documents/list?site=4&doc_type=MR HTTP/1.1" 200 4579
[10/Jul/2026 19:31:51] "GET /api/v1/dashboards/site/4 HTTP/1.1" 200 446
[10/Jul/2026 19:31:51] "GET /api/v1/documents/list?site=4&doc_type=PYR HTTP/1.1" 200 13819
[10/Jul/2026 19:31:51] "GET /static/assets/ibm-plex-mono-latin-600-normal-BgSNZQsw.woff2 HTTP/1.1" 200 15620
[10/Jul/2026 19:31:51] "GET /static/assets/ibm-plex-mono-latin-500-normal-DSY6xOcd.woff2 HTTP/1.1" 200 14888
[10/Jul/2026 19:31:59] "GET /api/v1/documents/DPR-VKR-003 HTTP/1.1" 200 864
[10/Jul/2026 19:32:04] "GET /api/v1/projects/5/programme HTTP/1.1" 200 2
[10/Jul/2026 19:32:04] "GET /api/v1/manpower-categories HTTP/1.1" 200 2664
[10/Jul/2026 19:32:04] "GET /api/v1/projects/1/programme HTTP/1.1" 200 1701
[10/Jul/2026 19:32:06] "GET /api/v1/documents/list?site=6&doc_type=IR&project=2 HTTP/1.1" 200 2
[10/Jul/2026 19:32:06] "GET /api/v1/documents/list?site=6&doc_type=LM&status=DEPARTED HTTP/1.1" 200 2
[10/Jul/2026 19:32:06] "GET /api/v1/registers/dpr-tws?site=6&project=2 HTTP/1.1" 200 1407
[10/Jul/2026 19:32:06] "GET /api/v1/documents/list?site=6&doc_type=MR HTTP/1.1" 200 2553
[10/Jul/2026 19:32:06] "GET /api/v1/documents/list?site=6&doc_type=MAR&project=2 HTTP/1.1" 200 2
[10/Jul/2026 19:32:06] "GET /api/v1/dashboards/site/6 HTTP/1.1" 200 383
[10/Jul/2026 19:32:06] "GET /api/v1/documents/list?site=6&doc_type=PYR HTTP/1.1" 200 3104
[10/Jul/2026 19:32:11] "GET /api/v1/registers/dpr-tws?site=4 HTTP/1.1" 200 1437
[10/Jul/2026 19:32:11] "GET /api/v1/documents/list?site=4&doc_type=LM&status=DEPARTED HTTP/1.1" 200 2
[10/Jul/2026 19:32:11] "GET /api/v1/documents/list?site=4&doc_type=IR HTTP/1.1" 200 2
[10/Jul/2026 19:32:11] "GET /api/v1/dashboards/site/4 HTTP/1.1" 200 446
[10/Jul/2026 19:32:11] "GET /api/v1/documents/list?site=4&doc_type=MAR HTTP/1.1" 200 2
[10/Jul/2026 19:32:12] "GET /api/v1/sites/4/projects HTTP/1.1" 200 1280
[10/Jul/2026 19:32:12] "GET /api/v1/documents/list?site=4&doc_type=MR HTTP/1.1" 200 4579
[10/Jul/2026 19:32:12] "GET /api/v1/documents/list?site=4&doc_type=PYR HTTP/1.1" 200 13819
[10/Jul/2026 19:32:13] "GET /api/v1/manpower-categories HTTP/1.1" 200 2664
[10/Jul/2026 19:32:17] "GET /api/v1/documents/DPR-VKR-003 HTTP/1.1" 200 864
[10/Jul/2026 19:32:22] "GET /api/v1/documents/list?site=4&doc_type=LM&status=DEPARTED HTTP/1.1" 200 2
[10/Jul/2026 19:32:22] "GET /api/v1/documents/list?site=4&doc_type=IR HTTP/1.1" 200 2
[10/Jul/2026 19:32:22] "GET /api/v1/dashboards/site/4 HTTP/1.1" 200 446
[10/Jul/2026 19:32:22] "GET /api/v1/registers/dpr-tws?site=4 HTTP/1.1" 200 1437
[10/Jul/2026 19:32:22] "GET /api/v1/documents/list?site=4&doc_type=MAR HTTP/1.1" 200 2
[10/Jul/2026 19:32:22] "GET /api/v1/sites/4/projects HTTP/1.1" 200 1280
[10/Jul/2026 19:32:22] "GET /api/v1/documents/list?site=4&doc_type=MR HTTP/1.1" 200 4579
[10/Jul/2026 19:32:22] "GET /api/v1/documents/list?site=4&doc_type=PYR HTTP/1.1" 200 13819
[10/Jul/2026 19:32:26] "GET /api/v1/documents/list?site=4&doc_type=LM&status=DEPARTED HTTP/1.1" 200 2
[10/Jul/2026 19:32:26] "GET /api/v1/documents/list?site=4&doc_type=MAR HTTP/1.1" 200 2
[10/Jul/2026 19:32:26] "GET /api/v1/documents/list?site=4&doc_type=IR HTTP/1.1" 200 2
[10/Jul/2026 19:32:26] "GET /api/v1/sites/4/projects HTTP/1.1" 200 1280
[10/Jul/2026 19:32:26] "GET /api/v1/registers/dpr-tws?site=4 HTTP/1.1" 200 1437
[10/Jul/2026 19:32:26] "GET /api/v1/dashboards/site/4 HTTP/1.1" 200 446
[10/Jul/2026 19:32:26] "GET /api/v1/documents/list?site=4&doc_type=MR HTTP/1.1" 200 4579
[10/Jul/2026 19:32:26] "GET /api/v1/documents/list?site=4&doc_type=PYR HTTP/1.1" 200 13819
[10/Jul/2026 19:32:28] "GET /api/v1/manpower-categories HTTP/1.1" 200 2664
Forbidden: /api/v1/documents
[10/Jul/2026 19:32:46] "POST /api/v1/documents HTTP/1.1" 403 46
Forbidden: /api/v1/documents
[10/Jul/2026 19:32:48] "POST /api/v1/documents HTTP/1.1" 403 46
[10/Jul/2026 19:32:49] "GET /api/v1/documents/list?site=4&doc_type=MAR HTTP/1.1" 200 2
[10/Jul/2026 19:32:49] "GET /api/v1/documents/list?site=4&doc_type=LM&status=DEPARTED HTTP/1.1" 200 2
[10/Jul/2026 19:32:49] "GET /api/v1/documents/list?site=4&doc_type=IR HTTP/1.1" 200 2
[10/Jul/2026 19:32:49] "GET /api/v1/registers/dpr-tws?site=4 HTTP/1.1" 200 1437
[10/Jul/2026 19:32:49] "GET /api/v1/dashboards/site/4 HTTP/1.1" 200 446
[10/Jul/2026 19:32:49] "GET /api/v1/sites/4/projects HTTP/1.1" 200 1280
[10/Jul/2026 19:32:49] "GET /api/v1/documents/list?site=4&doc_type=MR HTTP/1.1" 200 4579
[10/Jul/2026 19:32:49] "GET /api/v1/documents/list?site=4&doc_type=PYR HTTP/1.1" 200 13819
[10/Jul/2026 19:32:52] "GET /api/v1/manpower-categories HTTP/1.1" 200 2664
[10/Jul/2026 19:33:06] "GET /api/v1/attendance?site=4&date=2026-07-10 HTTP/1.1" 200 59
Not Found: /favicon.ico
[10/Jul/2026 19:33:14] "GET /favicon.ico HTTP/1.1" 404 2726
[10/Jul/2026 19:33:15] "GET /media/guide/Planet_User_Guide_R2.pdf HTTP/1.1" 200 4206345
[10/Jul/2026 19:33:18] "GET /api/v1/dashboards/site/4 HTTP/1.1" 200 446
[10/Jul/2026 19:33:18] "GET /api/v1/documents/list?site=4&doc_type=MAR HTTP/1.1" 200 2
[10/Jul/2026 19:33:18] "GET /api/v1/documents/list?site=4&doc_type=LM&status=DEPARTED HTTP/1.1" 200 2
[10/Jul/2026 19:33:18] "GET /api/v1/documents/list?site=4&doc_type=IR HTTP/1.1" 200 2
[10/Jul/2026 19:33:18] "GET /api/v1/registers/dpr-tws?site=4 HTTP/1.1" 200 1437
[10/Jul/2026 19:33:18] "GET /api/v1/sites/4/projects HTTP/1.1" 200 1280
[10/Jul/2026 19:33:18] "GET /api/v1/documents/list?site=4&doc_type=MR HTTP/1.1" 200 4579
[10/Jul/2026 19:33:18] "GET /api/v1/documents/list?site=4&doc_type=PYR HTTP/1.1" 200 13819
Forbidden: /api/v1/documents
[10/Jul/2026 19:33:20] "POST /api/v1/documents HTTP/1.1" 403 46
[10/Jul/2026 19:33:22] "GET /api/v1/cost-heads HTTP/1.1" 200 384
Forbidden: /api/v1/documents
[10/Jul/2026 19:33:23] "POST /api/v1/documents HTTP/1.1" 403 46
Forbidden: /api/v1/documents
[10/Jul/2026 19:33:24] "POST /api/v1/documents HTTP/1.1" 403 46
Forbidden: /api/v1/documents
[10/Jul/2026 19:33:30] "POST /api/v1/documents HTTP/1.1" 403 46
Forbidden: /api/v1/documents
[10/Jul/2026 19:33:31] "POST /api/v1/documents HTTP/1.1" 403 46
Forbidden: /api/v1/documents
[10/Jul/2026 19:33:32] "POST /api/v1/documents HTTP/1.1" 403 46
[10/Jul/2026 19:33:34] "GET /api/v1/documents/list?site=4&doc_type=LM&status=DEPARTED HTTP/1.1" 200 2
[10/Jul/2026 19:33:34] "GET /api/v1/registers/dpr-tws?site=4 HTTP/1.1" 200 1437
[10/Jul/2026 19:33:34] "GET /api/v1/documents/list?site=4&doc_type=IR HTTP/1.1" 200 2
[10/Jul/2026 19:33:34] "GET /api/v1/documents/list?site=4&doc_type=MAR HTTP/1.1" 200 2
[10/Jul/2026 19:33:34] "GET /api/v1/dashboards/site/4 HTTP/1.1" 200 446
[10/Jul/2026 19:33:34] "GET /api/v1/documents/list?site=4&doc_type=MR HTTP/1.1" 200 4579
[10/Jul/2026 19:33:34] "GET /api/v1/documents/list?site=4&doc_type=PYR HTTP/1.1" 200 13819
[10/Jul/2026 19:33:34] "GET /api/v1/sites/4/projects HTTP/1.1" 200 1280
[10/Jul/2026 19:33:40] "GET /api/v1/manpower-categories HTTP/1.1" 200 2664
[10/Jul/2026 19:33:44] "GET /api/v1/documents/list?site=4&doc_type=IR&project=1 HTTP/1.1" 200 2
[10/Jul/2026 19:33:44] "GET /api/v1/documents/list?site=4&doc_type=LM&status=DEPARTED HTTP/1.1" 200 2
[10/Jul/2026 19:33:44] "GET /api/v1/documents/list?site=4&doc_type=MAR&project=1 HTTP/1.1" 200 2
[10/Jul/2026 19:33:44] "GET /api/v1/registers/dpr-tws?site=4&project=1 HTTP/1.1" 200 1437
[10/Jul/2026 19:33:44] "GET /api/v1/dashboards/site/4 HTTP/1.1" 200 446
[10/Jul/2026 19:33:44] "GET /api/v1/documents/list?site=4&doc_type=MR HTTP/1.1" 200 4579
[10/Jul/2026 19:33:44] "GET /api/v1/documents/list?site=4&doc_type=PYR HTTP/1.1" 200 13819
[10/Jul/2026 19:33:46] "GET /api/v1/registers/dpr-tws?site=4&project=5 HTTP/1.1" 200 1437
[10/Jul/2026 19:33:46] "GET /api/v1/dashboards/site/4 HTTP/1.1" 200 446
[10/Jul/2026 19:33:46] "GET /api/v1/documents/list?site=4&doc_type=MAR&project=5 HTTP/1.1" 200 2
[10/Jul/2026 19:33:46] "GET /api/v1/documents/list?site=4&doc_type=LM&status=DEPARTED HTTP/1.1" 200 2
[10/Jul/2026 19:33:46] "GET /api/v1/documents/list?site=4&doc_type=IR&project=5 HTTP/1.1" 200 2
[10/Jul/2026 19:33:46] "GET /api/v1/documents/list?site=4&doc_type=MR HTTP/1.1" 200 4579
[10/Jul/2026 19:33:46] "GET /api/v1/documents/list?site=4&doc_type=PYR HTTP/1.1" 200 13819
[10/Jul/2026 19:33:46] "GET /api/v1/documents/list?site=4&doc_type=LM&status=DEPARTED HTTP/1.1" 200 2
[10/Jul/2026 19:33:46] "GET /api/v1/documents/list?site=4&doc_type=MAR HTTP/1.1" 200 2
[10/Jul/2026 19:33:46] "GET /api/v1/documents/list?site=4&doc_type=IR HTTP/1.1" 200 2
[10/Jul/2026 19:33:46] "GET /api/v1/sites/4/projects HTTP/1.1" 200 1280
[10/Jul/2026 19:33:46] "GET /api/v1/registers/dpr-tws?site=4 HTTP/1.1" 200 1437
[10/Jul/2026 19:33:46] "GET /api/v1/dashboards/site/4 HTTP/1.1" 200 446
[10/Jul/2026 19:33:46] "GET / HTTP/1.1" 200 433
[10/Jul/2026 19:33:46] "GET /api/v1/documents/list?site=4&doc_type=MR HTTP/1.1" 200 4579
[10/Jul/2026 19:33:46] "GET /api/v1/documents/list?site=4&doc_type=PYR HTTP/1.1" 200 13819
[10/Jul/2026 19:33:46] "GET /api/v1/registers/dpr-tws?site=4&project=1 HTTP/1.1" 200 1437
[10/Jul/2026 19:33:46] "GET /api/v1/dashboards/site/4 HTTP/1.1" 200 446
[10/Jul/2026 19:33:47] "GET /api/v1/documents/list?site=4&doc_type=MR HTTP/1.1" 200 4579
[10/Jul/2026 19:33:47] "GET /api/v1/documents/list?site=4&doc_type=IR&project=1 HTTP/1.1" 200 2
[10/Jul/2026 19:33:47] "GET /api/v1/documents/list?site=4&doc_type=LM&status=DEPARTED HTTP/1.1" 200 2
[10/Jul/2026 19:33:47] "GET /api/v1/documents/list?site=4&doc_type=MAR&project=1 HTTP/1.1" 200 2
[10/Jul/2026 19:33:47] "GET /api/v1/documents/list?site=4&doc_type=PYR HTTP/1.1" 200 13819
[10/Jul/2026 19:33:47] "GET /api/v1/auth/me HTTP/1.1" 200 268
[10/Jul/2026 19:33:48] "GET /api/v1/projects/1 HTTP/1.1" 200 937
[10/Jul/2026 19:33:49] "GET /api/v1/sites HTTP/1.1" 200 588
[10/Jul/2026 19:33:50] "GET /api/v1/dashboards/site/4 HTTP/1.1" 200 446
[10/Jul/2026 19:33:50] "GET /api/v1/documents/list?site=4&doc_type=LM&status=DEPARTED HTTP/1.1" 200 2
[10/Jul/2026 19:33:50] "GET /api/v1/documents/list?site=4&doc_type=IR HTTP/1.1" 200 2
[10/Jul/2026 19:33:50] "GET /api/v1/documents/list?site=4&doc_type=MAR HTTP/1.1" 200 2
[10/Jul/2026 19:33:50] "GET /api/v1/sites/4/projects HTTP/1.1" 200 1280
[10/Jul/2026 19:33:50] "GET /api/v1/documents/list?site=4&doc_type=MR HTTP/1.1" 200 4579
[10/Jul/2026 19:33:50] "GET /api/v1/registers/dpr-tws?site=4 HTTP/1.1" 200 1437
[10/Jul/2026 19:33:50] "GET /api/v1/documents/list?site=4&doc_type=PYR HTTP/1.1" 200 13819
[10/Jul/2026 19:33:51] "GET /api/v1/attendance?site=4&date=2026-07-10 HTTP/1.1" 200 59
[10/Jul/2026 19:33:52] "GET /api/v1/cost-heads HTTP/1.1" 200 384
[10/Jul/2026 19:33:52] "GET /api/v1/petty-cash/4 HTTP/1.1" 200 606
[10/Jul/2026 19:33:53] "GET /api/v1/petty-cash/4/entries HTTP/1.1" 200 2239
[10/Jul/2026 19:33:55] "GET /api/v1/projects/1 HTTP/1.1" 200 937
[10/Jul/2026 19:33:55] "GET /api/v1/projects/1/programme HTTP/1.1" 200 1701
[10/Jul/2026 19:33:56] "GET /static/assets/inter-latin-500-normal-Cerq10X2.woff2 HTTP/1.1" 200 24272
[10/Jul/2026 19:34:07] "GET /api/v1/dashboards/site/4 HTTP/1.1" 200 446
[10/Jul/2026 19:34:07] "GET /api/v1/sites/4/projects HTTP/1.1" 200 1280
[10/Jul/2026 19:34:07] "GET /api/v1/documents/list?site=4&doc_type=MAR HTTP/1.1" 200 2
[10/Jul/2026 19:34:07] "GET /api/v1/documents/list?site=4&doc_type=IR HTTP/1.1" 200 2
[10/Jul/2026 19:34:07] "GET /api/v1/documents/list?site=4&doc_type=LM&status=DEPARTED HTTP/1.1" 200 2
[10/Jul/2026 19:34:07] "GET /api/v1/registers/dpr-tws?site=4 HTTP/1.1" 200 1437
[10/Jul/2026 19:34:08] "GET /api/v1/documents/list?site=4&doc_type=MR HTTP/1.1" 200 4579
[10/Jul/2026 19:34:08] "GET /api/v1/documents/list?site=4&doc_type=PYR HTTP/1.1" 200 13819
[10/Jul/2026 19:34:10] "GET /api/v1/cost-heads HTTP/1.1" 200 384
[10/Jul/2026 19:34:10] "GET /api/v1/projects/1/programme HTTP/1.1" 200 1701
[10/Jul/2026 19:34:10] "GET /api/v1/projects/1 HTTP/1.1" 200 937
[10/Jul/2026 19:34:14] "GET /api/v1/dashboards/site/4 HTTP/1.1" 200 446
[10/Jul/2026 19:34:14] "GET /api/v1/documents/list?site=4&doc_type=MAR HTTP/1.1" 200 2
[10/Jul/2026 19:34:14] "GET /api/v1/documents/list?site=4&doc_type=LM&status=DEPARTED HTTP/1.1" 200 2
[10/Jul/2026 19:34:14] "GET /api/v1/documents/list?site=4&doc_type=IR HTTP/1.1" 200 2
[10/Jul/2026 19:34:14] "GET /api/v1/registers/dpr-tws?site=4 HTTP/1.1" 200 1437
[10/Jul/2026 19:34:14] "GET /api/v1/sites/4/projects HTTP/1.1" 200 1280
[10/Jul/2026 19:34:14] "GET /api/v1/documents/list?site=4&doc_type=MR HTTP/1.1" 200 4579
[10/Jul/2026 19:34:14] "GET /api/v1/documents/list?site=4&doc_type=PYR HTTP/1.1" 200 13819
[10/Jul/2026 19:34:17] "GET /api/v1/manpower-categories HTTP/1.1" 200 2664
[10/Jul/2026 19:34:17] "GET /api/v1/registers/dpr-tws?site=4&project=5 HTTP/1.1" 200 1437
[10/Jul/2026 19:34:17] "GET /api/v1/documents/list?site=4&doc_type=IR&project=5 HTTP/1.1" 200 2
[10/Jul/2026 19:34:17] "GET /api/v1/documents/list?site=4&doc_type=MAR&project=5 HTTP/1.1" 200 2
[10/Jul/2026 19:34:17] "GET /api/v1/documents/list?site=4&doc_type=LM&status=DEPARTED HTTP/1.1" 200 2
[10/Jul/2026 19:34:17] "GET /api/v1/dashboards/site/4 HTTP/1.1" 200 446
[10/Jul/2026 19:34:17] "GET /api/v1/documents/list?site=4&doc_type=MR HTTP/1.1" 200 4579
[10/Jul/2026 19:34:17] "GET /api/v1/documents/list?site=4&doc_type=PYR HTTP/1.1" 200 13819
[10/Jul/2026 19:34:19] "GET /api/v1/projects/5 HTTP/1.1" 200 340
[10/Jul/2026 19:34:21] "GET /api/v1/projects/1/documents HTTP/1.1" 200 241
[10/Jul/2026 19:34:36] "GET /api/v1/projects/5/programme HTTP/1.1" 200 2
[10/Jul/2026 19:34:36] "GET /api/v1/projects/5 HTTP/1.1" 200 340
[10/Jul/2026 19:34:38] "GET /api/v1/manpower-categories HTTP/1.1" 200 2664
[10/Jul/2026 19:34:41] "GET /api/v1/projects/5/documents HTTP/1.1" 200 35
[10/Jul/2026 19:34:50] "GET /api/v1/documents/DPR-VKR-002 HTTP/1.1" 200 6009
[10/Jul/2026 19:34:51] "GET /media/attachments/DPR-VKR-002/WhatsApp_Image_2026-07-09_at_08.26.36.jpeg HTTP/1.1" 200 150385
[10/Jul/2026 19:34:51] "GET /media/attachments/DPR-VKR-002/WhatsApp_Image_2026-07-09_at_10.56.18.jpeg HTTP/1.1" 200 187980
[10/Jul/2026 19:34:51] "GET /media/attachments/DPR-VKR-002/WhatsApp_Image_2026-07-09_at_14.46.17.jpeg HTTP/1.1" 200 200263
[10/Jul/2026 19:34:51] "GET /media/attachments/DPR-VKR-002/WhatsApp_Image_2026-07-09_at_10_O14ky8w.56.18.jpeg HTTP/1.1" 200 187980
[10/Jul/2026 19:34:51] "GET /media/attachments/DPR-VKR-002/WhatsApp_Image_2026-07-09_at_16.12.40.jpeg HTTP/1.1" 200 238532
[10/Jul/2026 19:34:56] "GET /api/v1/dashboards/site/4 HTTP/1.1" 200 446
[10/Jul/2026 19:34:56] "GET /api/v1/registers/dpr-tws?site=4 HTTP/1.1" 200 1437
[10/Jul/2026 19:34:56] "GET /api/v1/registers/dpr-tws?site=4&project=5 HTTP/1.1" 200 1437
[10/Jul/2026 19:34:56] "GET /api/v1/documents/list?site=4&doc_type=IR&project=5 HTTP/1.1" 200 2
[10/Jul/2026 19:34:56] "GET /api/v1/documents/list?site=4&doc_type=MAR&project=5 HTTP/1.1" 200 2
[10/Jul/2026 19:34:56] "GET /api/v1/documents/list?site=4&doc_type=LM&status=DEPARTED HTTP/1.1" 200 2
[10/Jul/2026 19:34:56] "GET /api/v1/documents/list?site=4&doc_type=IR HTTP/1.1" 200 2
[10/Jul/2026 19:34:56] "GET /api/v1/documents/list?site=4&doc_type=MAR HTTP/1.1" 200 2
[10/Jul/2026 19:34:56] "GET /api/v1/sites/4/projects HTTP/1.1" 200 1280
[10/Jul/2026 19:34:56] "GET /api/v1/documents/list?site=4&doc_type=MR HTTP/1.1" 200 4579
[10/Jul/2026 19:34:57] "GET /api/v1/documents/list?site=4&doc_type=PYR HTTP/1.1" 200 13819
[10/Jul/2026 19:34:57] "GET /api/v1/dashboards/site/4 HTTP/1.1" 200 446
[10/Jul/2026 19:34:57] "GET /api/v1/documents/list?site=4&doc_type=LM&status=DEPARTED HTTP/1.1" 200 2
[10/Jul/2026 19:34:57] "GET /api/v1/documents/list?site=4&doc_type=MR HTTP/1.1" 200 4579
[10/Jul/2026 19:34:57] "GET /api/v1/documents/list?site=4&doc_type=PYR HTTP/1.1" 200 13819
[10/Jul/2026 19:34:58] "GET /api/v1/items HTTP/1.1" 200 849
[10/Jul/2026 19:35:02] "GET /media/pdf/DPR-VKR-002/R0-issue.pdf HTTP/1.1" 200 1093214
[10/Jul/2026 19:35:33] "GET /api/v1/dashboards/site/4 HTTP/1.1" 200 446
[10/Jul/2026 19:35:33] "GET /api/v1/sites/4/projects HTTP/1.1" 200 1280
[10/Jul/2026 19:35:33] "GET /api/v1/documents/list?site=4&doc_type=IR HTTP/1.1" 200 2
[10/Jul/2026 19:35:33] "GET /api/v1/documents/list?site=4&doc_type=MAR HTTP/1.1" 200 2
[10/Jul/2026 19:35:33] "GET /api/v1/documents/list?site=4&doc_type=LM&status=DEPARTED HTTP/1.1" 200 2
[10/Jul/2026 19:35:33] "GET /api/v1/registers/dpr-tws?site=4 HTTP/1.1" 200 1437
[10/Jul/2026 19:35:34] "GET /api/v1/documents/list?site=4&doc_type=MR HTTP/1.1" 200 4579
[10/Jul/2026 19:35:34] "GET /api/v1/documents/list?site=4&doc_type=PYR HTTP/1.1" 200 13819
[10/Jul/2026 19:35:40] "GET /api/v1/documents/list?site=4&doc_type=MAR HTTP/1.1" 200 2
[10/Jul/2026 19:35:40] "GET /api/v1/documents/list?site=4&doc_type=MAR&project=1 HTTP/1.1" 200 2
[10/Jul/2026 19:35:40] "GET /api/v1/registers/dpr-tws?site=4&project=1 HTTP/1.1" 200 1437
[10/Jul/2026 19:35:40] "GET /api/v1/documents/list?site=4&doc_type=LM&status=DEPARTED HTTP/1.1" 200 2
[10/Jul/2026 19:35:40] "GET /api/v1/sites/4/projects HTTP/1.1" 200 1280
[10/Jul/2026 19:35:40] "GET /api/v1/documents/list?site=4&doc_type=IR&project=1 HTTP/1.1" 200 2
[10/Jul/2026 19:35:40] "GET /api/v1/dashboards/site/4 HTTP/1.1" 200 446
[10/Jul/2026 19:35:40] "GET /api/v1/registers/dpr-tws?site=4 HTTP/1.1" 200 1437
[10/Jul/2026 19:35:40] "GET /api/v1/documents/list?site=4&doc_type=MR HTTP/1.1" 200 4579
[10/Jul/2026 19:35:40] "GET /api/v1/documents/list?site=4&doc_type=PYR HTTP/1.1" 200 13819
[10/Jul/2026 19:35:40] "GET /api/v1/documents/list?site=4&doc_type=IR HTTP/1.1" 200 2
[10/Jul/2026 19:35:40] "GET /api/v1/documents/list?site=4&doc_type=LM&status=DEPARTED HTTP/1.1" 200 2
[10/Jul/2026 19:35:40] "GET /api/v1/dashboards/site/4 HTTP/1.1" 200 446
[10/Jul/2026 19:35:40] "GET /api/v1/documents/list?site=4&doc_type=MR HTTP/1.1" 200 4579
[10/Jul/2026 19:35:41] "GET /api/v1/documents/list?site=4&doc_type=PYR HTTP/1.1" 200 13819
[10/Jul/2026 19:35:49] "GET /api/v1/documents/PYR-VKR-002 HTTP/1.1" 200 1730
[10/Jul/2026 19:35:55] "GET /api/v1/dashboards/site/4 HTTP/1.1" 200 446
[10/Jul/2026 19:35:55] "GET /api/v1/registers/dpr-tws?site=4 HTTP/1.1" 200 1437
[10/Jul/2026 19:35:55] "GET /api/v1/documents/list?site=4&doc_type=IR HTTP/1.1" 200 2
[10/Jul/2026 19:35:55] "GET /api/v1/documents/list?site=4&doc_type=LM&status=DEPARTED HTTP/1.1" 200 2
[10/Jul/2026 19:35:55] "GET /api/v1/documents/list?site=4&doc_type=MAR HTTP/1.1" 200 2
[10/Jul/2026 19:35:55] "GET /api/v1/sites/4/projects HTTP/1.1" 200 1280
[10/Jul/2026 19:35:55] "GET /api/v1/documents/list?site=4&doc_type=MR HTTP/1.1" 200 4579
[10/Jul/2026 19:35:55] "GET /api/v1/documents/list?site=4&doc_type=PYR HTTP/1.1" 200 13819
[10/Jul/2026 19:36:07] "GET /api/v1/documents/DPR-VKR-003 HTTP/1.1" 200 864
[10/Jul/2026 19:36:09] "GET /api/v1/attendance?site=4&date=2026-07-10 HTTP/1.1" 200 59
[10/Jul/2026 19:36:09] "GET /api/v1/manpower-categories HTTP/1.1" 200 2664
[10/Jul/2026 19:36:09] "GET /api/v1/projects/1/programme HTTP/1.1" 200 1701
[10/Jul/2026 19:36:09] "GET /api/v1/projects/5/programme HTTP/1.1" 200 2
[10/Jul/2026 19:36:16] "GET /api/v1/documents/list?site=4&doc_type=MAR HTTP/1.1" 200 2
[10/Jul/2026 19:36:16] "GET /api/v1/documents/list?site=4&doc_type=IR HTTP/1.1" 200 2
[10/Jul/2026 19:36:16] "GET /api/v1/documents/list?site=4&doc_type=LM&status=DEPARTED HTTP/1.1" 200 2
[10/Jul/2026 19:36:16] "GET /api/v1/registers/dpr-tws?site=4 HTTP/1.1" 200 1437
[10/Jul/2026 19:36:16] "GET /api/v1/dashboards/site/4 HTTP/1.1" 200 446
[10/Jul/2026 19:36:16] "GET /api/v1/sites/4/projects HTTP/1.1" 200 1280
[10/Jul/2026 19:36:16] "GET /api/v1/documents/list?site=4&doc_type=MR HTTP/1.1" 200 4579
[10/Jul/2026 19:36:16] "GET /api/v1/documents/list?site=4&doc_type=PYR HTTP/1.1" 200 13819
[10/Jul/2026 19:36:18] "GET /api/v1/cost-heads HTTP/1.1" 200 384
[10/Jul/2026 19:36:19] "GET /api/v1/documents/list?site=4&doc_type=MAR HTTP/1.1" 200 2
[10/Jul/2026 19:36:19] "GET /api/v1/registers/dpr-tws?site=4 HTTP/1.1" 200 1437
[10/Jul/2026 19:36:19] "GET /api/v1/documents/list?site=4&doc_type=IR HTTP/1.1" 200 2
[10/Jul/2026 19:36:19] "GET /api/v1/documents/list?site=4&doc_type=LM&status=DEPARTED HTTP/1.1" 200 2
[10/Jul/2026 19:36:19] "GET /api/v1/sites/4/projects HTTP/1.1" 200 1280
[10/Jul/2026 19:36:19] "GET /api/v1/dashboards/site/4 HTTP/1.1" 200 446
[10/Jul/2026 19:36:19] "GET /api/v1/documents/list?site=4&doc_type=MR HTTP/1.1" 200 4579
[10/Jul/2026 19:36:19] "GET /api/v1/documents/list?site=4&doc_type=PYR HTTP/1.1" 200 13819
[10/Jul/2026 19:36:20] "GET /api/v1/items HTTP/1.1" 200 849
[10/Jul/2026 19:36:20] "GET /api/v1/documents/list?site=4&doc_type=IR HTTP/1.1" 200 2
[10/Jul/2026 19:36:20] "GET /api/v1/documents/list?site=4&doc_type=MAR HTTP/1.1" 200 2
[10/Jul/2026 19:36:20] "GET /api/v1/documents/list?site=4&doc_type=LM&status=DEPARTED HTTP/1.1" 200 2
[10/Jul/2026 19:36:20] "GET /api/v1/registers/dpr-tws?site=4 HTTP/1.1" 200 1437
[10/Jul/2026 19:36:20] "GET /api/v1/dashboards/site/4 HTTP/1.1" 200 446
[10/Jul/2026 19:36:20] "GET /api/v1/sites/4/projects HTTP/1.1" 200 1280
[10/Jul/2026 19:36:20] "GET /api/v1/documents/list?site=4&doc_type=MR HTTP/1.1" 200 4579
[10/Jul/2026 19:36:20] "GET /api/v1/documents/list?site=4&doc_type=PYR HTTP/1.1" 200 13819
[10/Jul/2026 19:36:21] "GET /api/v1/documents/list?site=4&doc_type=MAR HTTP/1.1" 200 2
[10/Jul/2026 19:36:21] "GET /api/v1/documents/list?site=4&doc_type=LM&status=DEPARTED HTTP/1.1" 200 2
[10/Jul/2026 19:36:21] "GET /api/v1/documents/list?site=4&doc_type=IR HTTP/1.1" 200 2
[10/Jul/2026 19:36:21] "GET /api/v1/registers/dpr-tws?site=4 HTTP/1.1" 200 1437
[10/Jul/2026 19:36:21] "GET /api/v1/sites/4/projects HTTP/1.1" 200 1280
[10/Jul/2026 19:36:21] "GET /api/v1/dashboards/site/4 HTTP/1.1" 200 446
[10/Jul/2026 19:36:21] "GET /api/v1/documents/list?site=4&doc_type=MR HTTP/1.1" 200 4579
[10/Jul/2026 19:36:21] "GET /api/v1/documents/list?site=4&doc_type=PYR HTTP/1.1" 200 13819
[10/Jul/2026 19:36:22] "GET /api/v1/cost-heads HTTP/1.1" 200 384
[10/Jul/2026 19:36:23] "GET /api/v1/items HTTP/1.1" 200 849
[10/Jul/2026 19:36:23] "GET /api/v1/dashboards/site/4 HTTP/1.1" 200 446
[10/Jul/2026 19:36:23] "GET /api/v1/documents/list?site=4&doc_type=IR HTTP/1.1" 200 2
[10/Jul/2026 19:36:23] "GET /api/v1/documents/list?site=4&doc_type=MAR HTTP/1.1" 200 2
[10/Jul/2026 19:36:23] "GET /api/v1/documents/list?site=4&doc_type=LM&status=DEPARTED HTTP/1.1" 200 2
[10/Jul/2026 19:36:23] "GET /api/v1/registers/dpr-tws?site=4 HTTP/1.1" 200 1437
[10/Jul/2026 19:36:23] "GET /api/v1/sites/4/projects HTTP/1.1" 200 1280
[10/Jul/2026 19:36:23] "GET /api/v1/documents/list?site=4&doc_type=MR HTTP/1.1" 200 4579
[10/Jul/2026 19:36:24] "GET /api/v1/documents/list?site=4&doc_type=PYR HTTP/1.1" 200 13819
[10/Jul/2026 19:36:24] "GET /api/v1/cost-heads HTTP/1.1" 200 384
[10/Jul/2026 19:36:24] "GET /api/v1/petty-cash/4 HTTP/1.1" 200 606
[10/Jul/2026 19:36:25] "GET /api/v1/petty-cash/4/entries HTTP/1.1" 200 2239
[10/Jul/2026 19:36:25] "GET /api/v1/documents/list?site=4&doc_type=IR HTTP/1.1" 200 2
[10/Jul/2026 19:36:25] "GET /api/v1/documents/list?site=4&doc_type=LM&status=DEPARTED HTTP/1.1" 200 2
[10/Jul/2026 19:36:25] "GET /api/v1/documents/list?site=4&doc_type=MAR HTTP/1.1" 200 2
[10/Jul/2026 19:36:25] "GET /api/v1/registers/dpr-tws?site=4 HTTP/1.1" 200 1437
[10/Jul/2026 19:36:25] "GET /api/v1/sites/4/projects HTTP/1.1" 200 1280
[10/Jul/2026 19:36:25] "GET /api/v1/dashboards/site/4 HTTP/1.1" 200 446
[10/Jul/2026 19:36:25] "GET /api/v1/documents/list?site=4&doc_type=MR HTTP/1.1" 200 4579
[10/Jul/2026 19:36:25] "GET /api/v1/documents/list?site=4&doc_type=PYR HTTP/1.1" 200 13819
[10/Jul/2026 19:36:27] "GET /api/v1/documents/list?site=4&doc_type=IR HTTP/1.1" 200 2
[10/Jul/2026 19:36:27] "GET /api/v1/documents/list?site=4&doc_type=MAR HTTP/1.1" 200 2
[10/Jul/2026 19:36:27] "GET /api/v1/documents/list?site=4&doc_type=LM&status=DEPARTED HTTP/1.1" 200 2
[10/Jul/2026 19:36:27] "GET /api/v1/registers/dpr-tws?site=4 HTTP/1.1" 200 1437
[10/Jul/2026 19:36:27] "GET /api/v1/dashboards/site/4 HTTP/1.1" 200 446
[10/Jul/2026 19:36:27] "GET /api/v1/sites/4/projects HTTP/1.1" 200 1280
[10/Jul/2026 19:36:27] "GET /api/v1/documents/list?site=4&doc_type=MR HTTP/1.1" 200 4579
[10/Jul/2026 19:36:27] "GET /api/v1/documents/list?site=4&doc_type=PYR HTTP/1.1" 200 13819
[10/Jul/2026 19:36:30] "GET /api/v1/documents/DPR-VKR-003 HTTP/1.1" 200 864
[10/Jul/2026 19:36:32] "GET /api/v1/manpower-categories HTTP/1.1" 200 2664
[10/Jul/2026 19:36:32] "GET /api/v1/projects/5/programme HTTP/1.1" 200 2
[10/Jul/2026 19:36:32] "GET /api/v1/projects/1/programme HTTP/1.1" 200 1701
[10/Jul/2026 19:37:29] "GET /api/v1/approvals/pending HTTP/1.1" 200 23
[10/Jul/2026 19:37:58] "GET /api/v1/dashboards/site/4 HTTP/1.1" 200 446
[10/Jul/2026 19:37:58] "GET /api/v1/documents/list?site=4&doc_type=MAR HTTP/1.1" 200 2
[10/Jul/2026 19:37:58] "GET /api/v1/documents/list?site=4&doc_type=LM&status=DEPARTED HTTP/1.1" 200 2
[10/Jul/2026 19:37:58] "GET /api/v1/registers/dpr-tws?site=4 HTTP/1.1" 200 1437
[10/Jul/2026 19:37:58] "GET /api/v1/documents/list?site=4&doc_type=IR HTTP/1.1" 200 2
[10/Jul/2026 19:37:58] "GET /api/v1/documents/list?site=4&doc_type=MR HTTP/1.1" 200 4579
[10/Jul/2026 19:37:59] "GET /api/v1/sites/4/projects HTTP/1.1" 200 1280
[10/Jul/2026 19:37:59] "GET /api/v1/documents/list?site=4&doc_type=PYR HTTP/1.1" 200 13819
[10/Jul/2026 19:38:23] "POST /api/v1/auth/logout HTTP/1.1" 200 24
[10/Jul/2026 19:38:25] "POST /api/v1/auth/login HTTP/1.1" 200 268
[10/Jul/2026 19:38:25] "GET /api/v1/sites HTTP/1.1" 200 588
[10/Jul/2026 19:38:26] "GET /api/v1/dashboards/site/4 HTTP/1.1" 200 446
[10/Jul/2026 19:38:26] "GET /api/v1/documents/list?site=4&doc_type=IR HTTP/1.1" 200 2
[10/Jul/2026 19:38:26] "GET /api/v1/registers/dpr-tws?site=4 HTTP/1.1" 200 1437
[10/Jul/2026 19:38:26] "GET /api/v1/documents/list?site=4&doc_type=MAR HTTP/1.1" 200 2
[10/Jul/2026 19:38:26] "GET /api/v1/documents/list?site=4&doc_type=LM&status=DEPARTED HTTP/1.1" 200 2
[10/Jul/2026 19:38:26] "GET /api/v1/sites/4/projects HTTP/1.1" 200 1280
[10/Jul/2026 19:38:26] "GET /api/v1/documents/list?site=4&doc_type=MR HTTP/1.1" 200 4579
[10/Jul/2026 19:38:26] "GET /api/v1/documents/list?site=4&doc_type=PYR HTTP/1.1" 200 13819
[10/Jul/2026 19:39:29] "GET /api/v1/attendance?site=4&date=2026-07-10 HTTP/1.1" 200 59
[10/Jul/2026 19:39:36] "GET /api/v1/documents/list?site=4&doc_type=LM&status=DEPARTED HTTP/1.1" 200 2
[10/Jul/2026 19:39:36] "GET /api/v1/sites/4/projects HTTP/1.1" 200 1280
[10/Jul/2026 19:39:36] "GET /api/v1/documents/list?site=4&doc_type=MAR HTTP/1.1" 200 2
[10/Jul/2026 19:39:37] "GET /api/v1/registers/dpr-tws?site=4 HTTP/1.1" 200 1437
[10/Jul/2026 19:39:37] "GET /api/v1/documents/list?site=4&doc_type=MR HTTP/1.1" 200 4579
[10/Jul/2026 19:39:37] "GET /api/v1/documents/list?site=4&doc_type=PYR HTTP/1.1" 200 13819
[10/Jul/2026 19:39:37] "GET /api/v1/documents/list?site=4&doc_type=IR HTTP/1.1" 200 2
[10/Jul/2026 19:39:37] "GET /api/v1/dashboards/site/4 HTTP/1.1" 200 446
[10/Jul/2026 19:40:20] "GET /api/v1/documents/PYR-VKR-002 HTTP/1.1" 200 1730
[10/Jul/2026 19:40:26] "GET /api/v1/dashboards/site/4 HTTP/1.1" 200 446
[10/Jul/2026 19:40:26] "GET /api/v1/documents/list?site=4&doc_type=IR HTTP/1.1" 200 2
[10/Jul/2026 19:40:26] "GET /api/v1/registers/dpr-tws?site=4 HTTP/1.1" 200 1437
[10/Jul/2026 19:40:26] "GET /api/v1/documents/list?site=4&doc_type=LM&status=DEPARTED HTTP/1.1" 200 2
[10/Jul/2026 19:40:26] "GET /api/v1/documents/list?site=4&doc_type=MAR HTTP/1.1" 200 2
[10/Jul/2026 19:40:26] "GET /api/v1/sites/4/projects HTTP/1.1" 200 1280
[10/Jul/2026 19:40:26] "GET /api/v1/documents/list?site=4&doc_type=MR HTTP/1.1" 200 4579
[10/Jul/2026 19:40:26] "GET /api/v1/documents/list?site=4&doc_type=PYR HTTP/1.1" 200 13819
[10/Jul/2026 19:45:19] "GET / HTTP/1.1" 200 433
[10/Jul/2026 19:45:20] "GET /static/assets/index-D3_lHPk2.css HTTP/1.1" 200 24032
[10/Jul/2026 19:45:20] "GET /static/assets/index-D_QSfw6U.js HTTP/1.1" 200 429421
[10/Jul/2026 19:45:21] "GET /api/v1/auth/me HTTP/1.1" 200 23
Not Found: /favicon.ico
[10/Jul/2026 19:45:21] "GET /favicon.ico HTTP/1.1" 404 2726
[10/Jul/2026 19:45:21] "GET /static/assets/inter-latin-400-normal-C38fXH4l.woff2 HTTP/1.1" 200 23664
[10/Jul/2026 19:45:21] "GET /static/assets/inter-latin-700-normal-Yt3aPRUw.woff2 HTTP/1.1" 200 24356
[10/Jul/2026 19:45:21] "GET /static/assets/barlow-condensed-latin-700-normal-v1xN8_Wq.woff2 HTTP/1.1" 200 22444
[10/Jul/2026 19:45:21] "GET /static/assets/inter-latin-600-normal-LgqL8muc.woff2 HTTP/1.1" 200 24452
[10/Jul/2026 19:45:37] "POST /api/v1/auth/login HTTP/1.1" 200 151
[10/Jul/2026 19:45:37] "GET /api/v1/sites HTTP/1.1" 200 7022
[10/Jul/2026 19:45:37] "GET /api/v1/approvals/pending HTTP/1.1" 200 1892
[10/Jul/2026 19:45:38] "GET /api/v1/approvals/pending HTTP/1.1" 200 1892
[10/Jul/2026 19:45:38] "GET /static/assets/ibm-plex-mono-latin-600-normal-BgSNZQsw.woff2 HTTP/1.1" 200 15620
[10/Jul/2026 19:46:05] "GET /api/v1/registers/dpr-tws?site=6 HTTP/1.1" 200 1407
[10/Jul/2026 19:46:05] "GET /api/v1/documents/list?site=6&doc_type=MAR HTTP/1.1" 200 2
[10/Jul/2026 19:46:05] "GET /api/v1/documents/list?site=6&doc_type=IR HTTP/1.1" 200 2
[10/Jul/2026 19:46:05] "GET /api/v1/documents/list?site=6&doc_type=LM&status=DEPARTED HTTP/1.1" 200 2
[10/Jul/2026 19:46:05] "GET /api/v1/dashboards/site/6 HTTP/1.1" 200 383
[10/Jul/2026 19:46:05] "GET /api/v1/sites/6/projects HTTP/1.1" 200 727
[10/Jul/2026 19:46:05] "GET /api/v1/documents/list?site=6&doc_type=MR HTTP/1.1" 200 2553
[10/Jul/2026 19:46:05] "GET /api/v1/documents/list?site=6&doc_type=PYR HTTP/1.1" 200 3104
[10/Jul/2026 19:46:12] "GET /api/v1/projects/4/programme HTTP/1.1" 200 2
[10/Jul/2026 19:46:12] "GET /api/v1/manpower-categories HTTP/1.1" 200 2664
[10/Jul/2026 19:46:12] "GET /api/v1/projects/2/programme HTTP/1.1" 200 1934
[10/Jul/2026 19:47:43] "GET /api/v1/sites/1/projects HTTP/1.1" 200 2
[10/Jul/2026 19:47:43] "GET /api/v1/documents/list?site=1&doc_type=LM&status=DEPARTED HTTP/1.1" 200 2
[10/Jul/2026 19:47:43] "GET /api/v1/registers/dpr-tws?site=1 HTTP/1.1" 200 1432
[10/Jul/2026 19:47:43] "GET /api/v1/documents/list?site=1&doc_type=IR HTTP/1.1" 200 3109
[10/Jul/2026 19:47:43] "GET /api/v1/documents/list?site=1&doc_type=PYR HTTP/1.1" 200 1938
[10/Jul/2026 19:47:43] "GET /api/v1/documents/list?site=1&doc_type=MAR HTTP/1.1" 200 2052
[10/Jul/2026 19:47:43] "GET /api/v1/documents/list?site=1&doc_type=MR HTTP/1.1" 200 7132
[10/Jul/2026 19:47:43] "GET /api/v1/dashboards/site/1 HTTP/1.1" 200 572
[10/Jul/2026 19:47:44] "GET /static/assets/ibm-plex-mono-latin-500-normal-DSY6xOcd.woff2 HTTP/1.1" 200 14888
[10/Jul/2026 19:47:53] "GET /api/v1/petty-cash/1 HTTP/1.1" 200 420
[10/Jul/2026 19:47:53] "GET /api/v1/cost-heads HTTP/1.1" 200 384
[10/Jul/2026 19:47:54] "GET /api/v1/petty-cash/1/entries HTTP/1.1" 200 311
[10/Jul/2026 19:48:00] "GET /api/v1/documents/list?site=1&doc_type=LM&status=DEPARTED HTTP/1.1" 200 2
[10/Jul/2026 19:48:00] "GET /api/v1/registers/dpr-tws?site=1 HTTP/1.1" 200 1432
[10/Jul/2026 19:48:00] "GET /api/v1/sites/1/projects HTTP/1.1" 200 2
[10/Jul/2026 19:48:00] "GET /api/v1/documents/list?site=1&doc_type=MAR HTTP/1.1" 200 2052
[10/Jul/2026 19:48:00] "GET /api/v1/dashboards/site/1 HTTP/1.1" 200 572
[10/Jul/2026 19:48:00] "GET /api/v1/documents/list?site=1&doc_type=IR HTTP/1.1" 200 3109
[10/Jul/2026 19:48:00] "GET /api/v1/documents/list?site=1&doc_type=PYR HTTP/1.1" 200 1938
[10/Jul/2026 19:48:00] "GET /api/v1/approvals/pending HTTP/1.1" 200 1892
[10/Jul/2026 19:48:00] "GET /api/v1/documents/list?site=1&doc_type=MR HTTP/1.1" 200 7132
[10/Jul/2026 19:48:25] "GET /api/v1/sites/1/manpower HTTP/1.1" 200 721
[10/Jul/2026 19:50:51] "GET /api/v1/pms HTTP/1.1" 200 99
[10/Jul/2026 19:50:51] "GET /api/v1/sites HTTP/1.1" 200 7022
[10/Jul/2026 19:50:57] "GET /api/v1/dashboards/hr HTTP/1.1" 200 1187
[10/Jul/2026 19:51:12] "GET /api/v1/dashboards/ho HTTP/1.1" 200 136
[10/Jul/2026 19:51:12] "GET /api/v1/registers/mr HTTP/1.1" 200 3056
[10/Jul/2026 19:51:34] "GET /api/v1/dashboards/ho HTTP/1.1" 200 136
[10/Jul/2026 19:51:34] "GET /api/v1/registers/pr HTTP/1.1" 200 4039
[10/Jul/2026 19:51:36] "GET /api/v1/dashboards/ho HTTP/1.1" 200 136
[10/Jul/2026 19:51:36] "GET /api/v1/registers/mr HTTP/1.1" 200 3056
[10/Jul/2026 19:51:56] "GET /api/v1/items HTTP/1.1" 200 849
[10/Jul/2026 19:51:56] "GET /api/v1/documents/list?doc_type=MR&open=1 HTTP/1.1" 200 21681
[10/Jul/2026 19:53:16] "GET /api/v1/dashboards/hr HTTP/1.1" 200 1187
[10/Jul/2026 19:53:32] "GET /api/v1/approvals/pending HTTP/1.1" 200 1892
[10/Jul/2026 19:53:49] "GET /api/v1/sites/6/projects HTTP/1.1" 200 727
[10/Jul/2026 19:53:49] "GET /api/v1/documents/list?site=6&doc_type=LM&status=DEPARTED HTTP/1.1" 200 2
[10/Jul/2026 19:53:49] "GET /api/v1/documents/list?site=6&doc_type=MAR HTTP/1.1" 200 2
[10/Jul/2026 19:53:49] "GET /api/v1/documents/list?site=6&doc_type=MR HTTP/1.1" 200 2553
[10/Jul/2026 19:53:49] "GET /api/v1/dashboards/site/6 HTTP/1.1" 200 383
[10/Jul/2026 19:53:49] "GET /api/v1/documents/list?site=6&doc_type=PYR HTTP/1.1" 200 3104
[10/Jul/2026 19:53:49] "GET /api/v1/documents/list?site=6&doc_type=IR HTTP/1.1" 200 2
[10/Jul/2026 19:53:49] "GET /api/v1/registers/dpr-tws?site=6 HTTP/1.1" 200 1407
[10/Jul/2026 19:54:27] "GET /api/v1/finance/dashboard HTTP/1.1" 200 496
[10/Jul/2026 19:54:56] "GET /api/v1/payment-vouchers HTTP/1.1" 200 1115
[10/Jul/2026 19:54:57] "GET /api/v1/finance/awaiting-voucher HTTP/1.1" 200 2
[10/Jul/2026 19:54:59] "GET /api/v1/finance/dashboard HTTP/1.1" 200 496
[10/Jul/2026 20:02:24] "GET / HTTP/1.1" 200 433
[10/Jul/2026 20:02:24] "GET /static/assets/index-D3_lHPk2.css HTTP/1.1" 200 24032
[10/Jul/2026 20:02:24] "GET /static/assets/index-D_QSfw6U.js HTTP/1.1" 200 429421
[10/Jul/2026 20:02:25] "GET /api/v1/auth/me HTTP/1.1" 200 151
[10/Jul/2026 20:02:26] "GET /api/v1/sites HTTP/1.1" 200 7022
[10/Jul/2026 20:02:26] "GET /api/v1/approvals/pending HTTP/1.1" 200 1892
[10/Jul/2026 20:02:26] "GET /api/v1/approvals/pending HTTP/1.1" 200 1892
[10/Jul/2026 20:02:27] "GET /static/assets/barlow-condensed-latin-700-normal-v1xN8_Wq.woff2 HTTP/1.1" 200 22444
[10/Jul/2026 20:02:27] "GET /static/assets/inter-latin-400-normal-C38fXH4l.woff2 HTTP/1.1" 200 23664
[10/Jul/2026 20:02:27] "GET /static/assets/inter-latin-600-normal-LgqL8muc.woff2 HTTP/1.1" 200 24452
[10/Jul/2026 20:02:27] "GET /static/assets/ibm-plex-mono-latin-600-normal-BgSNZQsw.woff2 HTTP/1.1" 200 15620
[10/Jul/2026 20:02:27] "GET /static/assets/inter-latin-700-normal-Yt3aPRUw.woff2 HTTP/1.1" 200 24356
[10/Jul/2026 20:08:26] "GET /api/v1/approvals/pending HTTP/1.1" 200 1892
[10/Jul/2026 20:08:26] "GET /api/v1/approvals/pending HTTP/1.1" 200 1892
[10/Jul/2026 20:12:04] "GET /api/v1/dashboards/ho HTTP/1.1" 200 136
[10/Jul/2026 20:12:04] "GET /api/v1/registers/mr HTTP/1.1" 200 3056
[10/Jul/2026 20:12:04] "GET /static/assets/ibm-plex-mono-latin-500-normal-DSY6xOcd.woff2 HTTP/1.1" 200 14888
[10/Jul/2026 20:12:04] "GET /api/v1/finance/dashboard HTTP/1.1" 200 496
[10/Jul/2026 20:12:06] "POST /api/v1/auth/logout HTTP/1.1" 200 24
[10/Jul/2026 20:12:20] "GET /api/v1/documents/list?site=6&doc_type=LM&status=DEPARTED HTTP/1.1" 200 2
[10/Jul/2026 20:12:20] "GET /api/v1/registers/dpr-tws?site=6 HTTP/1.1" 200 1407
[10/Jul/2026 20:12:20] "GET /api/v1/documents/list?site=6&doc_type=IR HTTP/1.1" 200 2
[10/Jul/2026 20:12:20] "GET /api/v1/documents/list?site=6&doc_type=MAR HTTP/1.1" 200 2
[10/Jul/2026 20:12:20] "GET /api/v1/documents/list?site=6&doc_type=PYR HTTP/1.1" 200 3104
[10/Jul/2026 20:12:20] "GET /api/v1/documents/list?site=6&doc_type=MR HTTP/1.1" 200 2553
[10/Jul/2026 20:12:20] "GET /api/v1/sites/6/projects HTTP/1.1" 200 727
[10/Jul/2026 20:12:20] "GET /api/v1/dashboards/site/6 HTTP/1.1" 200 383
[10/Jul/2026 20:12:28] "GET /api/v1/documents/list?site=13&doc_type=MAR HTTP/1.1" 200 2
[10/Jul/2026 20:12:28] "GET /api/v1/documents/list?site=13&doc_type=PYR HTTP/1.1" 200 2
[10/Jul/2026 20:12:28] "GET /api/v1/documents/list?site=13&doc_type=MR HTTP/1.1" 200 2
[10/Jul/2026 20:12:28] "GET /api/v1/documents/list?site=13&doc_type=LM&status=DEPARTED HTTP/1.1" 200 2
[10/Jul/2026 20:12:28] "GET /api/v1/registers/dpr-tws?site=13 HTTP/1.1" 200 1419
[10/Jul/2026 20:12:28] "GET /api/v1/sites/13/projects HTTP/1.1" 200 393
[10/Jul/2026 20:12:28] "GET /api/v1/documents/list?site=13&doc_type=IR HTTP/1.1" 200 2
[10/Jul/2026 20:12:28] "GET /api/v1/dashboards/site/13 HTTP/1.1" 200 383
[10/Jul/2026 20:12:28] "GET /api/v1/dashboards/site/13 HTTP/1.1" 200 383
[10/Jul/2026 20:12:28] "GET /api/v1/documents/list?site=13&doc_type=IR&project=3 HTTP/1.1" 200 2
[10/Jul/2026 20:12:28] "GET /api/v1/documents/list?site=13&doc_type=MR HTTP/1.1" 200 2
[10/Jul/2026 20:12:28] "GET /api/v1/registers/dpr-tws?site=13&project=3 HTTP/1.1" 200 1419
[10/Jul/2026 20:12:28] "GET /api/v1/documents/list?site=13&doc_type=MAR&project=3 HTTP/1.1" 200 2
[10/Jul/2026 20:12:28] "GET /api/v1/documents/list?site=13&doc_type=LM&status=DEPARTED HTTP/1.1" 200 2
[10/Jul/2026 20:12:29] "GET /api/v1/documents/list?site=13&doc_type=PYR HTTP/1.1" 200 2
[10/Jul/2026 20:12:31] "GET /api/v1/documents/list?site=6&doc_type=MAR HTTP/1.1" 200 2
[10/Jul/2026 20:12:31] "GET /api/v1/documents/list?site=6&doc_type=LM&status=DEPARTED HTTP/1.1" 200 2
[10/Jul/2026 20:12:31] "GET /api/v1/registers/dpr-tws?site=6 HTTP/1.1" 200 1407
[10/Jul/2026 20:12:31] "GET /api/v1/documents/list?site=6&doc_type=IR HTTP/1.1" 200 2
[10/Jul/2026 20:12:31] "GET /api/v1/dashboards/site/6 HTTP/1.1" 200 383
[10/Jul/2026 20:12:31] "GET /api/v1/sites/6/projects HTTP/1.1" 200 727
[10/Jul/2026 20:12:31] "GET /api/v1/documents/list?site=6&doc_type=MR HTTP/1.1" 200 2553
[10/Jul/2026 20:12:31] "GET /api/v1/documents/list?site=6&doc_type=PYR HTTP/1.1" 200 3104
[10/Jul/2026 20:12:48] "POST /api/v1/auth/logout HTTP/1.1" 200 24
[10/Jul/2026 20:13:57] "POST /api/v1/auth/login HTTP/1.1" 200 151
[10/Jul/2026 20:13:57] "GET /api/v1/sites HTTP/1.1" 200 7022
[10/Jul/2026 20:13:57] "GET /api/v1/approvals/pending HTTP/1.1" 200 1892
[10/Jul/2026 20:13:57] "GET /api/v1/approvals/pending HTTP/1.1" 200 1892
[10/Jul/2026 20:13:57] "GET /api/v1/approvals/pending HTTP/1.1" 200 1892
[10/Jul/2026 20:14:09] "POST /api/v1/auth/login HTTP/1.1" 200 291
[10/Jul/2026 20:14:10] "GET /api/v1/sites HTTP/1.1" 200 588
[10/Jul/2026 20:14:10] "GET /api/v1/documents/list?site=4&doc_type=LM&status=DEPARTED HTTP/1.1" 200 2
[10/Jul/2026 20:14:10] "GET /api/v1/documents/list?site=4&doc_type=IR HTTP/1.1" 200 2
[10/Jul/2026 20:14:10] "GET /api/v1/documents/list?site=4&doc_type=MAR HTTP/1.1" 200 2
[10/Jul/2026 20:14:10] "GET /api/v1/registers/dpr-tws?site=4 HTTP/1.1" 200 1437
[10/Jul/2026 20:14:10] "GET /api/v1/sites/4/projects HTTP/1.1" 200 1280
[10/Jul/2026 20:14:10] "GET /api/v1/documents/list?site=4&doc_type=MR HTTP/1.1" 200 4579
[10/Jul/2026 20:14:10] "GET /api/v1/dashboards/site/4 HTTP/1.1" 200 446
[10/Jul/2026 20:14:10] "GET /api/v1/documents/list?site=4&doc_type=PYR HTTP/1.1" 200 13819
[10/Jul/2026 20:14:14] "GET /api/v1/documents/DPR-VKR-003 HTTP/1.1" 200 864
[10/Jul/2026 20:14:19] "GET /api/v1/projects/5/programme HTTP/1.1" 200 2
[10/Jul/2026 20:14:19] "GET /api/v1/manpower-categories HTTP/1.1" 200 2664
[10/Jul/2026 20:14:19] "GET /api/v1/projects/1/programme HTTP/1.1" 200 1701
[10/Jul/2026 20:15:41] "GET / HTTP/1.1" 200 433
[10/Jul/2026 20:15:41] "GET /api/v1/auth/me HTTP/1.1" 200 157
[10/Jul/2026 20:15:42] "GET /api/v1/approvals/pending HTTP/1.1" 200 23
[10/Jul/2026 20:15:42] "GET /api/v1/sites HTTP/1.1" 200 7022
[10/Jul/2026 20:15:42] "GET /api/v1/approvals/pending HTTP/1.1" 200 23
[10/Jul/2026 20:15:46] "GET /api/v1/dashboards/ho HTTP/1.1" 200 136
[10/Jul/2026 20:15:46] "GET /api/v1/registers/mr HTTP/1.1" 200 3056
[10/Jul/2026 20:15:47] "GET /api/v1/manpower-categories HTTP/1.1" 200 2664
[10/Jul/2026 20:15:47] "GET /api/v1/employees HTTP/1.1" 200 875
[10/Jul/2026 20:15:48] "GET /api/v1/pms HTTP/1.1" 200 99
[10/Jul/2026 20:15:48] "GET /api/v1/sites HTTP/1.1" 200 7022
[10/Jul/2026 20:15:59] "PATCH /api/v1/documents/DPR-VKR-003 HTTP/1.1" 200 864
[10/Jul/2026 20:16:01] "PATCH /api/v1/documents/DPR-VKR-003 HTTP/1.1" 200 864
[10/Jul/2026 20:16:08] "GET /api/v1/approvals/pending HTTP/1.1" 200 23
[10/Jul/2026 20:16:09] "GET /api/v1/documents/list?site=4&doc_type=LM&status=DEPARTED HTTP/1.1" 200 2
[10/Jul/2026 20:16:09] "GET /api/v1/registers/dpr-tws?site=4 HTTP/1.1" 200 1437
[10/Jul/2026 20:16:09] "GET /api/v1/dashboards/site/4 HTTP/1.1" 200 446
[10/Jul/2026 20:16:09] "GET /api/v1/documents/list?site=4&doc_type=MR HTTP/1.1" 200 4579
[10/Jul/2026 20:16:09] "GET /api/v1/documents/list?site=4&doc_type=PYR HTTP/1.1" 200 13819
[10/Jul/2026 20:16:09] "GET /api/v1/documents/list?site=4&doc_type=IR HTTP/1.1" 200 2
[10/Jul/2026 20:16:09] "GET /api/v1/documents/list?site=4&doc_type=MAR HTTP/1.1" 200 2
[10/Jul/2026 20:16:10] "GET /api/v1/dashboards/portfolio HTTP/1.1" 200 2491
[10/Jul/2026 20:16:11] "GET /api/v1/manpower-categories HTTP/1.1" 200 2664
[10/Jul/2026 20:16:15] "GET /api/v1/cost/portfolio HTTP/1.1" 200 662
[10/Jul/2026 20:16:24] "GET /api/v1/dashboards/site/4 HTTP/1.1" 200 446
[10/Jul/2026 20:16:24] "GET /api/v1/documents/list?site=4&doc_type=MR HTTP/1.1" 200 4579
[10/Jul/2026 20:16:25] "GET /api/v1/documents/list?site=4&doc_type=MAR HTTP/1.1" 200 2
[10/Jul/2026 20:16:25] "GET /api/v1/documents/list?site=4&doc_type=IR HTTP/1.1" 200 2
[10/Jul/2026 20:16:25] "GET /api/v1/registers/dpr-tws?site=4 HTTP/1.1" 200 1437
[10/Jul/2026 20:16:25] "GET /api/v1/sites/4/projects HTTP/1.1" 200 1280
[10/Jul/2026 20:16:25] "GET /api/v1/documents/list?site=4&doc_type=LM&status=DEPARTED HTTP/1.1" 200 2
[10/Jul/2026 20:16:25] "GET /api/v1/documents/list?site=4&doc_type=PYR HTTP/1.1" 200 13819
[10/Jul/2026 20:16:27] "GET /api/v1/documents/list?site=6&doc_type=IR HTTP/1.1" 200 2
[10/Jul/2026 20:16:27] "GET /api/v1/registers/dpr-tws?site=6 HTTP/1.1" 200 1407
[10/Jul/2026 20:16:27] "GET /api/v1/documents/list?site=6&doc_type=MAR HTTP/1.1" 200 2
[10/Jul/2026 20:16:27] "GET /api/v1/sites/6/projects HTTP/1.1" 200 727
[10/Jul/2026 20:16:27] "GET /api/v1/dashboards/site/6 HTTP/1.1" 200 383
[10/Jul/2026 20:16:27] "GET /api/v1/documents/list?site=6&doc_type=MR HTTP/1.1" 200 2553
[10/Jul/2026 20:16:27] "GET /api/v1/documents/list?site=6&doc_type=PYR HTTP/1.1" 200 3104
[10/Jul/2026 20:16:27] "GET /api/v1/documents/list?site=6&doc_type=LM&status=DEPARTED HTTP/1.1" 200 2
[10/Jul/2026 20:16:45] "GET /api/v1/documents/MR-BVR-001 HTTP/1.1" 200 2551
[10/Jul/2026 20:16:59] "GET /media/pdf/MR-BVR-001/R0-sent.pdf HTTP/1.1" 200 107675
[10/Jul/2026 20:17:00] "GET /media/pdf/MR-BVR-001/R0-sent.pdf HTTP/1.1" 200 107675
[10/Jul/2026 20:17:12] "GET /api/v1/dashboards/ho HTTP/1.1" 200 136
[10/Jul/2026 20:17:12] "GET /api/v1/registers/mr HTTP/1.1" 200 3056
[10/Jul/2026 20:17:14] "GET /api/v1/manpower-categories HTTP/1.1" 200 2664
[10/Jul/2026 20:17:14] "GET /api/v1/employees HTTP/1.1" 200 875
[10/Jul/2026 20:17:22] "GET /api/v1/staff-cost/current HTTP/1.1" 200 329
[10/Jul/2026 20:17:22] "GET /api/v1/staff-cost/history HTTP/1.1" 200 2
[10/Jul/2026 20:17:27] "GET /api/v1/pm-overview HTTP/1.1" 200 2367
[10/Jul/2026 20:17:33] "POST /api/v1/sites/6/assign-pm HTTP/1.1" 200 549
[10/Jul/2026 20:17:33] "GET /api/v1/pm-overview HTTP/1.1" 200 2503
[10/Jul/2026 20:17:39] "POST /api/v1/sites/6/assign-pm HTTP/1.1" 200 543
[10/Jul/2026 20:17:39] "GET /api/v1/pm-overview HTTP/1.1" 200 2632
[10/Jul/2026 20:17:42] "POST /api/v1/sites/6/assign-pm HTTP/1.1" 200 542
[10/Jul/2026 20:17:42] "GET /api/v1/pm-overview HTTP/1.1" 200 2759
[10/Jul/2026 20:17:45] "GET /api/v1/manpower-categories HTTP/1.1" 200 2664
[10/Jul/2026 20:17:47] "GET /api/v1/staff-cost/history HTTP/1.1" 200 2
[10/Jul/2026 20:17:47] "GET /api/v1/staff-cost/current HTTP/1.1" 200 329
[10/Jul/2026 20:17:48] "GET /api/v1/manpower-categories HTTP/1.1" 200 2664
[10/Jul/2026 20:17:48] "GET /api/v1/employees HTTP/1.1" 200 875
[10/Jul/2026 20:17:51] "GET /api/v1/dashboards/ho HTTP/1.1" 200 136
[10/Jul/2026 20:17:51] "GET /api/v1/registers/mr HTTP/1.1" 200 3056
[10/Jul/2026 20:17:52] "GET /api/v1/approvals/pending HTTP/1.1" 200 23
[10/Jul/2026 20:17:54] "GET /api/v1/dashboards/ho HTTP/1.1" 200 136
[10/Jul/2026 20:17:54] "GET /api/v1/registers/mr HTTP/1.1" 200 3056
[10/Jul/2026 20:18:05] "GET /api/v1/documents/list?site=4&doc_type=MAR HTTP/1.1" 200 2
[10/Jul/2026 20:18:05] "GET /api/v1/registers/dpr-tws?site=4 HTTP/1.1" 200 1437
[10/Jul/2026 20:18:05] "GET /api/v1/documents/list?site=4&doc_type=IR HTTP/1.1" 200 2
[10/Jul/2026 20:18:05] "GET /api/v1/documents/list?site=4&doc_type=LM&status=DEPARTED HTTP/1.1" 200 2
[10/Jul/2026 20:18:05] "GET /api/v1/sites/4/projects HTTP/1.1" 200 1280
[10/Jul/2026 20:18:05] "GET /api/v1/dashboards/site/4 HTTP/1.1" 200 446
[10/Jul/2026 20:18:05] "GET /api/v1/documents/list?site=4&doc_type=MR HTTP/1.1" 200 4579
[10/Jul/2026 20:18:05] "GET /api/v1/documents/list?site=4&doc_type=PYR HTTP/1.1" 200 13819
[10/Jul/2026 20:18:59] "GET /api/v1/documents/DPR-VKR-003 HTTP/1.1" 200 864
[10/Jul/2026 20:19:05] "GET /api/v1/manpower-categories HTTP/1.1" 200 2664
[10/Jul/2026 20:19:05] "GET /api/v1/projects/1/programme HTTP/1.1" 200 1701
[10/Jul/2026 20:19:05] "GET /api/v1/projects/5/programme HTTP/1.1" 200 2
[10/Jul/2026 20:20:11] "GET /api/v1/sites/4/manpower HTTP/1.1" 200 132
[10/Jul/2026 20:21:40] "GET /api/v1/documents/list?site=6&doc_type=IR HTTP/1.1" 200 2
[10/Jul/2026 20:21:40] "GET /api/v1/documents/list?site=6&doc_type=MAR HTTP/1.1" 200 2
[10/Jul/2026 20:21:40] "GET /api/v1/documents/list?site=6&doc_type=MR HTTP/1.1" 200 2553
[10/Jul/2026 20:21:40] "GET /api/v1/documents/list?site=6&doc_type=PYR HTTP/1.1" 200 3104
[10/Jul/2026 20:21:40] "GET /api/v1/dashboards/site/6 HTTP/1.1" 200 383
[10/Jul/2026 20:21:40] "GET /api/v1/sites/6/projects HTTP/1.1" 200 727
[10/Jul/2026 20:21:40] "GET /api/v1/registers/dpr-tws?site=6 HTTP/1.1" 200 1407
[10/Jul/2026 20:21:40] "GET /api/v1/documents/list?site=6&doc_type=LM&status=DEPARTED HTTP/1.1" 200 2
[10/Jul/2026 20:21:41] "GET /api/v1/pms HTTP/1.1" 200 99
Not Found: /favicon.ico
[10/Jul/2026 20:21:41] "GET /favicon.ico HTTP/1.1" 404 2726
Not Found: /favicon.ico
[10/Jul/2026 20:21:47] "GET /favicon.ico HTTP/1.1" 404 2726
[10/Jul/2026 20:21:50] "GET /api/v1/approvals/pending HTTP/1.1" 200 1892
[10/Jul/2026 20:21:50] "GET /api/v1/approvals/pending HTTP/1.1" 200 1892
[10/Jul/2026 20:21:52] "GET /api/v1/manpower-categories HTTP/1.1" 200 2664
[10/Jul/2026 20:21:52] "GET /api/v1/sites/4/manpower HTTP/1.1" 200 132
[10/Jul/2026 20:21:52] "GET /api/v1/manpower-categories HTTP/1.1" 200 2664
[10/Jul/2026 20:21:52] "GET /api/v1/sites/4/projects HTTP/1.1" 200 1324
[10/Jul/2026 20:21:52] "GET /api/v1/documents/list?site=4&doc_type=DMA HTTP/1.1" 200 1941
[10/Jul/2026 20:21:52] "GET /api/v1/sites/4/manpower HTTP/1.1" 200 132
[10/Jul/2026 20:21:52] "GET /api/v1/documents/list?site=4&doc_type=DMA HTTP/1.1" 200 1941
[10/Jul/2026 20:21:54] "GET /api/v1/documents/list?site=4&doc_type=IR HTTP/1.1" 200 2
[10/Jul/2026 20:21:54] "GET /api/v1/documents/list?site=4&doc_type=MAR HTTP/1.1" 200 2
[10/Jul/2026 20:21:54] "GET /api/v1/registers/dpr-tws?site=4 HTTP/1.1" 200 1437
[10/Jul/2026 20:21:54] "GET /api/v1/documents/list?site=4&doc_type=LM&status=DEPARTED HTTP/1.1" 200 2
[10/Jul/2026 20:21:54] "GET /api/v1/dashboards/site/4 HTTP/1.1" 200 446
[10/Jul/2026 20:21:54] "GET /api/v1/documents/list?site=4&doc_type=MAR HTTP/1.1" 200 2
[10/Jul/2026 20:21:54] "GET /api/v1/documents/list?site=4&doc_type=IR HTTP/1.1" 200 2
[10/Jul/2026 20:21:54] "GET /api/v1/documents/list?site=4&doc_type=LM&status=DEPARTED HTTP/1.1" 200 2
[10/Jul/2026 20:21:54] "GET /api/v1/sites/4/projects HTTP/1.1" 200 1324
[10/Jul/2026 20:21:54] "GET /api/v1/registers/dpr-tws?site=4 HTTP/1.1" 200 1437
[10/Jul/2026 20:21:54] "GET /api/v1/documents/list?site=4&doc_type=MR HTTP/1.1" 200 4465
[10/Jul/2026 20:21:54] "GET /api/v1/approvals/pending HTTP/1.1" 200 1892
[10/Jul/2026 20:21:54] "GET /api/v1/dashboards/site/4 HTTP/1.1" 200 446
[10/Jul/2026 20:21:54] "GET /api/v1/documents/list?site=4&doc_type=MR HTTP/1.1" 200 4465
[10/Jul/2026 20:21:54] "GET /api/v1/documents/list?site=4&doc_type=PYR HTTP/1.1" 200 13743
[10/Jul/2026 20:21:55] "GET /api/v1/documents/list?site=4&doc_type=PYR HTTP/1.1" 200 13743
[10/Jul/2026 20:21:58] "GET /api/v1/documents/list?site=4&doc_type=LM&status=DEPARTED HTTP/1.1" 200 2
[10/Jul/2026 20:21:58] "GET /api/v1/documents/list?site=4&doc_type=IR&project=5 HTTP/1.1" 200 2
[10/Jul/2026 20:21:58] "GET /api/v1/documents/list?site=4&doc_type=MAR&project=5 HTTP/1.1" 200 2
[10/Jul/2026 20:21:58] "GET /api/v1/registers/dpr-tws?site=4&project=5 HTTP/1.1" 200 1437
[10/Jul/2026 20:21:58] "GET /api/v1/dashboards/site/4 HTTP/1.1" 200 446
[10/Jul/2026 20:21:58] "GET /api/v1/documents/list?site=4&doc_type=MR HTTP/1.1" 200 4465
[10/Jul/2026 20:21:58] "GET /api/v1/documents/list?site=4&doc_type=PYR HTTP/1.1" 200 13743
[10/Jul/2026 20:21:59] "GET /api/v1/projects/5 HTTP/1.1" 200 362
[10/Jul/2026 20:21:59] "GET /api/v1/projects/5 HTTP/1.1" 200 362
[10/Jul/2026 20:22:01] "GET /api/v1/projects/5 HTTP/1.1" 200 362
[10/Jul/2026 20:22:01] "GET /api/v1/projects/5/programme HTTP/1.1" 200 2
[10/Jul/2026 20:22:01] "GET /api/v1/projects/5 HTTP/1.1" 200 362
[10/Jul/2026 20:22:01] "GET /api/v1/projects/5/programme HTTP/1.1" 200 2
[10/Jul/2026 20:22:09] "GET /api/v1/documents/list?site=4&doc_type=IR HTTP/1.1" 200 2
[10/Jul/2026 20:22:09] "GET /api/v1/documents/list?site=4&doc_type=LM&status=DEPARTED HTTP/1.1" 200 2
[10/Jul/2026 20:22:09] "GET /api/v1/registers/dpr-tws?site=4 HTTP/1.1" 200 1437
[10/Jul/2026 20:22:09] "GET /api/v1/sites/4/projects HTTP/1.1" 200 1280
[10/Jul/2026 20:22:09] "GET /api/v1/documents/list?site=4&doc_type=MAR HTTP/1.1" 200 2
[10/Jul/2026 20:22:09] "GET /api/v1/dashboards/site/4 HTTP/1.1" 200 446
[10/Jul/2026 20:22:09] "GET /api/v1/documents/list?site=4&doc_type=MR HTTP/1.1" 200 4579
[10/Jul/2026 20:22:09] "GET /api/v1/documents/list?site=4&doc_type=PYR HTTP/1.1" 200 13819
[10/Jul/2026 20:22:13] "GET /api/v1/documents/list?site=4&doc_type=IR&project=5 HTTP/1.1" 200 2
[10/Jul/2026 20:22:13] "GET /api/v1/documents/list?site=4&doc_type=LM&status=DEPARTED HTTP/1.1" 200 2
[10/Jul/2026 20:22:13] "GET /api/v1/registers/dpr-tws?site=4&project=5 HTTP/1.1" 200 1437
[10/Jul/2026 20:22:13] "GET /api/v1/documents/list?site=4&doc_type=MAR&project=5 HTTP/1.1" 200 2
[10/Jul/2026 20:22:13] "GET /api/v1/documents/list?site=4&doc_type=IR&project=5 HTTP/1.1" 200 2
[10/Jul/2026 20:22:13] "GET /api/v1/documents/list?site=4&doc_type=LM&status=DEPARTED HTTP/1.1" 200 2
[10/Jul/2026 20:22:13] "GET /api/v1/documents/list?site=4&doc_type=MAR&project=5 HTTP/1.1" 200 2
[10/Jul/2026 20:22:13] "GET /api/v1/sites/4/projects HTTP/1.1" 200 1324
[10/Jul/2026 20:22:13] "GET /api/v1/dashboards/site/4 HTTP/1.1" 200 446
[10/Jul/2026 20:22:13] "GET /api/v1/registers/dpr-tws?site=4&project=5 HTTP/1.1" 200 1437
[10/Jul/2026 20:22:13] "GET /api/v1/documents/list?site=4&doc_type=LM&status=DEPARTED HTTP/1.1" 200 2
[10/Jul/2026 20:22:13] "GET /api/v1/approvals/pending HTTP/1.1" 200 1892
[10/Jul/2026 20:22:13] "GET /api/v1/registers/dpr-tws?site=4 HTTP/1.1" 200 1437
[10/Jul/2026 20:22:13] "GET /api/v1/documents/list?site=4&doc_type=IR HTTP/1.1" 200 2
[10/Jul/2026 20:22:13] "GET /api/v1/documents/list?site=4&doc_type=MR HTTP/1.1" 200 4465
[10/Jul/2026 20:22:13] "GET /api/v1/documents/list?site=4&doc_type=MAR HTTP/1.1" 200 2
[10/Jul/2026 20:22:13] "GET /api/v1/dashboards/site/4 HTTP/1.1" 200 446
[10/Jul/2026 20:22:13] "GET /api/v1/dashboards/site/4 HTTP/1.1" 200 446
[10/Jul/2026 20:22:13] "GET /api/v1/documents/list?site=4&doc_type=MR HTTP/1.1" 200 4465
[10/Jul/2026 20:22:13] "GET /api/v1/documents/list?site=4&doc_type=PYR HTTP/1.1" 200 13743
[10/Jul/2026 20:22:13] "GET /api/v1/documents/list?site=4&doc_type=MR HTTP/1.1" 200 4465
[10/Jul/2026 20:22:13] "GET /api/v1/documents/list?site=4&doc_type=PYR HTTP/1.1" 200 13743
[10/Jul/2026 20:22:13] "GET /api/v1/documents/list?site=4&doc_type=PYR HTTP/1.1" 200 13743
[10/Jul/2026 20:22:15] "GET /api/v1/attendance?site=4&date=2026-07-10 HTTP/1.1" 200 59
[10/Jul/2026 20:22:15] "GET /api/v1/attendance?site=4&date=2026-07-10 HTTP/1.1" 200 59
[10/Jul/2026 20:22:25] "GET /api/v1/documents/list?site=4&doc_type=IR HTTP/1.1" 200 2
[10/Jul/2026 20:22:25] "GET /api/v1/documents/list?site=4&doc_type=MAR HTTP/1.1" 200 2
[10/Jul/2026 20:22:25] "GET /api/v1/documents/list?site=4&doc_type=LM&status=DEPARTED HTTP/1.1" 200 2
[10/Jul/2026 20:22:25] "GET /api/v1/registers/dpr-tws?site=4 HTTP/1.1" 200 1437
[10/Jul/2026 20:22:25] "GET /api/v1/documents/list?site=4&doc_type=IR HTTP/1.1" 200 2
[10/Jul/2026 20:22:25] "GET /api/v1/documents/list?site=4&doc_type=MAR HTTP/1.1" 200 2
[10/Jul/2026 20:22:25] "GET /api/v1/documents/list?site=4&doc_type=LM&status=DEPARTED HTTP/1.1" 200 2
[10/Jul/2026 20:22:26] "GET /api/v1/dashboards/site/4 HTTP/1.1" 200 446
[10/Jul/2026 20:22:26] "GET /api/v1/sites/4/projects HTTP/1.1" 200 1324
[10/Jul/2026 20:22:26] "GET /api/v1/registers/dpr-tws?site=4 HTTP/1.1" 200 1437
[10/Jul/2026 20:22:26] "GET /api/v1/approvals/pending HTTP/1.1" 200 1892
[10/Jul/2026 20:22:26] "GET /api/v1/documents/list?site=4&doc_type=MR HTTP/1.1" 200 4465
[10/Jul/2026 20:22:26] "GET /api/v1/dashboards/site/4 HTTP/1.1" 200 446
[10/Jul/2026 20:22:26] "GET /api/v1/documents/list?site=4&doc_type=MR HTTP/1.1" 200 4465
[10/Jul/2026 20:22:26] "GET /api/v1/documents/list?site=4&doc_type=PYR HTTP/1.1" 200 13743
[10/Jul/2026 20:22:26] "GET /api/v1/documents/list?site=4&doc_type=PYR HTTP/1.1" 200 13743
[10/Jul/2026 20:22:27] "GET /api/v1/cost-heads HTTP/1.1" 200 384
[10/Jul/2026 20:22:27] "GET /api/v1/cost-heads HTTP/1.1" 200 384
[10/Jul/2026 20:22:27] "GET /api/v1/petty-cash/4 HTTP/1.1" 200 606
[10/Jul/2026 20:22:27] "GET /api/v1/petty-cash/4 HTTP/1.1" 200 606
[10/Jul/2026 20:22:27] "GET /api/v1/petty-cash/4/entries HTTP/1.1" 200 2239
[10/Jul/2026 20:22:27] "GET /api/v1/petty-cash/4/entries HTTP/1.1" 200 2239
[10/Jul/2026 20:22:49] "GET /api/v1/documents/list?site=4&doc_type=IR HTTP/1.1" 200 2
[10/Jul/2026 20:22:49] "GET /api/v1/documents/list?site=4&doc_type=LM&status=DEPARTED HTTP/1.1" 200 2
[10/Jul/2026 20:22:49] "GET /api/v1/documents/list?site=4&doc_type=MAR HTTP/1.1" 200 2
[10/Jul/2026 20:22:49] "GET /api/v1/registers/dpr-tws?site=4 HTTP/1.1" 200 1437
[10/Jul/2026 20:22:49] "GET /api/v1/documents/list?site=4&doc_type=IR HTTP/1.1" 200 2
[10/Jul/2026 20:22:49] "GET /api/v1/documents/list?site=4&doc_type=MAR HTTP/1.1" 200 2
[10/Jul/2026 20:22:49] "GET /api/v1/documents/list?site=4&doc_type=LM&status=DEPARTED HTTP/1.1" 200 2
[10/Jul/2026 20:22:49] "GET /api/v1/dashboards/site/4 HTTP/1.1" 200 446
[10/Jul/2026 20:22:49] "GET /api/v1/registers/dpr-tws?site=4 HTTP/1.1" 200 1437
[10/Jul/2026 20:22:49] "GET /api/v1/sites/4/projects HTTP/1.1" 200 1324
[10/Jul/2026 20:22:49] "GET /api/v1/documents/list?site=4&doc_type=MR HTTP/1.1" 200 4465
[10/Jul/2026 20:22:49] "GET /api/v1/approvals/pending HTTP/1.1" 200 1892
[10/Jul/2026 20:22:49] "GET /api/v1/dashboards/site/4 HTTP/1.1" 200 446
[10/Jul/2026 20:22:50] "GET /api/v1/documents/list?site=4&doc_type=PYR HTTP/1.1" 200 13743
[10/Jul/2026 20:22:50] "GET /api/v1/documents/list?site=4&doc_type=MR HTTP/1.1" 200 4465
[10/Jul/2026 20:22:50] "GET /api/v1/documents/list?site=4&doc_type=PYR HTTP/1.1" 200 13743
[10/Jul/2026 20:22:51] "GET /api/v1/cost-heads HTTP/1.1" 200 384
[10/Jul/2026 20:22:51] "GET /api/v1/cost-heads HTTP/1.1" 200 384
[10/Jul/2026 20:22:51] "GET /api/v1/petty-cash/4 HTTP/1.1" 200 606
[10/Jul/2026 20:22:51] "GET /api/v1/petty-cash/4 HTTP/1.1" 200 606
[10/Jul/2026 20:22:51] "GET /api/v1/petty-cash/4/entries HTTP/1.1" 200 2239
[10/Jul/2026 20:22:51] "GET /api/v1/petty-cash/4/entries HTTP/1.1" 200 2239
[10/Jul/2026 20:23:07] "POST /api/v1/petty-cash/4/entries/approve HTTP/1.1" 200 322
[10/Jul/2026 20:23:07] "GET /api/v1/petty-cash/4 HTTP/1.1" 200 609
[10/Jul/2026 20:23:07] "GET /api/v1/petty-cash/4/entries HTTP/1.1" 200 2242
[10/Jul/2026 20:23:16] "POST /api/v1/petty-cash/4/replenish HTTP/1.1" 201 338
[10/Jul/2026 20:23:16] "GET /api/v1/petty-cash/4 HTTP/1.1" 200 614
[10/Jul/2026 20:23:17] "GET /api/v1/documents/PYR-VKR-010 HTTP/1.1" 200 2157
[10/Jul/2026 20:23:17] "GET /api/v1/petty-cash/4/entries HTTP/1.1" 200 2247
[10/Jul/2026 20:23:42] "GET /api/v1/documents/list?site=4&doc_type=MAR HTTP/1.1" 200 2
[10/Jul/2026 20:23:42] "GET /api/v1/documents/list?site=4&doc_type=IR HTTP/1.1" 200 2
[10/Jul/2026 20:23:42] "GET /api/v1/documents/list?site=4&doc_type=LM&status=DEPARTED HTTP/1.1" 200 2
[10/Jul/2026 20:23:42] "GET /api/v1/documents/list?site=4&doc_type=MAR HTTP/1.1" 200 2
[10/Jul/2026 20:23:42] "GET /api/v1/registers/dpr-tws?site=4 HTTP/1.1" 200 1437
[10/Jul/2026 20:23:42] "GET /api/v1/dashboards/site/4 HTTP/1.1" 200 446
[10/Jul/2026 20:23:42] "GET /api/v1/documents/list?site=4&doc_type=LM&status=DEPARTED HTTP/1.1" 200 2
[10/Jul/2026 20:23:42] "GET /api/v1/documents/list?site=4&doc_type=IR HTTP/1.1" 200 2
[10/Jul/2026 20:23:42] "GET /api/v1/sites/4/projects HTTP/1.1" 200 1324
[10/Jul/2026 20:23:42] "GET /api/v1/registers/dpr-tws?site=4 HTTP/1.1" 200 1437
[10/Jul/2026 20:23:42] "GET /api/v1/approvals/pending HTTP/1.1" 200 1892
[10/Jul/2026 20:23:42] "GET /api/v1/dashboards/site/4 HTTP/1.1" 200 446
[10/Jul/2026 20:23:42] "GET /api/v1/documents/list?site=4&doc_type=MR HTTP/1.1" 200 4465
[10/Jul/2026 20:23:42] "GET /api/v1/documents/list?site=4&doc_type=PYR HTTP/1.1" 200 15901
[10/Jul/2026 20:23:42] "GET /api/v1/documents/list?site=4&doc_type=MR HTTP/1.1" 200 4465
[10/Jul/2026 20:23:42] "GET /api/v1/documents/list?site=4&doc_type=PYR HTTP/1.1" 200 15901
[10/Jul/2026 20:27:31] "GET /api/v1/cost-heads HTTP/1.1" 200 384
[10/Jul/2026 20:27:33] "GET /api/v1/documents/list?site=4&doc_type=MAR HTTP/1.1" 200 2
[10/Jul/2026 20:27:33] "GET /api/v1/registers/dpr-tws?site=4 HTTP/1.1" 200 1437
[10/Jul/2026 20:27:33] "GET /api/v1/documents/list?site=4&doc_type=IR HTTP/1.1" 200 2
[10/Jul/2026 20:27:33] "GET /api/v1/dashboards/site/4 HTTP/1.1" 200 446
[10/Jul/2026 20:27:33] "GET /api/v1/documents/list?site=4&doc_type=MR HTTP/1.1" 200 4579
[10/Jul/2026 20:27:33] "GET /api/v1/documents/list?site=4&doc_type=LM&status=DEPARTED HTTP/1.1" 200 2
[10/Jul/2026 20:27:33] "GET /api/v1/sites/4/projects HTTP/1.1" 200 1280
[10/Jul/2026 20:27:33] "GET /api/v1/documents/list?site=4&doc_type=PYR HTTP/1.1" 200 15977
[10/Jul/2026 20:27:34] "GET /api/v1/attendance?site=4&date=2026-07-10 HTTP/1.1" 200 59
[10/Jul/2026 20:27:37] "GET /api/v1/documents/list?site=4&doc_type=IR HTTP/1.1" 200 2
[10/Jul/2026 20:27:37] "GET /api/v1/documents/list?site=4&doc_type=LM&status=DEPARTED HTTP/1.1" 200 2
[10/Jul/2026 20:27:37] "GET /api/v1/registers/dpr-tws?site=4 HTTP/1.1" 200 1437
[10/Jul/2026 20:27:37] "GET /api/v1/documents/list?site=4&doc_type=MAR HTTP/1.1" 200 2
[10/Jul/2026 20:27:37] "GET /api/v1/sites/4/projects HTTP/1.1" 200 1280
[10/Jul/2026 20:27:37] "GET /api/v1/dashboards/site/4 HTTP/1.1" 200 446
[10/Jul/2026 20:27:37] "GET /api/v1/documents/list?site=4&doc_type=MR HTTP/1.1" 200 4579
[10/Jul/2026 20:27:37] "GET /api/v1/documents/list?site=4&doc_type=PYR HTTP/1.1" 200 15977
[10/Jul/2026 20:27:44] "GET /api/v1/documents/list?site=4&doc_type=MAR HTTP/1.1" 200 2
[10/Jul/2026 20:27:44] "GET /api/v1/documents/list?site=4&doc_type=IR HTTP/1.1" 200 2
[10/Jul/2026 20:27:44] "GET /api/v1/registers/dpr-tws?site=4 HTTP/1.1" 200 1437
[10/Jul/2026 20:27:44] "GET /api/v1/sites/4/projects HTTP/1.1" 200 1280
[10/Jul/2026 20:27:44] "GET /api/v1/documents/list?site=4&doc_type=LM&status=DEPARTED HTTP/1.1" 200 2
[10/Jul/2026 20:27:44] "GET /api/v1/dashboards/site/4 HTTP/1.1" 200 446
[10/Jul/2026 20:27:44] "GET /api/v1/documents/list?site=4&doc_type=MR HTTP/1.1" 200 4579
[10/Jul/2026 20:27:44] "GET /api/v1/documents/list?site=4&doc_type=PYR HTTP/1.1" 200 15977
[10/Jul/2026 20:27:57] "GET /api/v1/documents/list?site=4&doc_type=MAR HTTP/1.1" 200 2
[10/Jul/2026 20:27:57] "GET /api/v1/documents/list?site=4&doc_type=LM&status=DEPARTED HTTP/1.1" 200 2
[10/Jul/2026 20:27:57] "GET /api/v1/registers/dpr-tws?site=4 HTTP/1.1" 200 1437
[10/Jul/2026 20:27:57] "GET /api/v1/sites/4/projects HTTP/1.1" 200 1280
[10/Jul/2026 20:27:57] "GET /api/v1/documents/list?site=4&doc_type=IR HTTP/1.1" 200 2
[10/Jul/2026 20:27:57] "GET /api/v1/dashboards/site/4 HTTP/1.1" 200 446
[10/Jul/2026 20:27:57] "GET /api/v1/documents/list?site=4&doc_type=MR HTTP/1.1" 200 4579
[10/Jul/2026 20:27:57] "GET /api/v1/documents/list?site=4&doc_type=PYR HTTP/1.1" 200 15977
[10/Jul/2026 20:28:00] "GET /api/v1/cost-heads HTTP/1.1" 200 384
[10/Jul/2026 20:28:02] "GET /api/v1/documents/list?site=4&doc_type=LM&status=DEPARTED HTTP/1.1" 200 2
[10/Jul/2026 20:28:02] "GET /api/v1/documents/list?site=4&doc_type=IR HTTP/1.1" 200 2
[10/Jul/2026 20:28:02] "GET /api/v1/documents/list?site=4&doc_type=MAR HTTP/1.1" 200 2
[10/Jul/2026 20:28:02] "GET /api/v1/dashboards/site/4 HTTP/1.1" 200 446
[10/Jul/2026 20:28:02] "GET /api/v1/sites/4/projects HTTP/1.1" 200 1280
[10/Jul/2026 20:28:02] "GET /api/v1/registers/dpr-tws?site=4 HTTP/1.1" 200 1437
[10/Jul/2026 20:28:02] "GET /api/v1/documents/list?site=4&doc_type=MR HTTP/1.1" 200 4579
[10/Jul/2026 20:28:02] "GET /api/v1/documents/list?site=4&doc_type=PYR HTTP/1.1" 200 15977
[10/Jul/2026 20:28:16] "GET /api/v1/documents/list?site=4&doc_type=LM&status=DEPARTED HTTP/1.1" 200 2
[10/Jul/2026 20:28:16] "GET /api/v1/dashboards/site/4 HTTP/1.1" 200 446
[10/Jul/2026 20:28:16] "GET /api/v1/registers/dpr-tws?site=4 HTTP/1.1" 200 1437
[10/Jul/2026 20:28:16] "GET /api/v1/documents/list?site=4&doc_type=MAR HTTP/1.1" 200 2
[10/Jul/2026 20:28:16] "GET /api/v1/sites/4/projects HTTP/1.1" 200 1280
[10/Jul/2026 20:28:16] "GET /api/v1/documents/list?site=4&doc_type=MR HTTP/1.1" 200 4579
[10/Jul/2026 20:28:17] "GET /api/v1/documents/list?site=4&doc_type=PYR HTTP/1.1" 200 15977
[10/Jul/2026 20:28:17] "GET /api/v1/documents/list?site=4&doc_type=IR HTTP/1.1" 200 2
[10/Jul/2026 20:28:34] "GET /api/v1/documents/list?site=4&doc_type=LM&status=DEPARTED HTTP/1.1" 200 2
[10/Jul/2026 20:28:34] "GET /api/v1/documents/list?site=4&doc_type=MAR HTTP/1.1" 200 2
[10/Jul/2026 20:28:34] "GET /api/v1/registers/dpr-tws?site=4 HTTP/1.1" 200 1437
[10/Jul/2026 20:28:34] "GET /api/v1/documents/list?site=4&doc_type=IR HTTP/1.1" 200 2
[10/Jul/2026 20:28:34] "GET /api/v1/documents/list?site=4&doc_type=MR HTTP/1.1" 200 4579
[10/Jul/2026 20:28:34] "GET /api/v1/sites/4/projects HTTP/1.1" 200 1280
[10/Jul/2026 20:28:34] "GET /api/v1/dashboards/site/4 HTTP/1.1" 200 446
[10/Jul/2026 20:28:34] "GET /api/v1/documents/list?site=4&doc_type=PYR HTTP/1.1" 200 15977
[10/Jul/2026 20:29:21] "GET / HTTP/1.1" 200 433
[10/Jul/2026 20:29:22] "GET /static/assets/index-D_QSfw6U.js HTTP/1.1" 304 0
[10/Jul/2026 20:29:22] "GET /static/assets/index-D3_lHPk2.css HTTP/1.1" 304 0
[10/Jul/2026 20:29:23] "GET /static/assets/inter-latin-400-normal-C38fXH4l.woff2 HTTP/1.1" 304 0
[10/Jul/2026 20:29:23] "GET /api/v1/auth/me HTTP/1.1" 200 291
[10/Jul/2026 20:29:24] "GET /static/assets/barlow-condensed-latin-700-normal-v1xN8_Wq.woff2 HTTP/1.1" 304 0
[10/Jul/2026 20:29:24] "GET /static/assets/inter-latin-700-normal-Yt3aPRUw.woff2 HTTP/1.1" 304 0
[10/Jul/2026 20:29:24] "GET /api/v1/sites HTTP/1.1" 200 588
[10/Jul/2026 20:29:24] "GET /static/assets/inter-latin-600-normal-LgqL8muc.woff2 HTTP/1.1" 304 0
[10/Jul/2026 20:29:24] "GET /api/v1/documents/list?site=4&doc_type=MAR HTTP/1.1" 200 2
[10/Jul/2026 20:29:24] "GET /api/v1/documents/list?site=4&doc_type=IR HTTP/1.1" 200 2
[10/Jul/2026 20:29:24] "GET /api/v1/registers/dpr-tws?site=4 HTTP/1.1" 200 1437
[10/Jul/2026 20:29:24] "GET /api/v1/sites/4/projects HTTP/1.1" 200 1280
[10/Jul/2026 20:29:24] "GET /api/v1/dashboards/site/4 HTTP/1.1" 200 446
[10/Jul/2026 20:29:24] "GET /api/v1/documents/list?site=4&doc_type=MR HTTP/1.1" 200 4579
[10/Jul/2026 20:29:25] "GET /api/v1/documents/list?site=4&doc_type=LM&status=DEPARTED HTTP/1.1" 200 2
[10/Jul/2026 20:29:25] "GET /api/v1/documents/list?site=4&doc_type=PYR HTTP/1.1" 200 15977
[10/Jul/2026 20:29:25] "GET /static/assets/ibm-plex-mono-latin-600-normal-BgSNZQsw.woff2 HTTP/1.1" 304 0
[10/Jul/2026 20:29:25] "GET /static/assets/ibm-plex-mono-latin-500-normal-DSY6xOcd.woff2 HTTP/1.1" 304 0
[10/Jul/2026 20:29:30] "GET /api/v1/documents/DPR-VKR-003 HTTP/1.1" 200 864
[10/Jul/2026 20:29:38] "GET /api/v1/projects/5/programme HTTP/1.1" 200 2
[10/Jul/2026 20:29:38] "GET /api/v1/manpower-categories HTTP/1.1" 200 2664
[10/Jul/2026 20:29:38] "GET /api/v1/projects/1/programme HTTP/1.1" 200 1701
[10/Jul/2026 20:30:14] "GET /media/guide/Planet_User_Guide_R2.pdf HTTP/1.1" 200 4206345
[10/Jul/2026 20:30:17] "GET /media/guide/Planet_User_Guide_R2.pdf HTTP/1.1" 200 4206345
[10/Jul/2026 20:30:17] "GET /media/guide/Planet_User_Guide_R2.pdf HTTP/1.1" 200 4206345
[10/Jul/2026 20:35:00] "GET /api/v1/documents/list?site=4&doc_type=IR HTTP/1.1" 200 2
[10/Jul/2026 20:35:00] "GET /api/v1/documents/list?site=4&doc_type=MAR HTTP/1.1" 200 2
[10/Jul/2026 20:35:00] "GET /api/v1/registers/dpr-tws?site=4 HTTP/1.1" 200 1437
[10/Jul/2026 20:35:00] "GET /api/v1/documents/list?site=4&doc_type=LM&status=DEPARTED HTTP/1.1" 200 2
[10/Jul/2026 20:35:00] "GET /api/v1/sites/4/projects HTTP/1.1" 200 1280
[10/Jul/2026 20:35:00] "GET /api/v1/documents/list?site=4&doc_type=MR HTTP/1.1" 200 4579
[10/Jul/2026 20:35:00] "GET /api/v1/documents/list?site=4&doc_type=PYR HTTP/1.1" 200 15977
[10/Jul/2026 20:35:00] "GET /api/v1/dashboards/site/4 HTTP/1.1" 200 446
[10/Jul/2026 20:35:05] "GET /api/v1/documents/DPR-VKR-001 HTTP/1.1" 200 2720
[10/Jul/2026 20:35:06] "GET /media/attachments/DPR-VKR-001/p3.png HTTP/1.1" 304 0
[10/Jul/2026 20:35:06] "GET /media/attachments/DPR-VKR-001/p1.png HTTP/1.1" 304 0
[10/Jul/2026 20:35:06] "GET /media/attachments/DPR-VKR-001/p0.png HTTP/1.1" 304 0
[10/Jul/2026 20:35:06] "GET /media/attachments/DPR-VKR-001/p2.png HTTP/1.1" 304 0
[10/Jul/2026 20:35:23] "GET /api/v1/registers/dpr-tws?site=4 HTTP/1.1" 200 1437
[10/Jul/2026 20:35:23] "GET /api/v1/documents/list?site=4&doc_type=MAR HTTP/1.1" 200 2
[10/Jul/2026 20:35:23] "GET /api/v1/documents/list?site=4&doc_type=IR HTTP/1.1" 200 2
[10/Jul/2026 20:35:23] "GET /api/v1/documents/list?site=4&doc_type=LM&status=DEPARTED HTTP/1.1" 200 2
[10/Jul/2026 20:35:23] "GET /api/v1/dashboards/site/4 HTTP/1.1" 200 446
[10/Jul/2026 20:35:23] "GET /api/v1/sites/4/projects HTTP/1.1" 200 1280
[10/Jul/2026 20:35:23] "GET /api/v1/documents/list?site=4&doc_type=MR HTTP/1.1" 200 4579
[10/Jul/2026 20:35:23] "GET /api/v1/documents/list?site=4&doc_type=PYR HTTP/1.1" 200 15977
[10/Jul/2026 20:35:39] "GET /api/v1/documents/DPR-VKR-002 HTTP/1.1" 200 6009
[10/Jul/2026 20:35:40] "GET /media/attachments/DPR-VKR-002/WhatsApp_Image_2026-07-09_at_08.26.36.jpeg HTTP/1.1" 304 0
[10/Jul/2026 20:35:40] "GET /media/attachments/DPR-VKR-002/WhatsApp_Image_2026-07-09_at_14.46.17.jpeg HTTP/1.1" 304 0
[10/Jul/2026 20:35:40] "GET /media/attachments/DPR-VKR-002/WhatsApp_Image_2026-07-09_at_10_O14ky8w.56.18.jpeg HTTP/1.1" 304 0
[10/Jul/2026 20:35:40] "GET /media/attachments/DPR-VKR-002/WhatsApp_Image_2026-07-09_at_16.12.40.jpeg HTTP/1.1" 304 0
[10/Jul/2026 20:35:40] "GET /media/attachments/DPR-VKR-002/WhatsApp_Image_2026-07-09_at_10.56.18.jpeg HTTP/1.1" 304 0
[10/Jul/2026 20:36:33] "GET /api/v1/documents/list?site=4&doc_type=IR HTTP/1.1" 200 2
[10/Jul/2026 20:36:33] "GET /api/v1/documents/list?site=4&doc_type=LM&status=DEPARTED HTTP/1.1" 200 2
[10/Jul/2026 20:36:33] "GET /api/v1/documents/list?site=4&doc_type=MAR HTTP/1.1" 200 2
[10/Jul/2026 20:36:33] "GET /api/v1/registers/dpr-tws?site=4 HTTP/1.1" 200 1437
[10/Jul/2026 20:36:33] "GET /api/v1/sites/4/projects HTTP/1.1" 200 1280
[10/Jul/2026 20:36:33] "GET /api/v1/dashboards/site/4 HTTP/1.1" 200 446
[10/Jul/2026 20:36:33] "GET /api/v1/documents/list?site=4&doc_type=MR HTTP/1.1" 200 4579
[10/Jul/2026 20:36:34] "GET /api/v1/documents/list?site=4&doc_type=PYR HTTP/1.1" 200 15977
[10/Jul/2026 20:36:39] "GET /api/v1/documents/DPR-VKR-003 HTTP/1.1" 200 864
[10/Jul/2026 20:36:44] "GET /api/v1/projects/5/programme HTTP/1.1" 200 2
[10/Jul/2026 20:36:44] "GET /api/v1/manpower-categories HTTP/1.1" 200 2664
[10/Jul/2026 20:36:44] "GET /api/v1/projects/1/programme HTTP/1.1" 200 1701
[10/Jul/2026 20:37:13] "GET / HTTP/1.1" 200 433
[10/Jul/2026 20:37:14] "GET /api/v1/auth/me HTTP/1.1" 200 291
[10/Jul/2026 20:37:15] "GET /api/v1/sites HTTP/1.1" 200 588
[10/Jul/2026 20:37:16] "GET /api/v1/documents/list?site=4&doc_type=IR HTTP/1.1" 200 2
[10/Jul/2026 20:37:16] "GET /api/v1/documents/list?site=4&doc_type=LM&status=DEPARTED HTTP/1.1" 200 2
[10/Jul/2026 20:37:16] "GET /api/v1/documents/list?site=4&doc_type=MAR HTTP/1.1" 200 2
[10/Jul/2026 20:37:16] "GET /api/v1/sites/4/projects HTTP/1.1" 200 1280
[10/Jul/2026 20:37:16] "GET /api/v1/registers/dpr-tws?site=4 HTTP/1.1" 200 1437
[10/Jul/2026 20:37:16] "GET /api/v1/dashboards/site/4 HTTP/1.1" 200 446
[10/Jul/2026 20:37:16] "GET /api/v1/documents/list?site=4&doc_type=MR HTTP/1.1" 200 4579
[10/Jul/2026 20:37:16] "GET /api/v1/documents/list?site=4&doc_type=PYR HTTP/1.1" 200 15977
[10/Jul/2026 20:37:23] "GET /api/v1/documents/DPR-VKR-002 HTTP/1.1" 200 6009
Not Found: /favicon.ico
[10/Jul/2026 20:41:11] "GET /favicon.ico HTTP/1.1" 404 2726
Not Found: /favicon.ico
[10/Jul/2026 20:41:11] "GET /favicon.ico HTTP/1.1" 404 2726
[10/Jul/2026 20:41:11] "GET /media/guide/Planet_User_Guide_R2.pdf HTTP/1.1" 200 4206345
[10/Jul/2026 20:42:15] "GET /api/v1/approvals/pending HTTP/1.1" 200 1892
[10/Jul/2026 20:42:21] "GET /api/v1/approvals/pending HTTP/1.1" 200 1892
[10/Jul/2026 20:42:21] "GET / HTTP/1.1" 200 433
[10/Jul/2026 20:42:22] "GET /static/assets/index-D3_lHPk2.css HTTP/1.1" 200 24032
[10/Jul/2026 20:42:22] "GET /static/assets/index-D_QSfw6U.js HTTP/1.1" 200 429421
[10/Jul/2026 20:42:23] "GET /api/v1/auth/me HTTP/1.1" 200 23
Not Found: /favicon.ico
[10/Jul/2026 20:42:23] "GET /favicon.ico HTTP/1.1" 404 2726
[10/Jul/2026 20:42:24] "GET /static/assets/inter-latin-700-normal-Yt3aPRUw.woff2 HTTP/1.1" 200 24356
[10/Jul/2026 20:42:24] "GET /static/assets/inter-latin-400-normal-C38fXH4l.woff2 HTTP/1.1" 200 23664
[10/Jul/2026 20:42:24] "GET /static/assets/barlow-condensed-latin-700-normal-v1xN8_Wq.woff2 HTTP/1.1" 200 22444
[10/Jul/2026 20:42:24] "GET /static/assets/inter-latin-600-normal-LgqL8muc.woff2 HTTP/1.1" 200 24452
Not Found: /favicon.ico
[10/Jul/2026 20:43:02] "GET /favicon.ico HTTP/1.1" 404 2726
Not Found: /favicon.ico
[10/Jul/2026 20:43:02] "GET /favicon.ico HTTP/1.1" 404 2726
[10/Jul/2026 20:45:50] "GET /api/v1/sites/1/projects HTTP/1.1" 200 2
[10/Jul/2026 20:45:50] "GET /api/v1/registers/dpr-tws?site=1 HTTP/1.1" 200 1432
[10/Jul/2026 20:45:50] "GET /api/v1/documents/list?site=1&doc_type=LM&status=DEPARTED HTTP/1.1" 200 2
[10/Jul/2026 20:45:50] "GET /api/v1/documents/list?site=1&doc_type=MAR HTTP/1.1" 200 2052
[10/Jul/2026 20:45:50] "GET /api/v1/dashboards/site/1 HTTP/1.1" 200 572
[10/Jul/2026 20:45:50] "GET /api/v1/documents/list?site=1&doc_type=PYR HTTP/1.1" 200 1938
[10/Jul/2026 20:45:50] "GET /api/v1/documents/list?site=1&doc_type=IR HTTP/1.1" 200 3109
[10/Jul/2026 20:45:50] "GET /api/v1/documents/list?site=1&doc_type=MR HTTP/1.1" 200 7132
[10/Jul/2026 20:46:12] "POST /api/v1/auth/login HTTP/1.1" 200 291
[10/Jul/2026 20:46:16] "GET /api/v1/sites HTTP/1.1" 200 588
[10/Jul/2026 20:46:20] "GET /api/v1/documents/list?site=4&doc_type=LM&status=DEPARTED HTTP/1.1" 200 2
[10/Jul/2026 20:46:20] "GET /api/v1/documents/list?site=4&doc_type=MAR HTTP/1.1" 200 2
[10/Jul/2026 20:46:20] "GET /api/v1/sites/4/projects HTTP/1.1" 200 1280
[10/Jul/2026 20:46:20] "GET /api/v1/dashboards/site/4 HTTP/1.1" 200 446
[10/Jul/2026 20:46:20] "GET /api/v1/documents/list?site=4&doc_type=MR HTTP/1.1" 200 4579
[10/Jul/2026 20:46:20] "GET /api/v1/documents/list?site=4&doc_type=IR HTTP/1.1" 200 2
[10/Jul/2026 20:46:20] "GET /api/v1/registers/dpr-tws?site=4 HTTP/1.1" 200 1437
[10/Jul/2026 20:46:21] "GET /api/v1/documents/list?site=4&doc_type=PYR HTTP/1.1" 200 15977
[10/Jul/2026 20:46:23] "GET /static/assets/ibm-plex-mono-latin-500-normal-DSY6xOcd.woff2 HTTP/1.1" 200 14888
[10/Jul/2026 20:46:23] "GET /static/assets/ibm-plex-mono-latin-600-normal-BgSNZQsw.woff2 HTTP/1.1" 200 15620
[10/Jul/2026 20:46:38] "GET / HTTP/1.1" 200 433
[10/Jul/2026 20:46:39] "GET /api/v1/auth/me HTTP/1.1" 200 291
[10/Jul/2026 20:46:40] "GET /api/v1/sites HTTP/1.1" 200 588
[10/Jul/2026 20:46:40] "GET /api/v1/documents/list?site=4&doc_type=LM&status=DEPARTED HTTP/1.1" 200 2
[10/Jul/2026 20:46:40] "GET /api/v1/documents/list?site=4&doc_type=IR HTTP/1.1" 200 2
[10/Jul/2026 20:46:40] "GET /api/v1/documents/list?site=4&doc_type=MAR HTTP/1.1" 200 2
[10/Jul/2026 20:46:40] "GET /api/v1/registers/dpr-tws?site=4 HTTP/1.1" 200 1437
[10/Jul/2026 20:46:40] "GET /api/v1/dashboards/site/4 HTTP/1.1" 200 446
[10/Jul/2026 20:46:40] "GET /api/v1/sites/4/projects HTTP/1.1" 200 1280
[10/Jul/2026 20:46:40] "GET /api/v1/documents/list?site=4&doc_type=MR HTTP/1.1" 200 4579
[10/Jul/2026 20:46:40] "GET /api/v1/documents/list?site=4&doc_type=PYR HTTP/1.1" 200 15977
[10/Jul/2026 20:47:04] "GET /api/v1/documents/list?site=4&doc_type=IR&project=5 HTTP/1.1" 200 2
[10/Jul/2026 20:47:04] "GET /api/v1/documents/list?site=4&doc_type=MAR&project=5 HTTP/1.1" 200 2
[10/Jul/2026 20:47:04] "GET /api/v1/documents/list?site=4&doc_type=LM&status=DEPARTED HTTP/1.1" 200 2
[10/Jul/2026 20:47:04] "GET /api/v1/registers/dpr-tws?site=4&project=5 HTTP/1.1" 200 1437
[10/Jul/2026 20:47:05] "GET /api/v1/dashboards/site/4 HTTP/1.1" 200 446
[10/Jul/2026 20:47:05] "GET /api/v1/documents/list?site=4&doc_type=MR HTTP/1.1" 200 4465
[10/Jul/2026 20:47:05] "GET /api/v1/documents/list?site=4&doc_type=PYR HTTP/1.1" 200 15901
[10/Jul/2026 20:47:20] "GET /api/v1/documents/list?site=4&doc_type=IR HTTP/1.1" 200 2
[10/Jul/2026 20:47:20] "GET /api/v1/documents/list?site=4&doc_type=LM&status=DEPARTED HTTP/1.1" 200 2
[10/Jul/2026 20:47:20] "GET /api/v1/documents/list?site=4&doc_type=MAR HTTP/1.1" 200 2
[10/Jul/2026 20:47:20] "GET /api/v1/registers/dpr-tws?site=4 HTTP/1.1" 200 1437
[10/Jul/2026 20:47:20] "GET /api/v1/dashboards/site/4 HTTP/1.1" 200 446
[10/Jul/2026 20:47:20] "GET /api/v1/documents/list?site=4&doc_type=MR HTTP/1.1" 200 4465
[10/Jul/2026 20:47:20] "GET /api/v1/documents/list?site=4&doc_type=PYR HTTP/1.1" 200 15901
[10/Jul/2026 20:47:21] "GET /api/v1/documents/list?site=4&doc_type=IR&project=5 HTTP/1.1" 200 2
[10/Jul/2026 20:47:21] "GET /api/v1/documents/list?site=4&doc_type=MAR&project=5 HTTP/1.1" 200 2
[10/Jul/2026 20:47:21] "GET /api/v1/documents/list?site=4&doc_type=LM&status=DEPARTED HTTP/1.1" 200 2
[10/Jul/2026 20:47:21] "GET /api/v1/dashboards/site/4 HTTP/1.1" 200 446
[10/Jul/2026 20:47:21] "GET /api/v1/registers/dpr-tws?site=4&project=5 HTTP/1.1" 200 1437
[10/Jul/2026 20:47:21] "GET /api/v1/documents/list?site=4&doc_type=MR HTTP/1.1" 200 4465
[10/Jul/2026 20:47:21] "GET /api/v1/documents/list?site=4&doc_type=PYR HTTP/1.1" 200 15901
[10/Jul/2026 20:47:22] "GET /api/v1/projects/5 HTTP/1.1" 200 362
[10/Jul/2026 20:47:22] "GET /api/v1/projects/5 HTTP/1.1" 200 362
[10/Jul/2026 20:47:33] "GET /api/v1/projects/5 HTTP/1.1" 200 362
[10/Jul/2026 20:47:33] "GET /api/v1/projects/5/programme HTTP/1.1" 200 2
[10/Jul/2026 20:47:33] "GET /api/v1/projects/5/programme HTTP/1.1" 200 2
[10/Jul/2026 20:47:33] "GET /api/v1/projects/5 HTTP/1.1" 200 362
[10/Jul/2026 20:48:00] "GET /api/v1/documents/list?site=4&doc_type=IR&project=5 HTTP/1.1" 200 2
[10/Jul/2026 20:48:00] "GET /api/v1/documents/list?site=4&doc_type=MAR&project=5 HTTP/1.1" 200 2
[10/Jul/2026 20:48:00] "GET /api/v1/registers/dpr-tws?site=4&project=5 HTTP/1.1" 200 1437
[10/Jul/2026 20:48:00] "GET /api/v1/documents/list?site=4&doc_type=LM&status=DEPARTED HTTP/1.1" 200 2
[10/Jul/2026 20:48:00] "GET /api/v1/documents/list?site=4&doc_type=IR&project=5 HTTP/1.1" 200 2
[10/Jul/2026 20:48:00] "GET /api/v1/documents/list?site=4&doc_type=LM&status=DEPARTED HTTP/1.1" 200 2
[10/Jul/2026 20:48:00] "GET /api/v1/documents/list?site=4&doc_type=MAR&project=5 HTTP/1.1" 200 2
[10/Jul/2026 20:48:00] "GET /api/v1/dashboards/site/4 HTTP/1.1" 200 446
[10/Jul/2026 20:48:00] "GET /api/v1/sites/4/projects HTTP/1.1" 200 1324
[10/Jul/2026 20:48:00] "GET /api/v1/documents/list?site=4&doc_type=LM&status=DEPARTED HTTP/1.1" 200 2
[10/Jul/2026 20:48:00] "GET /api/v1/approvals/pending HTTP/1.1" 200 1892
[10/Jul/2026 20:48:00] "GET /api/v1/registers/dpr-tws?site=4&project=5 HTTP/1.1" 200 1437
[10/Jul/2026 20:48:00] "GET /api/v1/documents/list?site=4&doc_type=IR HTTP/1.1" 200 2
[10/Jul/2026 20:48:00] "GET /api/v1/documents/list?site=4&doc_type=MAR HTTP/1.1" 200 2
[10/Jul/2026 20:48:00] "GET /api/v1/registers/dpr-tws?site=4 HTTP/1.1" 200 1437
[10/Jul/2026 20:48:00] "GET /api/v1/documents/list?site=4&doc_type=MR HTTP/1.1" 200 4465
[10/Jul/2026 20:48:00] "GET /api/v1/dashboards/site/4 HTTP/1.1" 200 446
[10/Jul/2026 20:48:00] "GET /api/v1/documents/list?site=4&doc_type=MR HTTP/1.1" 200 4465
[10/Jul/2026 20:48:00] "GET /api/v1/dashboards/site/4 HTTP/1.1" 200 446
[10/Jul/2026 20:48:00] "GET /api/v1/documents/list?site=4&doc_type=PYR HTTP/1.1" 200 15901
[10/Jul/2026 20:48:00] "GET /api/v1/documents/list?site=4&doc_type=MR HTTP/1.1" 200 4465
[10/Jul/2026 20:48:00] "GET /api/v1/documents/list?site=4&doc_type=PYR HTTP/1.1" 200 15901
[10/Jul/2026 20:48:00] "GET /api/v1/documents/list?site=4&doc_type=PYR HTTP/1.1" 200 15901
[10/Jul/2026 20:48:04] "GET /api/v1/documents/list?site=4&doc_type=IR&project=5 HTTP/1.1" 200 2
[10/Jul/2026 20:48:04] "GET /api/v1/documents/list?site=4&doc_type=MAR&project=5 HTTP/1.1" 200 2
[10/Jul/2026 20:48:04] "GET /api/v1/documents/list?site=4&doc_type=LM&status=DEPARTED HTTP/1.1" 200 2
[10/Jul/2026 20:48:04] "GET /api/v1/dashboards/site/4 HTTP/1.1" 200 446
[10/Jul/2026 20:48:04] "GET /api/v1/registers/dpr-tws?site=4&project=5 HTTP/1.1" 200 1437
[10/Jul/2026 20:48:04] "GET /api/v1/documents/list?site=4&doc_type=MR HTTP/1.1" 200 4465
[10/Jul/2026 20:48:04] "GET /api/v1/documents/list?site=4&doc_type=PYR HTTP/1.1" 200 15901
[10/Jul/2026 20:48:10] "GET /api/v1/projects/5 HTTP/1.1" 200 362
[10/Jul/2026 20:48:10] "GET /api/v1/projects/5 HTTP/1.1" 200 362
[10/Jul/2026 20:48:14] "GET /api/v1/projects/5/programme HTTP/1.1" 200 2
[10/Jul/2026 20:48:14] "GET /api/v1/projects/5/programme HTTP/1.1" 200 2
[10/Jul/2026 20:48:14] "GET /api/v1/projects/5 HTTP/1.1" 200 362
[10/Jul/2026 20:48:14] "GET /api/v1/projects/5 HTTP/1.1" 200 362
[10/Jul/2026 20:48:16] "GET /api/v1/manpower-categories HTTP/1.1" 200 2664
[10/Jul/2026 20:48:16] "GET /api/v1/manpower-categories HTTP/1.1" 200 2664
[10/Jul/2026 20:48:39] "GET /api/v1/projects/5/programme HTTP/1.1" 200 2
[10/Jul/2026 20:48:39] "GET /api/v1/projects/5 HTTP/1.1" 200 362
[10/Jul/2026 20:48:39] "GET /api/v1/projects/5/programme HTTP/1.1" 200 2
[10/Jul/2026 20:48:39] "GET /api/v1/projects/5 HTTP/1.1" 200 362
[10/Jul/2026 20:50:25] "GET /api/v1/projects/5/programme.pdf HTTP/1.1" 200 104238
[10/Jul/2026 20:50:58] "GET /api/v1/manpower-categories HTTP/1.1" 200 2664
[10/Jul/2026 20:50:58] "GET /api/v1/manpower-categories HTTP/1.1" 200 2664
[10/Jul/2026 20:51:06] "GET /api/v1/projects/5/programme.pdf HTTP/1.1" 200 104239
[10/Jul/2026 20:52:47] "GET /api/v1/manpower-categories HTTP/1.1" 200 2664
[10/Jul/2026 20:52:47] "GET /api/v1/projects/5 HTTP/1.1" 200 362
[10/Jul/2026 20:52:47] "GET /api/v1/projects/5/programme HTTP/1.1" 200 2
[10/Jul/2026 20:52:47] "GET /api/v1/manpower-categories HTTP/1.1" 200 2664
[10/Jul/2026 20:52:47] "GET /api/v1/projects/5 HTTP/1.1" 200 362
[10/Jul/2026 20:52:47] "GET /api/v1/projects/5/programme HTTP/1.1" 200 2
[10/Jul/2026 20:52:54] "GET /api/v1/projects/5/programme HTTP/1.1" 200 2
[10/Jul/2026 20:52:54] "GET /api/v1/projects/5 HTTP/1.1" 200 362
[10/Jul/2026 20:52:54] "GET /api/v1/projects/5 HTTP/1.1" 200 362
[10/Jul/2026 20:52:54] "GET /api/v1/projects/5/programme HTTP/1.1" 200 2
[10/Jul/2026 20:53:09] "GET /api/v1/documents/DPR-VKR-001 HTTP/1.1" 200 2720
[10/Jul/2026 20:53:10] "GET /media/attachments/DPR-VKR-001/p0.png HTTP/1.1" 200 2077
[10/Jul/2026 20:53:10] "GET /api/v1/documents/DPR-VKR-001 HTTP/1.1" 200 2720
[10/Jul/2026 20:53:10] "GET /media/attachments/DPR-VKR-001/p3.png HTTP/1.1" 200 2076
[10/Jul/2026 20:53:10] "GET /media/attachments/DPR-VKR-001/p1.png HTTP/1.1" 200 2077
[10/Jul/2026 20:53:10] "GET /media/attachments/DPR-VKR-001/p2.png HTTP/1.1" 200 2077
[10/Jul/2026 20:53:22] "GET /api/v1/manpower-categories HTTP/1.1" 200 2664
[10/Jul/2026 20:53:22] "GET /api/v1/manpower-categories HTTP/1.1" 200 2664
[10/Jul/2026 20:53:23] "GET /api/v1/projects/5/programme HTTP/1.1" 200 2
[10/Jul/2026 20:53:23] "GET /api/v1/projects/5 HTTP/1.1" 200 362
[10/Jul/2026 20:53:23] "GET /api/v1/projects/5/programme HTTP/1.1" 200 2
[10/Jul/2026 20:53:23] "GET /api/v1/projects/5 HTTP/1.1" 200 362
[10/Jul/2026 20:53:24] "GET /api/v1/manpower-categories HTTP/1.1" 200 2664
[10/Jul/2026 20:53:24] "GET /api/v1/manpower-categories HTTP/1.1" 200 2664
[10/Jul/2026 20:53:26] "GET /api/v1/projects/5/programme HTTP/1.1" 200 2
[10/Jul/2026 20:53:26] "GET /api/v1/projects/5 HTTP/1.1" 200 362
[10/Jul/2026 20:53:26] "GET /api/v1/projects/5/programme HTTP/1.1" 200 2
[10/Jul/2026 20:53:26] "GET /api/v1/projects/5 HTTP/1.1" 200 362
[10/Jul/2026 20:53:57] "PATCH /api/v1/documents/DPR-VKR-003 HTTP/1.1" 200 4162
[10/Jul/2026 20:53:58] "PATCH /api/v1/documents/DPR-VKR-003 HTTP/1.1" 200 4162
[10/Jul/2026 20:53:59] "PATCH /api/v1/documents/DPR-VKR-003 HTTP/1.1" 200 4162
[10/Jul/2026 20:54:25] "GET /api/v1/documents/list?site=4&doc_type=LM&status=DEPARTED HTTP/1.1" 200 2
[10/Jul/2026 20:54:25] "GET /api/v1/documents/list?site=4&doc_type=MAR&project=5 HTTP/1.1" 200 2
[10/Jul/2026 20:54:25] "GET /api/v1/documents/list?site=4&doc_type=IR&project=5 HTTP/1.1" 200 2
[10/Jul/2026 20:54:25] "GET /api/v1/documents/list?site=4&doc_type=MAR&project=5 HTTP/1.1" 200 2
[10/Jul/2026 20:54:25] "GET /api/v1/documents/list?site=4&doc_type=LM&status=DEPARTED HTTP/1.1" 200 2
[10/Jul/2026 20:54:25] "GET /api/v1/registers/dpr-tws?site=4&project=5 HTTP/1.1" 200 1437
[10/Jul/2026 20:54:25] "GET /api/v1/sites/4/projects HTTP/1.1" 200 1324
[10/Jul/2026 20:54:25] "GET /api/v1/documents/list?site=4&doc_type=IR&project=5 HTTP/1.1" 200 2
[10/Jul/2026 20:54:25] "GET /api/v1/dashboards/site/4 HTTP/1.1" 200 446
[10/Jul/2026 20:54:25] "GET /api/v1/documents/list?site=4&doc_type=LM&status=DEPARTED HTTP/1.1" 200 2
[10/Jul/2026 20:54:25] "GET /api/v1/approvals/pending HTTP/1.1" 200 1892
[10/Jul/2026 20:54:25] "GET /api/v1/registers/dpr-tws?site=4&project=5 HTTP/1.1" 200 1437
[10/Jul/2026 20:54:25] "GET /api/v1/documents/list?site=4&doc_type=IR HTTP/1.1" 200 2
[10/Jul/2026 20:54:25] "GET /api/v1/registers/dpr-tws?site=4 HTTP/1.1" 200 1437
[10/Jul/2026 20:54:25] "GET /api/v1/documents/list?site=4&doc_type=MR HTTP/1.1" 200 4465
[10/Jul/2026 20:54:25] "GET /api/v1/documents/list?site=4&doc_type=MAR HTTP/1.1" 200 2
[10/Jul/2026 20:54:25] "GET /api/v1/dashboards/site/4 HTTP/1.1" 200 446
[10/Jul/2026 20:54:25] "GET /api/v1/documents/list?site=4&doc_type=MR HTTP/1.1" 200 4465
[10/Jul/2026 20:54:25] "GET /api/v1/dashboards/site/4 HTTP/1.1" 200 446
[10/Jul/2026 20:54:25] "GET /api/v1/documents/list?site=4&doc_type=PYR HTTP/1.1" 200 15901
[10/Jul/2026 20:54:26] "GET /api/v1/documents/list?site=4&doc_type=MR HTTP/1.1" 200 4465
[10/Jul/2026 20:54:26] "GET /api/v1/documents/list?site=4&doc_type=PYR HTTP/1.1" 200 15901
[10/Jul/2026 20:54:26] "GET /api/v1/documents/list?site=4&doc_type=PYR HTTP/1.1" 200 15901
[10/Jul/2026 20:54:27] "GET /api/v1/documents/list?site=4&doc_type=MAR&project=5 HTTP/1.1" 200 2
[10/Jul/2026 20:54:27] "GET /api/v1/documents/list?site=4&doc_type=IR&project=5 HTTP/1.1" 200 2
[10/Jul/2026 20:54:27] "GET /api/v1/documents/list?site=4&doc_type=LM&status=DEPARTED HTTP/1.1" 200 2
[10/Jul/2026 20:54:27] "GET /api/v1/registers/dpr-tws?site=4&project=5 HTTP/1.1" 200 1437
[10/Jul/2026 20:54:27] "GET /api/v1/dashboards/site/4 HTTP/1.1" 200 446
[10/Jul/2026 20:54:27] "GET /api/v1/documents/list?site=4&doc_type=MR HTTP/1.1" 200 4465
[10/Jul/2026 20:54:27] "GET /api/v1/documents/list?site=4&doc_type=PYR HTTP/1.1" 200 15901
[10/Jul/2026 20:54:33] "GET / HTTP/1.1" 200 433
[10/Jul/2026 20:54:34] "GET /api/v1/auth/me HTTP/1.1" 200 291
[10/Jul/2026 20:54:35] "GET /api/v1/sites HTTP/1.1" 200 588
[10/Jul/2026 20:54:35] "GET /api/v1/pms HTTP/1.1" 200 99
[10/Jul/2026 20:54:39] "GET /api/v1/dashboards/site/4 HTTP/1.1" 200 446
[10/Jul/2026 20:54:39] "GET /api/v1/documents/list?site=4&doc_type=MAR HTTP/1.1" 200 2
[10/Jul/2026 20:54:39] "GET /api/v1/documents/list?site=4&doc_type=LM&status=DEPARTED HTTP/1.1" 200 2
[10/Jul/2026 20:54:39] "GET /api/v1/registers/dpr-tws?site=4 HTTP/1.1" 200 1437
[10/Jul/2026 20:54:39] "GET /api/v1/documents/list?site=4&doc_type=IR HTTP/1.1" 200 2
[10/Jul/2026 20:54:39] "GET /api/v1/sites/4/projects HTTP/1.1" 200 1280
[10/Jul/2026 20:54:39] "GET /api/v1/documents/list?site=4&doc_type=MR HTTP/1.1" 200 4579
[10/Jul/2026 20:54:39] "GET /api/v1/documents/list?site=4&doc_type=PYR HTTP/1.1" 200 15977
[10/Jul/2026 20:54:43] "GET /api/v1/approvals/pending HTTP/1.1" 200 1892
[10/Jul/2026 20:54:43] "GET /api/v1/approvals/pending HTTP/1.1" 200 1892
[10/Jul/2026 20:54:47] "GET /api/v1/approvals/pending HTTP/1.1" 200 1892
[10/Jul/2026 20:54:47] "GET /api/v1/approvals/pending HTTP/1.1" 200 1892
[10/Jul/2026 20:54:52] "GET /api/v1/documents/list?site=4&doc_type=LM&status=DEPARTED HTTP/1.1" 200 2
[10/Jul/2026 20:54:52] "GET /api/v1/documents/list?site=4&doc_type=IR HTTP/1.1" 200 2
[10/Jul/2026 20:54:52] "GET /api/v1/documents/list?site=4&doc_type=MAR HTTP/1.1" 200 2
[10/Jul/2026 20:54:52] "GET /api/v1/registers/dpr-tws?site=4 HTTP/1.1" 200 1437
[10/Jul/2026 20:54:52] "GET /api/v1/documents/list?site=4&doc_type=IR HTTP/1.1" 200 2
[10/Jul/2026 20:54:52] "GET /api/v1/documents/list?site=4&doc_type=LM&status=DEPARTED HTTP/1.1" 200 2
[10/Jul/2026 20:54:52] "GET /api/v1/documents/list?site=4&doc_type=MAR HTTP/1.1" 200 2
[10/Jul/2026 20:54:52] "GET /api/v1/dashboards/site/4 HTTP/1.1" 200 446
[10/Jul/2026 20:54:52] "GET /api/v1/sites/4/projects HTTP/1.1" 200 1324
[10/Jul/2026 20:54:52] "GET /api/v1/registers/dpr-tws?site=4 HTTP/1.1" 200 1437
[10/Jul/2026 20:54:52] "GET /api/v1/documents/list?site=4&doc_type=MR HTTP/1.1" 200 4465
[10/Jul/2026 20:54:52] "GET /api/v1/dashboards/site/4 HTTP/1.1" 200 446
[10/Jul/2026 20:54:52] "GET /api/v1/documents/list?site=4&doc_type=MR HTTP/1.1" 200 4465
[10/Jul/2026 20:54:52] "GET /api/v1/documents/list?site=4&doc_type=PYR HTTP/1.1" 200 15901
[10/Jul/2026 20:54:53] "GET /api/v1/documents/list?site=4&doc_type=PYR HTTP/1.1" 200 15901
[10/Jul/2026 20:55:02] "GET / HTTP/1.1" 200 433
[10/Jul/2026 20:55:03] "GET /api/v1/approvals/pending HTTP/1.1" 200 1892
[10/Jul/2026 20:55:03] "GET /api/v1/approvals/pending HTTP/1.1" 200 1892
[10/Jul/2026 20:55:06] "GET /api/v1/auth/me HTTP/1.1" 200 291
[10/Jul/2026 20:55:06] "GET /api/v1/sites HTTP/1.1" 200 588
[10/Jul/2026 20:55:07] "GET /api/v1/dashboards/site/4 HTTP/1.1" 200 446
[10/Jul/2026 20:55:08] "GET /api/v1/documents/list?site=4&doc_type=MAR HTTP/1.1" 200 2
[10/Jul/2026 20:55:08] "GET /api/v1/documents/list?site=4&doc_type=IR HTTP/1.1" 200 2
[10/Jul/2026 20:55:08] "GET /api/v1/documents/list?site=4&doc_type=LM&status=DEPARTED HTTP/1.1" 200 2
[10/Jul/2026 20:55:08] "GET /api/v1/registers/dpr-tws?site=4 HTTP/1.1" 200 1437
[10/Jul/2026 20:55:08] "GET /api/v1/sites/4/projects HTTP/1.1" 200 1280
[10/Jul/2026 20:55:08] "GET /api/v1/documents/list?site=4&doc_type=MR HTTP/1.1" 200 4579
[10/Jul/2026 20:55:08] "GET /api/v1/documents/list?site=4&doc_type=PYR HTTP/1.1" 200 15977
[10/Jul/2026 20:55:53] "GET /api/v1/approvals/pending HTTP/1.1" 200 1892
[10/Jul/2026 20:55:56] "GET /api/v1/approvals/pending HTTP/1.1" 200 23
[10/Jul/2026 20:56:03] "GET /api/v1/documents/MR-RCM-001 HTTP/1.1" 200 2492
[10/Jul/2026 20:56:04] "GET /api/v1/dashboards/portfolio HTTP/1.1" 200 2491
[10/Jul/2026 20:56:04] "GET /api/v1/dashboards/portfolio HTTP/1.1" 200 2491
[10/Jul/2026 20:56:11] "GET /api/v1/dashboards/portfolio HTTP/1.1" 200 2491
[10/Jul/2026 20:56:22] "GET /api/v1/approvals/pending HTTP/1.1" 200 1892
[10/Jul/2026 20:56:22] "GET /api/v1/approvals/pending HTTP/1.1" 200 1892
[10/Jul/2026 20:56:24] "GET /api/v1/documents/list?site=4&doc_type=MAR&project=1 HTTP/1.1" 200 2
[10/Jul/2026 20:56:24] "GET /api/v1/registers/dpr-tws?site=4&project=1 HTTP/1.1" 200 1437
[10/Jul/2026 20:56:24] "GET /api/v1/dashboards/site/4 HTTP/1.1" 200 446
[10/Jul/2026 20:56:24] "GET /api/v1/documents/list?site=4&doc_type=LM&status=DEPARTED HTTP/1.1" 200 2
[10/Jul/2026 20:56:24] "GET /api/v1/documents/list?site=4&doc_type=IR&project=1 HTTP/1.1" 200 2
[10/Jul/2026 20:56:24] "GET /api/v1/documents/list?site=4&doc_type=MR HTTP/1.1" 200 4579
[10/Jul/2026 20:56:24] "GET /api/v1/documents/list?site=4&doc_type=PYR HTTP/1.1" 200 15977
[10/Jul/2026 20:56:25] "GET /api/v1/registers/dpr-tws?site=4 HTTP/1.1" 200 1437
[10/Jul/2026 20:56:25] "GET /api/v1/documents/list?site=4&doc_type=LM&status=DEPARTED HTTP/1.1" 200 2
[10/Jul/2026 20:56:25] "GET /api/v1/documents/list?site=4&doc_type=MAR HTTP/1.1" 200 2
[10/Jul/2026 20:56:25] "GET /api/v1/dashboards/site/4 HTTP/1.1" 200 446
[10/Jul/2026 20:56:25] "GET /api/v1/documents/list?site=4&doc_type=IR HTTP/1.1" 200 2
[10/Jul/2026 20:56:25] "GET /api/v1/documents/list?site=4&doc_type=MR HTTP/1.1" 200 4579
[10/Jul/2026 20:56:25] "GET /api/v1/documents/list?site=4&doc_type=PYR HTTP/1.1" 200 15977
[10/Jul/2026 20:56:26] "GET /api/v1/registers/dpr-tws?site=4&project=5 HTTP/1.1" 200 1437
[10/Jul/2026 20:56:26] "GET /api/v1/documents/list?site=4&doc_type=IR&project=5 HTTP/1.1" 200 2
[10/Jul/2026 20:56:26] "GET /api/v1/documents/list?site=4&doc_type=MAR&project=5 HTTP/1.1" 200 2
[10/Jul/2026 20:56:26] "GET /api/v1/documents/list?site=4&doc_type=LM&status=DEPARTED HTTP/1.1" 200 2
[10/Jul/2026 20:56:26] "GET /api/v1/dashboards/site/4 HTTP/1.1" 200 446
[10/Jul/2026 20:56:26] "GET /api/v1/documents/list?site=4&doc_type=MR HTTP/1.1" 200 4579
[10/Jul/2026 20:56:26] "GET /api/v1/documents/list?site=4&doc_type=PYR HTTP/1.1" 200 15977
[10/Jul/2026 20:56:27] "GET /api/v1/projects/5 HTTP/1.1" 200 340
[10/Jul/2026 20:56:28] "GET /api/v1/cost/portfolio HTTP/1.1" 200 663
[10/Jul/2026 20:56:29] "GET /api/v1/cost/portfolio HTTP/1.1" 200 663
[10/Jul/2026 20:56:30] "POST /api/v1/documents/DPR-VKR-003/attachments HTTP/1.1" 201 347
[10/Jul/2026 20:56:30] "GET /api/v1/documents/DPR-VKR-003 HTTP/1.1" 200 4509
[10/Jul/2026 20:56:31] "GET /media/attachments/DPR-VKR-003/WhatsApp_Image_2026-07-10_at_18.38.28.jpeg HTTP/1.1" 200 153670
[10/Jul/2026 20:56:31] "GET /api/v1/cost/portfolio HTTP/1.1" 200 663
[10/Jul/2026 20:56:39] "GET /api/v1/cost/portfolio HTTP/1.1" 200 663
[10/Jul/2026 20:56:44] "GET /api/v1/documents/list?site=4&doc_type=MAR&project=5 HTTP/1.1" 200 2
[10/Jul/2026 20:56:44] "GET /api/v1/registers/dpr-tws?site=4&project=5 HTTP/1.1" 200 1437
[10/Jul/2026 20:56:44] "GET /api/v1/registers/dpr-tws?site=4 HTTP/1.1" 200 1437
[10/Jul/2026 20:56:44] "GET /api/v1/documents/list?site=4&doc_type=LM&status=DEPARTED HTTP/1.1" 200 2
[10/Jul/2026 20:56:44] "GET /api/v1/documents/list?site=4&doc_type=MAR HTTP/1.1" 200 2
[10/Jul/2026 20:56:44] "GET /api/v1/dashboards/site/4 HTTP/1.1" 200 446
[10/Jul/2026 20:56:44] "GET /api/v1/sites/4/projects HTTP/1.1" 200 1280
[10/Jul/2026 20:56:44] "GET /api/v1/documents/list?site=4&doc_type=IR&project=5 HTTP/1.1" 200 2
[10/Jul/2026 20:56:44] "GET /api/v1/documents/list?site=4&doc_type=IR HTTP/1.1" 200 2
[10/Jul/2026 20:56:44] "GET /api/v1/documents/list?site=4&doc_type=MR HTTP/1.1" 200 4579
[10/Jul/2026 20:56:44] "GET /api/v1/documents/list?site=4&doc_type=PYR HTTP/1.1" 200 15977
[10/Jul/2026 20:56:46] "GET /api/v1/documents/list?site=4&doc_type=LM&status=DEPARTED HTTP/1.1" 200 2
[10/Jul/2026 20:56:46] "GET /api/v1/dashboards/site/4 HTTP/1.1" 200 446
[10/Jul/2026 20:56:46] "GET /api/v1/documents/list?site=4&doc_type=MR HTTP/1.1" 200 4579
[10/Jul/2026 20:56:46] "GET /api/v1/documents/list?site=4&doc_type=PYR HTTP/1.1" 200 15977
[10/Jul/2026 20:57:01] "GET /api/v1/cost/site/6 HTTP/1.1" 200 365
[10/Jul/2026 20:57:03] "POST /api/v1/documents/DPR-VKR-003/attachments HTTP/1.1" 201 347
[10/Jul/2026 20:57:03] "GET /api/v1/documents/DPR-VKR-003 HTTP/1.1" 200 4857
[10/Jul/2026 20:57:04] "GET /media/attachments/DPR-VKR-003/WhatsApp_Image_2026-07-10_at_15.53.34.jpeg HTTP/1.1" 200 183973
[10/Jul/2026 20:57:12] "GET /api/v1/approvals/pending HTTP/1.1" 200 1892
[10/Jul/2026 20:57:12] "GET /api/v1/approvals/pending HTTP/1.1" 200 1892
[10/Jul/2026 20:57:15] "GET /api/v1/dashboards/portfolio HTTP/1.1" 200 2491
[10/Jul/2026 20:57:16] "GET /api/v1/approvals/pending HTTP/1.1" 200 23
[10/Jul/2026 20:57:22] "POST /api/v1/documents/DPR-VKR-003/attachments HTTP/1.1" 201 347
[10/Jul/2026 20:57:23] "GET /api/v1/documents/DPR-VKR-003 HTTP/1.1" 200 5205
[10/Jul/2026 20:57:23] "GET /api/v1/documents/list?site=1&doc_type=LM&status=DEPARTED HTTP/1.1" 200 2
[10/Jul/2026 20:57:23] "GET /api/v1/sites/1/projects HTTP/1.1" 200 2
[10/Jul/2026 20:57:23] "GET /api/v1/dashboards/site/1 HTTP/1.1" 200 572
[10/Jul/2026 20:57:23] "GET /api/v1/registers/dpr-tws?site=1 HTTP/1.1" 200 1432
[10/Jul/2026 20:57:23] "GET /api/v1/documents/list?site=1&doc_type=LM&status=DEPARTED HTTP/1.1" 200 2
[10/Jul/2026 20:57:23] "GET /api/v1/documents/list?site=1&doc_type=IR HTTP/1.1" 200 2995
[10/Jul/2026 20:57:23] "GET /api/v1/documents/list?site=1&doc_type=MAR HTTP/1.1" 200 1976
[10/Jul/2026 20:57:23] "GET /api/v1/documents/list?site=1&doc_type=PYR HTTP/1.1" 200 1938
[10/Jul/2026 20:57:23] "GET /api/v1/registers/dpr-tws?site=1 HTTP/1.1" 200 1432
[10/Jul/2026 20:57:23] "GET /api/v1/dashboards/site/1 HTTP/1.1" 200 572
[10/Jul/2026 20:57:23] "GET /api/v1/documents/list?site=1&doc_type=IR HTTP/1.1" 200 2995
[10/Jul/2026 20:57:23] "GET /api/v1/documents/list?site=1&doc_type=MR HTTP/1.1" 200 7018
[10/Jul/2026 20:57:23] "GET /api/v1/documents/list?site=1&doc_type=MAR HTTP/1.1" 200 1976
[10/Jul/2026 20:57:23] "GET /api/v1/documents/list?site=1&doc_type=PYR HTTP/1.1" 200 1938
[10/Jul/2026 20:57:23] "GET /api/v1/documents/list?site=1&doc_type=MR HTTP/1.1" 200 7018
[10/Jul/2026 20:57:23] "GET /media/attachments/DPR-VKR-003/WhatsApp_Image_2026-07-10_at_10.17.53.jpeg HTTP/1.1" 200 172330
[10/Jul/2026 20:57:25] "GET /api/v1/documents/list?site=4&doc_type=IR HTTP/1.1" 200 2
[10/Jul/2026 20:57:26] "GET /api/v1/documents/list?site=4&doc_type=MAR HTTP/1.1" 200 2
[10/Jul/2026 20:57:26] "GET /api/v1/documents/list?site=4&doc_type=LM&status=DEPARTED HTTP/1.1" 200 2
[10/Jul/2026 20:57:26] "GET /api/v1/registers/dpr-tws?site=4 HTTP/1.1" 200 1437
[10/Jul/2026 20:57:26] "GET /api/v1/documents/list?site=4&doc_type=IR HTTP/1.1" 200 2
[10/Jul/2026 20:57:26] "GET /api/v1/documents/list?site=4&doc_type=MAR HTTP/1.1" 200 2
[10/Jul/2026 20:57:26] "GET /api/v1/dashboards/site/4 HTTP/1.1" 200 446
[10/Jul/2026 20:57:26] "GET /api/v1/sites/4/projects HTTP/1.1" 200 1324
[10/Jul/2026 20:57:26] "GET /api/v1/documents/list?site=4&doc_type=LM&status=DEPARTED HTTP/1.1" 200 2
[10/Jul/2026 20:57:26] "GET /api/v1/registers/dpr-tws?site=4 HTTP/1.1" 200 1437
[10/Jul/2026 20:57:26] "GET /api/v1/dashboards/site/4 HTTP/1.1" 200 446
[10/Jul/2026 20:57:26] "GET /api/v1/documents/list?site=4&doc_type=MR HTTP/1.1" 200 4465
[10/Jul/2026 20:57:26] "GET /api/v1/documents/list?site=4&doc_type=MR HTTP/1.1" 200 4465
[10/Jul/2026 20:57:26] "GET /api/v1/documents/list?site=4&doc_type=PYR HTTP/1.1" 200 15901
[10/Jul/2026 20:57:26] "GET /api/v1/documents/list?site=4&doc_type=PYR HTTP/1.1" 200 15901
[10/Jul/2026 20:57:28] "GET /api/v1/documents/list?site=4&doc_type=LM&status=DEPARTED HTTP/1.1" 200 2
[10/Jul/2026 20:57:28] "GET /api/v1/documents/list?site=4&doc_type=IR&project=5 HTTP/1.1" 200 2
[10/Jul/2026 20:57:28] "GET /api/v1/documents/list?site=4&doc_type=MAR&project=5 HTTP/1.1" 200 2
[10/Jul/2026 20:57:28] "GET /api/v1/registers/dpr-tws?site=4&project=5 HTTP/1.1" 200 1437
[10/Jul/2026 20:57:28] "GET /api/v1/dashboards/site/4 HTTP/1.1" 200 446
[10/Jul/2026 20:57:28] "GET /api/v1/documents/list?site=4&doc_type=MR HTTP/1.1" 200 4465
[10/Jul/2026 20:57:28] "GET /api/v1/documents/list?site=4&doc_type=PYR HTTP/1.1" 200 15901
[10/Jul/2026 20:57:44] "POST /api/v1/documents/DPR-VKR-003/attachments HTTP/1.1" 201 348
[10/Jul/2026 20:57:44] "GET /api/v1/documents/DPR-VKR-003 HTTP/1.1" 200 5554
[10/Jul/2026 20:57:44] "GET /media/attachments/DPR-VKR-003/WhatsApp_Image_2026-07-10_at_08.24.10.jpeg HTTP/1.1" 200 171043
[10/Jul/2026 20:57:44] "GET /api/v1/documents/list?site=4&doc_type=MAR HTTP/1.1" 200 2
[10/Jul/2026 20:57:44] "GET /api/v1/documents/list?site=4&doc_type=LM&status=DEPARTED HTTP/1.1" 200 2
[10/Jul/2026 20:57:44] "GET /api/v1/dashboards/site/4 HTTP/1.1" 200 446
[10/Jul/2026 20:57:44] "GET /api/v1/documents/list?site=4&doc_type=IR HTTP/1.1" 200 2
[10/Jul/2026 20:57:44] "GET /api/v1/registers/dpr-tws?site=4 HTTP/1.1" 200 1437
[10/Jul/2026 20:57:44] "GET /api/v1/sites/4/projects HTTP/1.1" 200 1324
[10/Jul/2026 20:57:44] "GET /api/v1/documents/list?site=4&doc_type=MR HTTP/1.1" 200 4579
[10/Jul/2026 20:57:45] "GET /api/v1/documents/list?site=4&doc_type=PYR HTTP/1.1" 200 15977
[10/Jul/2026 20:57:47] "PATCH /api/v1/documents/DPR-VKR-003 HTTP/1.1" 200 5554
[10/Jul/2026 20:57:58] "PATCH /api/v1/documents/DPR-VKR-003 HTTP/1.1" 200 5554
[10/Jul/2026 20:57:59] "POST /api/v1/documents/DPR-VKR-003/actions/issue HTTP/1.1" 200 6033
[10/Jul/2026 20:58:00] "GET /api/v1/documents/list?site=4&doc_type=MAR HTTP/1.1" 200 2
[10/Jul/2026 20:58:00] "GET /api/v1/documents/list?site=4&doc_type=LM&status=DEPARTED HTTP/1.1" 200 2
[10/Jul/2026 20:58:00] "GET /api/v1/documents/list?site=4&doc_type=IR HTTP/1.1" 200 2
[10/Jul/2026 20:58:00] "GET /api/v1/sites/4/projects HTTP/1.1" 200 1280
[10/Jul/2026 20:58:00] "GET /api/v1/dashboards/site/4 HTTP/1.1" 200 447
[10/Jul/2026 20:58:00] "GET /api/v1/registers/dpr-tws?site=4 HTTP/1.1" 200 1437
[10/Jul/2026 20:58:00] "GET /api/v1/documents/list?site=4&doc_type=MR HTTP/1.1" 200 4579
[10/Jul/2026 20:58:00] "GET /api/v1/documents/list?site=4&doc_type=PYR HTTP/1.1" 200 15977
[10/Jul/2026 20:58:18] "GET /api/v1/documents/DPR-VKR-003 HTTP/1.1" 200 6033
[10/Jul/2026 20:58:27] "GET /media/pdf/DPR-VKR-003/R0-issue.pdf HTTP/1.1" 200 807090
[10/Jul/2026 20:58:43] "GET /api/v1/documents/list?site=4&doc_type=IR&project=5 HTTP/1.1" 200 2
[10/Jul/2026 20:58:43] "GET /api/v1/documents/list?site=4&doc_type=MAR&project=5 HTTP/1.1" 200 2
[10/Jul/2026 20:58:43] "GET /api/v1/documents/list?site=4&doc_type=LM&status=DEPARTED HTTP/1.1" 200 2
[10/Jul/2026 20:58:43] "GET /api/v1/documents/list?site=4&doc_type=IR&project=5 HTTP/1.1" 200 2
[10/Jul/2026 20:58:43] "GET /api/v1/documents/list?site=4&doc_type=MAR&project=5 HTTP/1.1" 200 2
[10/Jul/2026 20:58:43] "GET /api/v1/documents/list?site=4&doc_type=LM&status=DEPARTED HTTP/1.1" 200 2
[10/Jul/2026 20:58:43] "GET /api/v1/sites/4/projects HTTP/1.1" 200 1324
[10/Jul/2026 20:58:43] "GET /api/v1/registers/dpr-tws?site=4&project=5 HTTP/1.1" 200 1437
[10/Jul/2026 20:58:43] "GET /api/v1/documents/list?site=4&doc_type=LM&status=DEPARTED HTTP/1.1" 200 2
[10/Jul/2026 20:58:43] "GET /api/v1/dashboards/site/4 HTTP/1.1" 200 447
[10/Jul/2026 20:58:43] "GET /api/v1/registers/dpr-tws?site=4&project=5 HTTP/1.1" 200 1437
[10/Jul/2026 20:58:43] "GET /api/v1/registers/dpr-tws?site=4 HTTP/1.1" 200 1437
[10/Jul/2026 20:58:43] "GET /api/v1/approvals/pending HTTP/1.1" 200 2036
[10/Jul/2026 20:58:43] "GET /api/v1/documents/list?site=4&doc_type=IR HTTP/1.1" 200 2
[10/Jul/2026 20:58:43] "GET /api/v1/documents/list?site=4&doc_type=MAR HTTP/1.1" 200 2
[10/Jul/2026 20:58:43] "GET /api/v1/documents/list?site=4&doc_type=MR HTTP/1.1" 200 4465
[10/Jul/2026 20:58:44] "GET /api/v1/dashboards/site/4 HTTP/1.1" 200 447
[10/Jul/2026 20:58:44] "GET /api/v1/documents/list?site=4&doc_type=MR HTTP/1.1" 200 4465
[10/Jul/2026 20:58:44] "GET /api/v1/documents/list?site=4&doc_type=PYR HTTP/1.1" 200 15901
[10/Jul/2026 20:58:44] "GET /api/v1/dashboards/site/4 HTTP/1.1" 200 447
[10/Jul/2026 20:58:44] "GET /api/v1/documents/list?site=4&doc_type=MR HTTP/1.1" 200 4465
[10/Jul/2026 20:58:44] "GET /api/v1/documents/list?site=4&doc_type=PYR HTTP/1.1" 200 15901
[10/Jul/2026 20:58:44] "GET /api/v1/documents/list?site=4&doc_type=PYR HTTP/1.1" 200 15901
[10/Jul/2026 20:58:45] "GET /api/v1/documents/list?site=4&doc_type=IR&project=5 HTTP/1.1" 200 2
[10/Jul/2026 20:58:45] "GET /api/v1/documents/list?site=4&doc_type=MAR&project=5 HTTP/1.1" 200 2
[10/Jul/2026 20:58:45] "GET /api/v1/documents/list?site=4&doc_type=LM&status=DEPARTED HTTP/1.1" 200 2
[10/Jul/2026 20:58:45] "GET /api/v1/registers/dpr-tws?site=4&project=5 HTTP/1.1" 200 1437
[10/Jul/2026 20:58:45] "GET /api/v1/dashboards/site/4 HTTP/1.1" 200 447
[10/Jul/2026 20:58:45] "GET /api/v1/documents/list?site=4&doc_type=MR HTTP/1.1" 200 4465
[10/Jul/2026 20:58:45] "GET /api/v1/documents/list?site=4&doc_type=PYR HTTP/1.1" 200 15901
[10/Jul/2026 20:59:01] "GET /api/v1/documents/list?site=4&doc_type=LM&status=DEPARTED HTTP/1.1" 200 2
[10/Jul/2026 20:59:01] "GET /api/v1/registers/dpr-tws?site=4 HTTP/1.1" 200 1437
[10/Jul/2026 20:59:01] "GET /api/v1/documents/list?site=4&doc_type=IR HTTP/1.1" 200 2
[10/Jul/2026 20:59:01] "GET /api/v1/documents/list?site=4&doc_type=MAR HTTP/1.1" 200 2
[10/Jul/2026 20:59:01] "GET /api/v1/sites/4/projects HTTP/1.1" 200 1280
[10/Jul/2026 20:59:01] "GET /api/v1/dashboards/site/4 HTTP/1.1" 200 447
[10/Jul/2026 20:59:01] "GET /api/v1/documents/list?site=4&doc_type=MR HTTP/1.1" 200 4579
[10/Jul/2026 20:59:01] "GET /api/v1/documents/list?site=4&doc_type=PYR HTTP/1.1" 200 15977
[10/Jul/2026 20:59:10] "GET /api/v1/manpower-categories HTTP/1.1" 200 2664
[10/Jul/2026 20:59:54] "GET /api/v1/documents/list?site=4&doc_type=IR&project=5 HTTP/1.1" 200 2
[10/Jul/2026 20:59:54] "GET /api/v1/documents/list?site=4&doc_type=LM&status=DEPARTED HTTP/1.1" 200 2
[10/Jul/2026 20:59:54] "GET /api/v1/documents/list?site=4&doc_type=MAR&project=5 HTTP/1.1" 200 2
[10/Jul/2026 20:59:54] "GET /api/v1/registers/dpr-tws?site=4&project=5 HTTP/1.1" 200 1437
[10/Jul/2026 20:59:54] "GET /api/v1/documents/list?site=4&doc_type=IR&project=5 HTTP/1.1" 200 2
[10/Jul/2026 20:59:54] "GET /api/v1/dashboards/site/4 HTTP/1.1" 200 447
[10/Jul/2026 20:59:54] "GET /api/v1/documents/list?site=4&doc_type=LM&status=DEPARTED HTTP/1.1" 200 2
[10/Jul/2026 20:59:54] "GET /api/v1/documents/list?site=4&doc_type=MAR&project=5 HTTP/1.1" 200 2
[10/Jul/2026 20:59:54] "GET /api/v1/sites/4/projects HTTP/1.1" 200 1324
[10/Jul/2026 20:59:54] "GET /api/v1/approvals/pending HTTP/1.1" 200 2036
[10/Jul/2026 20:59:54] "GET /api/v1/registers/dpr-tws?site=4&project=5 HTTP/1.1" 200 1437
[10/Jul/2026 20:59:54] "GET /api/v1/documents/list?site=4&doc_type=LM&status=DEPARTED HTTP/1.1" 200 2
[10/Jul/2026 20:59:54] "GET /api/v1/documents/list?site=4&doc_type=IR HTTP/1.1" 200 2
[10/Jul/2026 20:59:55] "GET /api/v1/documents/list?site=4&doc_type=MAR HTTP/1.1" 200 2
[10/Jul/2026 20:59:55] "GET /api/v1/dashboards/site/4 HTTP/1.1" 200 447
[10/Jul/2026 20:59:55] "GET /api/v1/registers/dpr-tws?site=4 HTTP/1.1" 200 1437
[10/Jul/2026 20:59:55] "GET /api/v1/documents/list?site=4&doc_type=MR HTTP/1.1" 200 4465
[10/Jul/2026 20:59:55] "GET /api/v1/dashboards/site/4 HTTP/1.1" 200 447
[10/Jul/2026 20:59:55] "GET /api/v1/documents/list?site=4&doc_type=MR HTTP/1.1" 200 4465
[10/Jul/2026 20:59:55] "GET /api/v1/documents/list?site=4&doc_type=PYR HTTP/1.1" 200 15901
[10/Jul/2026 20:59:55] "GET /api/v1/documents/list?site=4&doc_type=MR HTTP/1.1" 200 4465
[10/Jul/2026 20:59:55] "GET /api/v1/documents/list?site=4&doc_type=PYR HTTP/1.1" 200 15901
[10/Jul/2026 20:59:55] "GET /api/v1/documents/list?site=4&doc_type=PYR HTTP/1.1" 200 15901
[10/Jul/2026 21:00:19] "GET /api/v1/documents/list?site=4&doc_type=IR HTTP/1.1" 200 2
[10/Jul/2026 21:00:19] "GET /api/v1/documents/list?site=4&doc_type=MAR HTTP/1.1" 200 2
[10/Jul/2026 21:00:19] "GET /api/v1/documents/list?site=4&doc_type=LM&status=DEPARTED HTTP/1.1" 200 2
[10/Jul/2026 21:00:19] "GET /api/v1/registers/dpr-tws?site=4 HTTP/1.1" 200 1437
[10/Jul/2026 21:00:19] "GET /api/v1/documents/list?site=4&doc_type=IR HTTP/1.1" 200 2
[10/Jul/2026 21:00:19] "GET /api/v1/documents/list?site=4&doc_type=MAR HTTP/1.1" 200 2
[10/Jul/2026 21:00:19] "GET /api/v1/documents/list?site=4&doc_type=LM&status=DEPARTED HTTP/1.1" 200 2
[10/Jul/2026 21:00:19] "GET /api/v1/dashboards/site/4 HTTP/1.1" 200 447
[10/Jul/2026 21:00:19] "GET /api/v1/sites/4/projects HTTP/1.1" 200 1324
[10/Jul/2026 21:00:19] "GET /api/v1/registers/dpr-tws?site=4 HTTP/1.1" 200 1437
[10/Jul/2026 21:00:19] "GET /api/v1/approvals/pending HTTP/1.1" 200 2036
[10/Jul/2026 21:00:19] "GET /api/v1/dashboards/site/4 HTTP/1.1" 200 447
[10/Jul/2026 21:00:19] "GET /api/v1/documents/list?site=4&doc_type=MR HTTP/1.1" 200 4465
[10/Jul/2026 21:00:19] "GET /api/v1/documents/list?site=4&doc_type=MR HTTP/1.1" 200 4465
[10/Jul/2026 21:00:19] "GET /api/v1/documents/list?site=4&doc_type=PYR HTTP/1.1" 200 15901
[10/Jul/2026 21:00:19] "GET /api/v1/documents/list?site=4&doc_type=PYR HTTP/1.1" 200 15901
[10/Jul/2026 21:00:22] "GET /api/v1/items HTTP/1.1" 200 849
[10/Jul/2026 21:00:22] "GET /api/v1/items HTTP/1.1" 200 849
[10/Jul/2026 21:02:26] "POST /api/v1/documents HTTP/1.1" 201 1066
[10/Jul/2026 21:02:27] "GET /api/v1/sites/4/projects HTTP/1.1" 200 1280
[10/Jul/2026 21:02:31] "GET /api/v1/manpower-categories HTTP/1.1" 200 2664
[10/Jul/2026 21:02:57] "PATCH /api/v1/documents/TWS-VKR-002 HTTP/1.1" 200 1142
[10/Jul/2026 21:02:57] "GET /api/v1/sites/4/projects HTTP/1.1" 200 1280
[10/Jul/2026 21:03:09] "POST /api/v1/documents/TWS-VKR-002/actions/issue HTTP/1.1" 200 1620
[10/Jul/2026 21:03:09] "GET /api/v1/sites/4/projects HTTP/1.1" 200 1280
[10/Jul/2026 21:03:19] "GET /media/pdf/TWS-VKR-002/R0-issue.pdf HTTP/1.1" 200 109835
[10/Jul/2026 21:04:18] "GET /api/v1/documents/list?site=4&doc_type=LM&status=DEPARTED HTTP/1.1" 200 2
[10/Jul/2026 21:04:18] "GET /api/v1/registers/dpr-tws?site=4 HTTP/1.1" 200 1437
[10/Jul/2026 21:04:18] "GET /api/v1/documents/list?site=4&doc_type=IR HTTP/1.1" 200 2
[10/Jul/2026 21:04:18] "GET /api/v1/dashboards/site/4 HTTP/1.1" 200 447
[10/Jul/2026 21:04:18] "GET /api/v1/documents/list?site=4&doc_type=MR HTTP/1.1" 200 4579
[10/Jul/2026 21:04:18] "GET /api/v1/documents/list?site=4&doc_type=PYR HTTP/1.1" 200 15977
[10/Jul/2026 21:04:18] "GET /api/v1/documents/list?site=4&doc_type=MAR HTTP/1.1" 200 2
Not Found: /favicon.ico
[10/Jul/2026 21:04:20] "GET /favicon.ico HTTP/1.1" 404 2726
[10/Jul/2026 21:04:23] "GET /api/v1/manpower-categories HTTP/1.1" 200 2664
[10/Jul/2026 21:04:28] "POST /api/v1/documents HTTP/1.1" 201 2152
[10/Jul/2026 21:04:28] "GET /api/v1/sites/4/projects HTTP/1.1" 200 1324
[10/Jul/2026 21:04:28] "GET /api/v1/approvals/pending HTTP/1.1" 200 2036
[10/Jul/2026 21:04:31] "GET /api/v1/dashboards/site/4 HTTP/1.1" 200 447
[10/Jul/2026 21:04:31] "GET /api/v1/registers/dpr-tws?site=4 HTTP/1.1" 200 1437
[10/Jul/2026 21:04:31] "GET /api/v1/documents/list?site=4&doc_type=MAR HTTP/1.1" 200 2
[10/Jul/2026 21:04:31] "GET /api/v1/documents/list?site=4&doc_type=LM&status=DEPARTED HTTP/1.1" 200 2
[10/Jul/2026 21:04:31] "GET /api/v1/documents/list?site=4&doc_type=IR HTTP/1.1" 200 2
[10/Jul/2026 21:04:31] "GET /api/v1/sites/4/projects HTTP/1.1" 200 1280
[10/Jul/2026 21:04:31] "GET /api/v1/documents/list?site=4&doc_type=MR HTTP/1.1" 200 6732
[10/Jul/2026 21:04:31] "GET /api/v1/documents/list?site=4&doc_type=PYR HTTP/1.1" 200 15977
[10/Jul/2026 21:04:39] "GET /api/v1/sites/4/manpower HTTP/1.1" 200 132
[10/Jul/2026 21:04:39] "GET /api/v1/manpower-categories HTTP/1.1" 200 2664
[10/Jul/2026 21:04:39] "GET /api/v1/documents/list?site=4&doc_type=DMA HTTP/1.1" 200 1979
[10/Jul/2026 21:04:46] "GET /api/v1/dashboards/site/4 HTTP/1.1" 200 447
[10/Jul/2026 21:04:46] "GET /api/v1/registers/dpr-tws?site=4 HTTP/1.1" 200 1437
[10/Jul/2026 21:04:46] "GET /api/v1/documents/list?site=4&doc_type=MAR HTTP/1.1" 200 2
[10/Jul/2026 21:04:46] "GET /api/v1/documents/list?site=4&doc_type=IR HTTP/1.1" 200 2
[10/Jul/2026 21:04:46] "GET /api/v1/documents/list?site=4&doc_type=LM&status=DEPARTED HTTP/1.1" 200 2
[10/Jul/2026 21:04:46] "GET /api/v1/sites/4/projects HTTP/1.1" 200 1280
[10/Jul/2026 21:04:46] "GET /api/v1/documents/list?site=4&doc_type=MR HTTP/1.1" 200 6732
[10/Jul/2026 21:04:46] "GET /api/v1/documents/list?site=4&doc_type=PYR HTTP/1.1" 200 15977
[10/Jul/2026 21:04:50] "GET /api/v1/items HTTP/1.1" 200 849
[10/Jul/2026 21:04:50] "GET /api/v1/items HTTP/1.1" 200 849
[10/Jul/2026 21:04:55] "PATCH /api/v1/documents/MR-VKR-003 HTTP/1.1" 200 2152
[10/Jul/2026 21:04:55] "GET /api/v1/sites/4/projects HTTP/1.1" 200 1324
[10/Jul/2026 21:04:55] "GET /api/v1/approvals/pending HTTP/1.1" 200 2036
[10/Jul/2026 21:04:59] "POST /api/v1/documents/MR-VKR-003/actions/submit HTTP/1.1" 200 2307
[10/Jul/2026 21:04:59] "GET /api/v1/sites/4/projects HTTP/1.1" 200 1324
[10/Jul/2026 21:04:59] "GET /api/v1/approvals/pending HTTP/1.1" 200 2238
[10/Jul/2026 21:05:15] "GET / HTTP/1.1" 200 433
[10/Jul/2026 21:05:16] "GET /api/v1/auth/me HTTP/1.1" 200 151
[10/Jul/2026 21:05:16] "GET /api/v1/sites HTTP/1.1" 200 7022
[10/Jul/2026 21:05:16] "GET /api/v1/approvals/pending HTTP/1.1" 200 2238
[10/Jul/2026 21:05:17] "GET /api/v1/approvals/pending HTTP/1.1" 200 2238
[10/Jul/2026 21:05:28] "GET /api/v1/documents/MR-VKR-003 HTTP/1.1" 200 2307
[10/Jul/2026 21:05:42] "POST /api/v1/documents/MR-VKR-003/actions/approve HTTP/1.1" 200 2462
[10/Jul/2026 21:05:42] "GET /api/v1/sites/4/projects HTTP/1.1" 200 1324
[10/Jul/2026 21:05:42] "GET /api/v1/approvals/pending HTTP/1.1" 200 2036
[10/Jul/2026 21:05:46] "POST /api/v1/documents/MR-VKR-003/actions/send HTTP/1.1" 200 2878
[10/Jul/2026 21:05:46] "GET /api/v1/sites/4/projects HTTP/1.1" 200 1324
[10/Jul/2026 21:05:46] "GET /api/v1/approvals/pending HTTP/1.1" 200 2191
[10/Jul/2026 21:05:51] "GET /api/v1/documents/list?site=4&doc_type=IR HTTP/1.1" 200 2
[10/Jul/2026 21:05:51] "GET /api/v1/documents/list?site=4&doc_type=MAR HTTP/1.1" 200 2
[10/Jul/2026 21:05:51] "GET /api/v1/documents/list?site=4&doc_type=LM&status=DEPARTED HTTP/1.1" 200 2
[10/Jul/2026 21:05:51] "GET /api/v1/documents/list?site=4&doc_type=IR HTTP/1.1" 200 2
[10/Jul/2026 21:05:51] "GET /api/v1/registers/dpr-tws?site=4 HTTP/1.1" 200 1437
[10/Jul/2026 21:05:51] "GET /api/v1/documents/list?site=4&doc_type=MAR HTTP/1.1" 200 2
[10/Jul/2026 21:05:51] "GET /api/v1/dashboards/site/4 HTTP/1.1" 200 447
[10/Jul/2026 21:05:51] "GET /api/v1/documents/list?site=4&doc_type=LM&status=DEPARTED HTTP/1.1" 200 2
[10/Jul/2026 21:05:51] "GET /api/v1/registers/dpr-tws?site=4 HTTP/1.1" 200 1437
[10/Jul/2026 21:05:51] "GET /api/v1/sites/4/projects HTTP/1.1" 200 1324
[10/Jul/2026 21:05:51] "GET /api/v1/approvals/pending HTTP/1.1" 200 2191
[10/Jul/2026 21:05:51] "GET /api/v1/dashboards/site/4 HTTP/1.1" 200 447
[10/Jul/2026 21:05:51] "GET /api/v1/documents/list?site=4&doc_type=MR HTTP/1.1" 200 7344
[10/Jul/2026 21:05:51] "GET /api/v1/documents/list?site=4&doc_type=PYR HTTP/1.1" 200 15901
[10/Jul/2026 21:05:52] "GET /api/v1/documents/list?site=4&doc_type=MR HTTP/1.1" 200 7344
[10/Jul/2026 21:05:52] "GET /api/v1/documents/list?site=4&doc_type=PYR HTTP/1.1" 200 15901
[10/Jul/2026 21:05:53] "GET /api/v1/approvals/pending HTTP/1.1" 200 2191
[10/Jul/2026 21:06:37] "GET /api/v1/documents/DPR-VKR-003 HTTP/1.1" 200 6033
[10/Jul/2026 21:06:38] "GET /media/attachments/DPR-VKR-003/WhatsApp_Image_2026-07-10_at_15.53.34.jpeg HTTP/1.1" 200 183973
[10/Jul/2026 21:06:38] "GET /media/attachments/DPR-VKR-003/WhatsApp_Image_2026-07-10_at_18.38.28.jpeg HTTP/1.1" 200 153670
[10/Jul/2026 21:06:38] "GET /media/attachments/DPR-VKR-003/WhatsApp_Image_2026-07-10_at_10.17.53.jpeg HTTP/1.1" 200 172330
[10/Jul/2026 21:06:38] "GET /media/attachments/DPR-VKR-003/WhatsApp_Image_2026-07-10_at_08.24.10.jpeg HTTP/1.1" 200 171043
[10/Jul/2026 21:06:46] "GET /api/v1/documents/MR-VKR-002 HTTP/1.1" 200 1814
[10/Jul/2026 21:06:47] "GET /api/v1/approvals/pending HTTP/1.1" 200 2191
[10/Jul/2026 21:06:47] "GET /api/v1/approvals/pending HTTP/1.1" 200 2191
[10/Jul/2026 21:06:50] "GET /api/v1/documents/list?site=4&doc_type=IR HTTP/1.1" 200 2
[10/Jul/2026 21:06:50] "GET /api/v1/documents/list?site=4&doc_type=LM&status=DEPARTED HTTP/1.1" 200 2
[10/Jul/2026 21:06:50] "GET /api/v1/documents/list?site=4&doc_type=MAR HTTP/1.1" 200 2
[10/Jul/2026 21:06:50] "GET /api/v1/registers/dpr-tws?site=4 HTTP/1.1" 200 1437
[10/Jul/2026 21:06:50] "GET /api/v1/documents/list?site=4&doc_type=IR HTTP/1.1" 200 2
[10/Jul/2026 21:06:50] "GET /api/v1/documents/list?site=4&doc_type=LM&status=DEPARTED HTTP/1.1" 200 2
[10/Jul/2026 21:06:50] "GET /api/v1/documents/list?site=4&doc_type=MAR HTTP/1.1" 200 2
[10/Jul/2026 21:06:50] "GET /api/v1/dashboards/site/4 HTTP/1.1" 200 447
[10/Jul/2026 21:06:50] "GET /api/v1/registers/dpr-tws?site=4 HTTP/1.1" 200 1437
[10/Jul/2026 21:06:50] "GET /api/v1/sites/4/projects HTTP/1.1" 200 1324
[10/Jul/2026 21:06:50] "GET /api/v1/approvals/pending HTTP/1.1" 200 2191
[10/Jul/2026 21:06:50] "GET /api/v1/dashboards/site/4 HTTP/1.1" 200 447
[10/Jul/2026 21:06:50] "GET /api/v1/documents/list?site=4&doc_type=MR HTTP/1.1" 200 7344
[10/Jul/2026 21:06:51] "GET /api/v1/documents/list?site=4&doc_type=PYR HTTP/1.1" 200 15901
[10/Jul/2026 21:06:51] "GET /api/v1/documents/list?site=4&doc_type=MR HTTP/1.1" 200 7344
[10/Jul/2026 21:06:51] "GET /api/v1/documents/list?site=4&doc_type=PYR HTTP/1.1" 200 15901
[10/Jul/2026 21:06:55] "GET /api/v1/documents/PYR-VKR-002 HTTP/1.1" 200 1730
[10/Jul/2026 21:07:02] "GET /api/v1/approvals/pending HTTP/1.1" 200 2191
[10/Jul/2026 21:07:03] "GET /api/v1/approvals/pending HTTP/1.1" 200 2191
[10/Jul/2026 21:08:33] "GET / HTTP/1.1" 200 433
[10/Jul/2026 21:08:33] "GET /api/v1/auth/me HTTP/1.1" 200 151
[10/Jul/2026 21:08:34] "GET /api/v1/sites HTTP/1.1" 200 7022
[10/Jul/2026 21:08:34] "GET /api/v1/approvals/pending HTTP/1.1" 200 2191
[10/Jul/2026 21:08:35] "GET /api/v1/approvals/pending HTTP/1.1" 200 2191
[10/Jul/2026 21:09:02] "GET /api/v1/cost-heads HTTP/1.1" 200 384
[10/Jul/2026 21:09:02] "GET /api/v1/cost-heads HTTP/1.1" 200 384
[10/Jul/2026 21:09:48] "GET /api/v1/documents/list?site=4&doc_type=IR HTTP/1.1" 200 2
[10/Jul/2026 21:09:48] "GET /api/v1/documents/list?site=4&doc_type=MAR HTTP/1.1" 200 2
[10/Jul/2026 21:09:48] "GET /api/v1/registers/dpr-tws?site=4 HTTP/1.1" 200 1437
[10/Jul/2026 21:09:48] "GET /api/v1/documents/list?site=4&doc_type=LM&status=DEPARTED HTTP/1.1" 200 2
[10/Jul/2026 21:09:48] "GET /api/v1/documents/list?site=4&doc_type=IR HTTP/1.1" 200 2
[10/Jul/2026 21:09:48] "GET /api/v1/documents/list?site=4&doc_type=LM&status=DEPARTED HTTP/1.1" 200 2
[10/Jul/2026 21:09:48] "GET /api/v1/documents/list?site=4&doc_type=MAR HTTP/1.1" 200 2
[10/Jul/2026 21:09:48] "GET /api/v1/dashboards/site/4 HTTP/1.1" 200 447
[10/Jul/2026 21:09:48] "GET /api/v1/registers/dpr-tws?site=4 HTTP/1.1" 200 1437
[10/Jul/2026 21:09:48] "GET /api/v1/sites/4/projects HTTP/1.1" 200 1324
[10/Jul/2026 21:09:48] "GET /api/v1/approvals/pending HTTP/1.1" 200 2191
[10/Jul/2026 21:09:48] "GET /api/v1/documents/list?site=4&doc_type=MR HTTP/1.1" 200 7344
[10/Jul/2026 21:09:48] "GET /api/v1/dashboards/site/4 HTTP/1.1" 200 447
[10/Jul/2026 21:09:48] "GET /api/v1/documents/list?site=4&doc_type=PYR HTTP/1.1" 200 15901
[10/Jul/2026 21:09:48] "GET /api/v1/documents/list?site=4&doc_type=MR HTTP/1.1" 200 7344
[10/Jul/2026 21:09:48] "GET /api/v1/documents/list?site=4&doc_type=PYR HTTP/1.1" 200 15901
[10/Jul/2026 21:09:49] "GET /api/v1/cost-heads HTTP/1.1" 200 384
[10/Jul/2026 21:09:49] "GET /api/v1/cost-heads HTTP/1.1" 200 384
[10/Jul/2026 21:09:58] "GET /api/v1/finance/dashboard HTTP/1.1" 200 496
[10/Jul/2026 21:10:50] "POST /api/v1/documents HTTP/1.1" 201 1095
[10/Jul/2026 21:10:50] "GET /api/v1/sites/4/projects HTTP/1.1" 200 1324
[10/Jul/2026 21:10:50] "GET /api/v1/approvals/pending HTTP/1.1" 200 2191
[10/Jul/2026 21:10:50] "GET /api/v1/documents/PYR-VKR-011 HTTP/1.1" 200 1095
[10/Jul/2026 21:10:53] "GET /api/v1/approvals/pending HTTP/1.1" 200 2191
[10/Jul/2026 21:10:58] "POST /api/v1/documents/PYR-VKR-011/actions/submit HTTP/1.1" 200 1250
[10/Jul/2026 21:10:58] "GET /api/v1/documents/PYR-VKR-011 HTTP/1.1" 200 1250
[10/Jul/2026 21:11:08] "POST /api/v1/documents/PYR-VKR-011/actions/approve HTTP/1.1" 200 1408
[10/Jul/2026 21:11:08] "GET /api/v1/documents/PYR-VKR-011 HTTP/1.1" 200 1408
[10/Jul/2026 21:11:23] "POST /api/v1/documents/PYR-VKR-011/actions/approve HTTP/1.1" 200 1576
[10/Jul/2026 21:11:23] "GET /api/v1/documents/PYR-VKR-011 HTTP/1.1" 200 1576
[10/Jul/2026 21:11:38] "GET /api/v1/documents/MR-VKR-003 HTTP/1.1" 200 2916
[10/Jul/2026 21:11:43] "GET /api/v1/documents/list?site=4&doc_type=IR HTTP/1.1" 200 2
[10/Jul/2026 21:11:43] "GET /api/v1/registers/dpr-tws?site=4 HTTP/1.1" 200 1437
[10/Jul/2026 21:11:43] "GET /api/v1/documents/list?site=4&doc_type=MAR HTTP/1.1" 200 2
[10/Jul/2026 21:11:43] "GET /api/v1/documents/list?site=4&doc_type=LM&status=DEPARTED HTTP/1.1" 200 2
[10/Jul/2026 21:11:43] "GET /api/v1/documents/list?site=4&doc_type=IR HTTP/1.1" 200 2
[10/Jul/2026 21:11:43] "GET /api/v1/documents/list?site=4&doc_type=MAR HTTP/1.1" 200 2
[10/Jul/2026 21:11:43] "GET /api/v1/dashboards/site/4 HTTP/1.1" 200 447
[10/Jul/2026 21:11:43] "GET /api/v1/documents/list?site=4&doc_type=LM&status=DEPARTED HTTP/1.1" 200 2
[10/Jul/2026 21:11:43] "GET /api/v1/registers/dpr-tws?site=4 HTTP/1.1" 200 1437
[10/Jul/2026 21:11:43] "GET /api/v1/sites/4/projects HTTP/1.1" 200 1324
[10/Jul/2026 21:11:43] "GET /api/v1/approvals/pending HTTP/1.1" 200 2422
[10/Jul/2026 21:11:43] "GET /api/v1/dashboards/site/4 HTTP/1.1" 200 447
[10/Jul/2026 21:11:43] "GET /api/v1/documents/list?site=4&doc_type=MR HTTP/1.1" 200 7344
[10/Jul/2026 21:11:44] "GET /api/v1/documents/list?site=4&doc_type=MR HTTP/1.1" 200 7344
[10/Jul/2026 21:11:44] "GET /api/v1/documents/list?site=4&doc_type=PYR HTTP/1.1" 200 17478
[10/Jul/2026 21:11:44] "GET /api/v1/documents/list?site=4&doc_type=PYR HTTP/1.1" 200 17478
[10/Jul/2026 21:12:02] "GET /api/v1/documents/PYR-VKR-011 HTTP/1.1" 200 1576
[10/Jul/2026 21:12:13] "GET /api/v1/documents/list?site=4&doc_type=LM&status=DEPARTED HTTP/1.1" 200 2
[10/Jul/2026 21:12:13] "GET /api/v1/dashboards/site/4 HTTP/1.1" 200 447
[10/Jul/2026 21:12:13] "GET /api/v1/documents/list?site=4&doc_type=MAR HTTP/1.1" 200 2
[10/Jul/2026 21:12:13] "GET /api/v1/documents/list?site=4&doc_type=IR HTTP/1.1" 200 2
[10/Jul/2026 21:12:13] "GET /api/v1/sites/4/projects HTTP/1.1" 200 1280
[10/Jul/2026 21:12:13] "GET /api/v1/registers/dpr-tws?site=4 HTTP/1.1" 200 1437
[10/Jul/2026 21:12:13] "GET /api/v1/documents/list?site=4&doc_type=MR HTTP/1.1" 200 7496
[10/Jul/2026 21:12:13] "GET /api/v1/documents/list?site=4&doc_type=PYR HTTP/1.1" 200 17554
[10/Jul/2026 21:12:16] "GET /api/v1/documents/list?site=4&doc_type=MAR HTTP/1.1" 200 2
[10/Jul/2026 21:12:16] "GET /api/v1/documents/list?site=4&doc_type=IR HTTP/1.1" 200 2
[10/Jul/2026 21:12:16] "GET /api/v1/documents/list?site=4&doc_type=LM&status=DEPARTED HTTP/1.1" 200 2
[10/Jul/2026 21:12:16] "GET /api/v1/registers/dpr-tws?site=4 HTTP/1.1" 200 1437
[10/Jul/2026 21:12:16] "GET /api/v1/documents/list?site=4&doc_type=MAR HTTP/1.1" 200 2
[10/Jul/2026 21:12:16] "GET /api/v1/documents/list?site=4&doc_type=IR HTTP/1.1" 200 2
[10/Jul/2026 21:12:16] "GET /api/v1/documents/list?site=4&doc_type=LM&status=DEPARTED HTTP/1.1" 200 2
[10/Jul/2026 21:12:16] "GET /api/v1/sites/4/projects HTTP/1.1" 200 1324
[10/Jul/2026 21:12:16] "GET /api/v1/dashboards/site/4 HTTP/1.1" 200 447
[10/Jul/2026 21:12:16] "GET /api/v1/registers/dpr-tws?site=4 HTTP/1.1" 200 1437
[10/Jul/2026 21:12:16] "GET /api/v1/approvals/pending HTTP/1.1" 200 2422
[10/Jul/2026 21:12:16] "GET /api/v1/documents/list?site=4&doc_type=MR HTTP/1.1" 200 7344
[10/Jul/2026 21:12:17] "GET /api/v1/dashboards/site/4 HTTP/1.1" 200 447
[10/Jul/2026 21:12:17] "GET /api/v1/documents/list?site=4&doc_type=PYR HTTP/1.1" 200 17478
[10/Jul/2026 21:12:17] "GET /api/v1/documents/list?site=4&doc_type=MR HTTP/1.1" 200 7344
[10/Jul/2026 21:12:17] "GET /api/v1/documents/list?site=4&doc_type=PYR HTTP/1.1" 200 17478
[10/Jul/2026 21:12:25] "GET /api/v1/documents/PYR-VKR-002 HTTP/1.1" 200 1730
[10/Jul/2026 21:12:30] "GET /api/v1/registers/dpr-tws?site=4 HTTP/1.1" 200 1437
[10/Jul/2026 21:12:30] "GET /api/v1/documents/list?site=4&doc_type=IR HTTP/1.1" 200 2
[10/Jul/2026 21:12:30] "GET /api/v1/documents/list?site=4&doc_type=MAR HTTP/1.1" 200 2
[10/Jul/2026 21:12:30] "GET /api/v1/documents/list?site=4&doc_type=LM&status=DEPARTED HTTP/1.1" 200 2
[10/Jul/2026 21:12:30] "GET /api/v1/dashboards/site/4 HTTP/1.1" 200 447
[10/Jul/2026 21:12:30] "GET /api/v1/sites/4/projects HTTP/1.1" 200 1280
[10/Jul/2026 21:12:30] "GET /api/v1/documents/list?site=4&doc_type=MR HTTP/1.1" 200 7496
[10/Jul/2026 21:12:30] "GET /api/v1/documents/list?site=4&doc_type=PYR HTTP/1.1" 200 17554
[10/Jul/2026 21:12:33] "GET /api/v1/registers/dpr-tws?site=4 HTTP/1.1" 200 1437
[10/Jul/2026 21:12:33] "GET /api/v1/documents/list?site=4&doc_type=IR HTTP/1.1" 200 2
[10/Jul/2026 21:12:33] "GET /api/v1/documents/list?site=4&doc_type=LM&status=DEPARTED HTTP/1.1" 200 2
[10/Jul/2026 21:12:33] "GET /api/v1/documents/list?site=4&doc_type=MAR HTTP/1.1" 200 2
[10/Jul/2026 21:12:34] "GET /api/v1/documents/list?site=4&doc_type=IR HTTP/1.1" 200 2
[10/Jul/2026 21:12:34] "GET /api/v1/documents/list?site=4&doc_type=MAR HTTP/1.1" 200 2
[10/Jul/2026 21:12:34] "GET /api/v1/documents/list?site=4&doc_type=LM&status=DEPARTED HTTP/1.1" 200 2
[10/Jul/2026 21:12:34] "GET /api/v1/registers/dpr-tws?site=4 HTTP/1.1" 200 1437
[10/Jul/2026 21:12:34] "GET /api/v1/dashboards/site/4 HTTP/1.1" 200 447
[10/Jul/2026 21:12:34] "GET /api/v1/sites/4/projects HTTP/1.1" 200 1324
[10/Jul/2026 21:12:34] "GET /api/v1/approvals/pending HTTP/1.1" 200 2422
[10/Jul/2026 21:12:34] "GET /api/v1/dashboards/site/4 HTTP/1.1" 200 447
[10/Jul/2026 21:12:34] "GET /api/v1/documents/list?site=4&doc_type=MR HTTP/1.1" 200 7344
[10/Jul/2026 21:12:34] "GET /api/v1/documents/list?site=4&doc_type=PYR HTTP/1.1" 200 17478
[10/Jul/2026 21:12:34] "GET /api/v1/documents/list?site=4&doc_type=MR HTTP/1.1" 200 7344
[10/Jul/2026 21:12:34] "GET /api/v1/documents/list?site=4&doc_type=PYR HTTP/1.1" 200 17478
[10/Jul/2026 21:12:39] "GET /api/v1/documents/list?site=4&doc_type=LM&status=DEPARTED HTTP/1.1" 200 2
[10/Jul/2026 21:12:39] "GET /api/v1/documents/list?site=4&doc_type=MAR HTTP/1.1" 200 2
[10/Jul/2026 21:12:39] "GET /api/v1/registers/dpr-tws?site=4 HTTP/1.1" 200 1437
[10/Jul/2026 21:12:39] "GET /api/v1/documents/list?site=4&doc_type=IR HTTP/1.1" 200 2
[10/Jul/2026 21:12:39] "GET /api/v1/sites/4/projects HTTP/1.1" 200 1280
[10/Jul/2026 21:12:39] "GET /api/v1/documents/list?site=4&doc_type=MR HTTP/1.1" 200 7496
[10/Jul/2026 21:12:39] "GET /api/v1/documents/list?site=4&doc_type=PYR HTTP/1.1" 200 17554
[10/Jul/2026 21:12:39] "GET /api/v1/dashboards/site/4 HTTP/1.1" 200 447
[10/Jul/2026 21:12:40] "GET /api/v1/cost-heads HTTP/1.1" 200 384
[10/Jul/2026 21:12:41] "GET /api/v1/cost-heads HTTP/1.1" 200 384
[10/Jul/2026 21:12:41] "GET /api/v1/cost-heads HTTP/1.1" 200 384
[10/Jul/2026 21:12:41] "GET /api/v1/petty-cash/4 HTTP/1.1" 200 614
[10/Jul/2026 21:12:41] "GET /api/v1/petty-cash/4 HTTP/1.1" 200 614
[10/Jul/2026 21:12:41] "GET /api/v1/petty-cash/4/entries HTTP/1.1" 200 2247
[10/Jul/2026 21:12:41] "GET /api/v1/petty-cash/4/entries HTTP/1.1" 200 2247
[10/Jul/2026 21:12:44] "GET /api/v1/registers/dpr-tws?site=4 HTTP/1.1" 200 1437
[10/Jul/2026 21:12:44] "GET /api/v1/documents/list?site=4&doc_type=IR HTTP/1.1" 200 2
[10/Jul/2026 21:12:44] "GET /api/v1/documents/list?site=4&doc_type=LM&status=DEPARTED HTTP/1.1" 200 2
[10/Jul/2026 21:12:44] "GET /api/v1/dashboards/site/4 HTTP/1.1" 200 447
[10/Jul/2026 21:12:44] "GET /api/v1/documents/list?site=4&doc_type=MAR HTTP/1.1" 200 2
[10/Jul/2026 21:12:44] "GET /api/v1/sites/4/projects HTTP/1.1" 200 1280
[10/Jul/2026 21:12:44] "GET /api/v1/documents/list?site=4&doc_type=MR HTTP/1.1" 200 7496
[10/Jul/2026 21:12:44] "GET /api/v1/documents/list?site=4&doc_type=PYR HTTP/1.1" 200 17554
[10/Jul/2026 21:12:46] "GET /api/v1/attendance?site=4&date=2026-07-10 HTTP/1.1" 200 59
[10/Jul/2026 21:12:52] "GET /api/v1/registers/dpr-tws?site=4 HTTP/1.1" 200 1437
[10/Jul/2026 21:12:52] "GET /api/v1/dashboards/site/4 HTTP/1.1" 200 447
[10/Jul/2026 21:12:52] "GET /api/v1/documents/list?site=4&doc_type=MAR HTTP/1.1" 200 2
[10/Jul/2026 21:12:52] "GET /api/v1/documents/list?site=4&doc_type=LM&status=DEPARTED HTTP/1.1" 200 2
[10/Jul/2026 21:12:52] "GET /api/v1/documents/list?site=4&doc_type=IR HTTP/1.1" 200 2
[10/Jul/2026 21:12:52] "GET /api/v1/sites/4/projects HTTP/1.1" 200 1280
[10/Jul/2026 21:12:52] "GET /api/v1/documents/list?site=4&doc_type=MR HTTP/1.1" 200 7496
[10/Jul/2026 21:12:52] "GET /api/v1/documents/list?site=4&doc_type=PYR HTTP/1.1" 200 17554
[10/Jul/2026 21:13:09] "GET /api/v1/documents/list?site=4&doc_type=IR HTTP/1.1" 200 2
[10/Jul/2026 21:13:09] "GET /api/v1/documents/list?site=4&doc_type=LM&status=DEPARTED HTTP/1.1" 200 2
[10/Jul/2026 21:13:09] "GET /api/v1/sites/4/projects HTTP/1.1" 200 1280
[10/Jul/2026 21:13:09] "GET /api/v1/documents/list?site=4&doc_type=MAR HTTP/1.1" 200 2
[10/Jul/2026 21:13:09] "GET /api/v1/dashboards/site/4 HTTP/1.1" 200 447
[10/Jul/2026 21:13:09] "GET /api/v1/documents/list?site=4&doc_type=MR HTTP/1.1" 200 7496
[10/Jul/2026 21:13:09] "GET /api/v1/documents/list?site=4&doc_type=PYR HTTP/1.1" 200 17554
[10/Jul/2026 21:13:09] "GET /api/v1/registers/dpr-tws?site=4 HTTP/1.1" 200 1437
[10/Jul/2026 21:13:14] "POST /api/v1/auth/logout HTTP/1.1" 200 24
[10/Jul/2026 21:13:30] "GET /api/v1/cost-heads HTTP/1.1" 200 384
[10/Jul/2026 21:13:30] "GET /api/v1/documents/list?site=4&doc_type=LM&status=DEPARTED HTTP/1.1" 200 2
[10/Jul/2026 21:13:31] "GET /api/v1/documents/list?site=4&doc_type=MAR HTTP/1.1" 200 2
[10/Jul/2026 21:13:31] "GET /api/v1/registers/dpr-tws?site=4 HTTP/1.1" 200 1437
[10/Jul/2026 21:13:31] "GET /api/v1/documents/list?site=4&doc_type=IR HTTP/1.1" 200 2
[10/Jul/2026 21:13:31] "GET /api/v1/dashboards/site/4 HTTP/1.1" 200 447
[10/Jul/2026 21:13:31] "GET /api/v1/sites/4/projects HTTP/1.1" 200 1324
[10/Jul/2026 21:13:31] "GET /api/v1/cost-heads HTTP/1.1" 200 384
[10/Jul/2026 21:13:31] "GET /api/v1/petty-cash/4 HTTP/1.1" 200 614
[10/Jul/2026 21:13:31] "GET /api/v1/documents/list?site=4&doc_type=LM&status=DEPARTED HTTP/1.1" 200 2
[10/Jul/2026 21:13:31] "GET /api/v1/documents/list?site=4&doc_type=MAR HTTP/1.1" 200 2
[10/Jul/2026 21:13:31] "GET /api/v1/documents/list?site=4&doc_type=IR HTTP/1.1" 200 2
[10/Jul/2026 21:13:31] "GET /api/v1/approvals/pending HTTP/1.1" 200 2422
[10/Jul/2026 21:13:31] "GET /api/v1/registers/dpr-tws?site=4 HTTP/1.1" 200 1437
[10/Jul/2026 21:13:31] "GET /api/v1/dashboards/site/4 HTTP/1.1" 200 447
[10/Jul/2026 21:13:31] "GET /api/v1/petty-cash/4 HTTP/1.1" 200 614
[10/Jul/2026 21:13:31] "GET /api/v1/documents/list?site=4&doc_type=MR HTTP/1.1" 200 7344
[10/Jul/2026 21:13:31] "GET /api/v1/petty-cash/4/entries HTTP/1.1" 200 2247
[10/Jul/2026 21:13:31] "GET /api/v1/documents/list?site=4&doc_type=MR HTTP/1.1" 200 7344
[10/Jul/2026 21:13:31] "GET /api/v1/petty-cash/4/entries HTTP/1.1" 200 2247
[10/Jul/2026 21:13:31] "GET /api/v1/documents/list?site=4&doc_type=PYR HTTP/1.1" 200 17478
[10/Jul/2026 21:13:31] "GET /api/v1/documents/list?site=4&doc_type=PYR HTTP/1.1" 200 17478
[10/Jul/2026 21:13:48] "GET /api/v1/finance/dashboard HTTP/1.1" 200 499
[10/Jul/2026 21:13:49] "GET /api/v1/documents/list?site=4&doc_type=IR HTTP/1.1" 200 2
[10/Jul/2026 21:13:49] "GET /api/v1/documents/list?site=4&doc_type=MAR HTTP/1.1" 200 2
[10/Jul/2026 21:13:49] "GET /api/v1/documents/list?site=4&doc_type=LM&status=DEPARTED HTTP/1.1" 200 2
[10/Jul/2026 21:13:49] "GET /api/v1/documents/list?site=4&doc_type=MAR HTTP/1.1" 200 2
[10/Jul/2026 21:13:49] "GET /api/v1/documents/list?site=4&doc_type=LM&status=DEPARTED HTTP/1.1" 200 2
[10/Jul/2026 21:13:49] "GET /api/v1/documents/list?site=4&doc_type=IR HTTP/1.1" 200 2
[10/Jul/2026 21:13:49] "GET /api/v1/registers/dpr-tws?site=4 HTTP/1.1" 200 1437
[10/Jul/2026 21:13:49] "GET /api/v1/dashboards/site/4 HTTP/1.1" 200 447
[10/Jul/2026 21:13:49] "GET /api/v1/sites/4/projects HTTP/1.1" 200 1324
[10/Jul/2026 21:13:49] "GET /api/v1/approvals/pending HTTP/1.1" 200 2422
[10/Jul/2026 21:13:49] "GET /api/v1/registers/dpr-tws?site=4 HTTP/1.1" 200 1437
[10/Jul/2026 21:13:49] "GET /api/v1/documents/list?site=4&doc_type=MR HTTP/1.1" 200 7344
[10/Jul/2026 21:13:49] "GET /api/v1/dashboards/site/4 HTTP/1.1" 200 447
[10/Jul/2026 21:13:49] "GET /api/v1/documents/list?site=4&doc_type=MR HTTP/1.1" 200 7344
[10/Jul/2026 21:13:49] "GET /api/v1/documents/list?site=4&doc_type=PYR HTTP/1.1" 200 17478
[10/Jul/2026 21:13:50] "GET /api/v1/documents/list?site=4&doc_type=PYR HTTP/1.1" 200 17478
[10/Jul/2026 21:13:57] "GET /api/v1/attendance?site=4&date=2026-07-10 HTTP/1.1" 200 59
[10/Jul/2026 21:13:57] "GET /api/v1/attendance?site=4&date=2026-07-10 HTTP/1.1" 200 59
[10/Jul/2026 21:14:00] "GET /api/v1/approvals/pending HTTP/1.1" 200 2422
[10/Jul/2026 21:14:11] "GET /api/v1/registers/dpr-tws?site=4 HTTP/1.1" 200 1437
[10/Jul/2026 21:14:11] "GET /api/v1/documents/list?site=4&doc_type=LM&status=DEPARTED HTTP/1.1" 200 2
[10/Jul/2026 21:14:11] "GET /api/v1/documents/list?site=4&doc_type=IR HTTP/1.1" 200 2
[10/Jul/2026 21:14:11] "GET /api/v1/sites/4/projects HTTP/1.1" 200 1324
[10/Jul/2026 21:14:11] "GET /api/v1/dashboards/site/4 HTTP/1.1" 200 447
[10/Jul/2026 21:14:11] "GET /api/v1/documents/list?site=4&doc_type=MR HTTP/1.1" 200 7496
[10/Jul/2026 21:14:12] "GET /api/v1/documents/list?site=4&doc_type=MAR HTTP/1.1" 200 2
[10/Jul/2026 21:14:12] "GET /api/v1/documents/list?site=4&doc_type=PYR HTTP/1.1" 200 17554
[10/Jul/2026 21:14:14] "GET /api/v1/cost-heads HTTP/1.1" 200 384
[10/Jul/2026 21:14:14] "GET /api/v1/petty-cash/4 HTTP/1.1" 200 614
[10/Jul/2026 21:14:14] "GET /api/v1/petty-cash/4/entries HTTP/1.1" 200 2247
[10/Jul/2026 21:14:35] "GET / HTTP/1.1" 200 433
[10/Jul/2026 21:14:36] "GET /api/v1/auth/me HTTP/1.1" 200 23
[10/Jul/2026 21:14:57] "POST /api/v1/auth/login HTTP/1.1" 200 157
[10/Jul/2026 21:14:58] "GET /api/v1/approvals/pending HTTP/1.1" 200 23
[10/Jul/2026 21:14:58] "GET /api/v1/sites HTTP/1.1" 200 7022
[10/Jul/2026 21:14:58] "GET /api/v1/approvals/pending HTTP/1.1" 200 23
[10/Jul/2026 21:15:03] "GET /api/v1/dashboards/portfolio HTTP/1.1" 200 2491
[10/Jul/2026 21:15:07] "GET /api/v1/cost/portfolio HTTP/1.1" 200 663
[10/Jul/2026 21:15:12] "GET /api/v1/cost/site/4 HTTP/1.1" 200 677
[10/Jul/2026 21:15:24] "GET /api/v1/documents/list?site=4&doc_type=MAR HTTP/1.1" 200 2
[10/Jul/2026 21:15:24] "GET /api/v1/documents/list?site=4&doc_type=IR HTTP/1.1" 200 2
[10/Jul/2026 21:15:24] "GET /api/v1/documents/list?site=4&doc_type=LM&status=DEPARTED HTTP/1.1" 200 2
[10/Jul/2026 21:15:24] "GET /api/v1/registers/dpr-tws?site=4 HTTP/1.1" 200 1437
[10/Jul/2026 21:15:24] "GET /api/v1/sites/4/projects HTTP/1.1" 200 1324
[10/Jul/2026 21:15:24] "GET /api/v1/dashboards/site/4 HTTP/1.1" 200 447
[10/Jul/2026 21:15:24] "GET /api/v1/documents/list?site=4&doc_type=MR HTTP/1.1" 200 7496
[10/Jul/2026 21:15:24] "GET /api/v1/documents/list?site=4&doc_type=PYR HTTP/1.1" 200 17554
[10/Jul/2026 21:15:39] "GET /api/v1/dashboards/ho HTTP/1.1" 200 136
[10/Jul/2026 21:15:39] "GET /api/v1/registers/mr HTTP/1.1" 200 3352
[10/Jul/2026 21:15:56] "GET /api/v1/manpower-categories HTTP/1.1" 200 2664
[10/Jul/2026 21:15:56] "GET /api/v1/employees HTTP/1.1" 200 875
[10/Jul/2026 21:15:57] "GET /api/v1/documents/list?site=4&doc_type=IR HTTP/1.1" 200 2
[10/Jul/2026 21:15:57] "GET /api/v1/documents/list?site=4&doc_type=LM&status=DEPARTED HTTP/1.1" 200 2
[10/Jul/2026 21:15:57] "GET /api/v1/documents/list?site=4&doc_type=MAR HTTP/1.1" 200 2
[10/Jul/2026 21:15:57] "GET /api/v1/registers/dpr-tws?site=4 HTTP/1.1" 200 1437
[10/Jul/2026 21:15:57] "GET /api/v1/dashboards/site/4 HTTP/1.1" 200 447
[10/Jul/2026 21:15:57] "GET /api/v1/approvals/pending HTTP/1.1" 200 2422
[10/Jul/2026 21:15:57] "GET /api/v1/sites/4/projects HTTP/1.1" 200 1324
[10/Jul/2026 21:15:57] "GET /api/v1/documents/list?site=4&doc_type=MR HTTP/1.1" 200 7496
[10/Jul/2026 21:15:57] "GET /api/v1/documents/list?site=4&doc_type=PYR HTTP/1.1" 200 17554
[10/Jul/2026 21:16:04] "GET /api/v1/sites HTTP/1.1" 200 7022
[10/Jul/2026 21:16:04] "GET /api/v1/pms HTTP/1.1" 200 99
[10/Jul/2026 21:16:04] "GET /api/v1/attendance?site=4&date=2026-07-10 HTTP/1.1" 200 59
[10/Jul/2026 21:16:14] "GET /api/v1/approvals/pending HTTP/1.1" 200 23
[10/Jul/2026 21:16:16] "GET /api/v1/dashboards/portfolio HTTP/1.1" 200 2491
[10/Jul/2026 21:16:18] "GET /api/v1/cost/portfolio HTTP/1.1" 200 663
[10/Jul/2026 21:16:20] "GET /api/v1/pms HTTP/1.1" 200 99
[10/Jul/2026 21:16:20] "GET /api/v1/sites HTTP/1.1" 200 7022
[10/Jul/2026 21:16:21] "GET /api/v1/manpower-categories HTTP/1.1" 200 2664
[10/Jul/2026 21:16:21] "GET /api/v1/employees HTTP/1.1" 200 875
[10/Jul/2026 21:16:23] "GET /api/v1/dashboards/ho HTTP/1.1" 200 136
[10/Jul/2026 21:16:23] "GET /api/v1/registers/mr HTTP/1.1" 200 3352
[10/Jul/2026 21:16:24] "GET /api/v1/documents/list?site=4&doc_type=LM&status=DEPARTED HTTP/1.1" 200 2
[10/Jul/2026 21:16:24] "GET /api/v1/registers/dpr-tws?site=4 HTTP/1.1" 200 1437
[10/Jul/2026 21:16:24] "GET /api/v1/documents/list?site=4&doc_type=MAR HTTP/1.1" 200 2
[10/Jul/2026 21:16:24] "GET /api/v1/documents/list?site=4&doc_type=IR HTTP/1.1" 200 2
[10/Jul/2026 21:16:24] "GET /api/v1/documents/list?site=4&doc_type=MAR HTTP/1.1" 200 2
[10/Jul/2026 21:16:24] "GET /api/v1/dashboards/site/4 HTTP/1.1" 200 447
[10/Jul/2026 21:16:24] "GET /api/v1/sites/4/projects HTTP/1.1" 200 1324
[10/Jul/2026 21:16:24] "GET /api/v1/documents/list?site=4&doc_type=LM&status=DEPARTED HTTP/1.1" 200 2
[10/Jul/2026 21:16:24] "GET /api/v1/documents/list?site=4&doc_type=IR HTTP/1.1" 200 2
[10/Jul/2026 21:16:24] "GET /api/v1/registers/dpr-tws?site=4 HTTP/1.1" 200 1437
[10/Jul/2026 21:16:24] "GET /api/v1/approvals/pending HTTP/1.1" 200 2422
[10/Jul/2026 21:16:24] "GET /api/v1/dashboards/site/4 HTTP/1.1" 200 447
[10/Jul/2026 21:16:24] "GET /api/v1/documents/list?site=4&doc_type=MR HTTP/1.1" 200 7344
[10/Jul/2026 21:16:24] "GET /api/v1/documents/list?site=4&doc_type=MR HTTP/1.1" 200 7344
[10/Jul/2026 21:16:24] "GET /api/v1/documents/list?site=4&doc_type=PYR HTTP/1.1" 200 17478
[10/Jul/2026 21:16:24] "GET /api/v1/documents/list?site=4&doc_type=PYR HTTP/1.1" 200 17478
[10/Jul/2026 21:16:33] "GET /api/v1/registers/dpr-tws?site=4 HTTP/1.1" 200 1437
[10/Jul/2026 21:16:33] "GET /api/v1/documents/list?site=4&doc_type=MAR HTTP/1.1" 200 2
[10/Jul/2026 21:16:33] "GET /api/v1/documents/list?site=4&doc_type=IR HTTP/1.1" 200 2
[10/Jul/2026 21:16:33] "GET /api/v1/sites/4/projects HTTP/1.1" 200 1324
[10/Jul/2026 21:16:33] "GET /api/v1/dashboards/site/4 HTTP/1.1" 200 447
[10/Jul/2026 21:16:33] "GET /api/v1/documents/list?site=4&doc_type=LM&status=DEPARTED HTTP/1.1" 200 2
[10/Jul/2026 21:16:33] "GET /api/v1/documents/list?site=4&doc_type=MR HTTP/1.1" 200 7496
[10/Jul/2026 21:16:33] "GET /api/v1/documents/list?site=4&doc_type=PYR HTTP/1.1" 200 17554
[10/Jul/2026 21:16:42] "GET /api/v1/documents/MR-VKR-002 HTTP/1.1" 200 1852
[10/Jul/2026 21:16:53] "GET /api/v1/documents/list?site=4&doc_type=LM&status=DEPARTED HTTP/1.1" 200 2
[10/Jul/2026 21:16:53] "GET /api/v1/documents/list?site=4&doc_type=MAR HTTP/1.1" 200 2
[10/Jul/2026 21:16:53] "GET /api/v1/documents/list?site=4&doc_type=IR HTTP/1.1" 200 2
[10/Jul/2026 21:16:53] "GET /api/v1/approvals/pending HTTP/1.1" 200 23
[10/Jul/2026 21:16:53] "GET /api/v1/dashboards/site/4 HTTP/1.1" 200 447
[10/Jul/2026 21:16:53] "GET /api/v1/sites/4/projects HTTP/1.1" 200 1324
[10/Jul/2026 21:16:53] "GET /api/v1/registers/dpr-tws?site=4 HTTP/1.1" 200 1437
[10/Jul/2026 21:16:53] "GET /api/v1/documents/list?site=4&doc_type=MR HTTP/1.1" 200 7496
[10/Jul/2026 21:16:53] "GET /api/v1/documents/list?site=4&doc_type=PYR HTTP/1.1" 200 17554
[10/Jul/2026 21:17:26] "GET /api/v1/manpower-categories HTTP/1.1" 200 2664
[10/Jul/2026 21:17:26] "GET /api/v1/manpower-categories HTTP/1.1" 200 2664
[10/Jul/2026 21:17:26] "GET /api/v1/documents/list?site=4&doc_type=IR HTTP/1.1" 200 2
[10/Jul/2026 21:17:26] "GET /api/v1/documents/list?site=4&doc_type=LM&status=DEPARTED HTTP/1.1" 200 2
[10/Jul/2026 21:17:26] "GET /api/v1/documents/list?site=4&doc_type=MAR HTTP/1.1" 200 2
[10/Jul/2026 21:17:26] "GET /api/v1/registers/dpr-tws?site=4 HTTP/1.1" 200 1437
[10/Jul/2026 21:17:26] "GET /api/v1/documents/list?site=4&doc_type=IR HTTP/1.1" 200 2
[10/Jul/2026 21:17:26] "GET /api/v1/documents/list?site=4&doc_type=LM&status=DEPARTED HTTP/1.1" 200 2
[10/Jul/2026 21:17:26] "GET /api/v1/documents/list?site=4&doc_type=MAR HTTP/1.1" 200 2
[10/Jul/2026 21:17:26] "GET /api/v1/dashboards/site/4 HTTP/1.1" 200 447
[10/Jul/2026 21:17:26] "GET /api/v1/sites/4/projects HTTP/1.1" 200 1324
[10/Jul/2026 21:17:26] "GET /api/v1/registers/dpr-tws?site=4 HTTP/1.1" 200 1437
[10/Jul/2026 21:17:26] "GET /api/v1/approvals/pending HTTP/1.1" 200 2422
[10/Jul/2026 21:17:26] "GET /api/v1/documents/list?site=4&doc_type=MR HTTP/1.1" 200 7344
[10/Jul/2026 21:17:26] "GET /api/v1/dashboards/site/4 HTTP/1.1" 200 447
[10/Jul/2026 21:17:26] "GET /api/v1/documents/list?site=4&doc_type=MR HTTP/1.1" 200 7344
[10/Jul/2026 21:17:26] "GET /api/v1/documents/list?site=4&doc_type=PYR HTTP/1.1" 200 17478
[10/Jul/2026 21:17:26] "GET /api/v1/documents/list?site=4&doc_type=PYR HTTP/1.1" 200 17478
[10/Jul/2026 21:17:27] "GET /api/v1/manpower-categories HTTP/1.1" 200 2664
[10/Jul/2026 21:17:27] "GET /api/v1/manpower-categories HTTP/1.1" 200 2664
[10/Jul/2026 21:17:31] "GET /api/v1/documents/list?site=4&doc_type=IR HTTP/1.1" 200 2
[10/Jul/2026 21:17:31] "GET /api/v1/documents/list?site=4&doc_type=LM&status=DEPARTED HTTP/1.1" 200 2
[10/Jul/2026 21:17:31] "GET /api/v1/documents/list?site=4&doc_type=MAR HTTP/1.1" 200 2
[10/Jul/2026 21:17:31] "GET /api/v1/registers/dpr-tws?site=4 HTTP/1.1" 200 1437
[10/Jul/2026 21:17:31] "GET /api/v1/documents/list?site=4&doc_type=IR HTTP/1.1" 200 2
[10/Jul/2026 21:17:31] "GET /api/v1/documents/list?site=4&doc_type=LM&status=DEPARTED HTTP/1.1" 200 2
[10/Jul/2026 21:17:31] "GET /api/v1/documents/list?site=4&doc_type=MAR HTTP/1.1" 200 2
[10/Jul/2026 21:17:31] "GET /api/v1/dashboards/site/4 HTTP/1.1" 200 447
[10/Jul/2026 21:17:31] "GET /api/v1/sites/4/projects HTTP/1.1" 200 1324
[10/Jul/2026 21:17:31] "GET /api/v1/registers/dpr-tws?site=4 HTTP/1.1" 200 1437
[10/Jul/2026 21:17:31] "GET /api/v1/approvals/pending HTTP/1.1" 200 2422
[10/Jul/2026 21:17:31] "GET /api/v1/documents/list?site=4&doc_type=MR HTTP/1.1" 200 7344
[10/Jul/2026 21:17:31] "GET /api/v1/dashboards/site/4 HTTP/1.1" 200 447
[10/Jul/2026 21:17:32] "GET /api/v1/documents/list?site=4&doc_type=PYR HTTP/1.1" 200 17478
[10/Jul/2026 21:17:32] "GET /api/v1/documents/list?site=4&doc_type=MR HTTP/1.1" 200 7344
[10/Jul/2026 21:17:32] "GET /api/v1/documents/list?site=4&doc_type=PYR HTTP/1.1" 200 17478
[10/Jul/2026 21:17:33] "GET /api/v1/manpower-categories HTTP/1.1" 200 2664
[10/Jul/2026 21:17:33] "GET /api/v1/manpower-categories HTTP/1.1" 200 2664
Bad Request: /api/v1/documents
[10/Jul/2026 21:21:02] "POST /api/v1/documents HTTP/1.1" 400 55
[10/Jul/2026 21:21:17] "POST /api/v1/documents HTTP/1.1" 201 887
[10/Jul/2026 21:21:17] "GET /api/v1/approvals/pending HTTP/1.1" 200 2422
[10/Jul/2026 21:21:17] "GET /api/v1/sites/4/projects HTTP/1.1" 200 1324
[10/Jul/2026 21:21:20] "POST /api/v1/documents/TWS-VKR-003/actions/issue HTTP/1.1" 200 1309
[10/Jul/2026 21:21:20] "GET /api/v1/sites/4/projects HTTP/1.1" 200 1324
[10/Jul/2026 21:21:20] "GET /api/v1/approvals/pending HTTP/1.1" 200 2422
[10/Jul/2026 21:21:25] "GET /media/pdf/TWS-VKR-003/R0-issue.pdf HTTP/1.1" 200 108768
Not Found: /favicon.ico
[10/Jul/2026 21:21:25] "GET /favicon.ico HTTP/1.1" 404 2688
[10/Jul/2026 21:22:17] "GET /api/v1/documents/list?site=4&doc_type=MAR HTTP/1.1" 200 2
[10/Jul/2026 21:22:17] "GET /api/v1/documents/list?site=4&doc_type=LM&status=DEPARTED HTTP/1.1" 200 2
[10/Jul/2026 21:22:17] "GET /api/v1/documents/list?site=4&doc_type=IR HTTP/1.1" 200 2
[10/Jul/2026 21:22:17] "GET /api/v1/documents/list?site=4&doc_type=MAR HTTP/1.1" 200 2
[10/Jul/2026 21:22:17] "GET /api/v1/sites/4/projects HTTP/1.1" 200 1324
[10/Jul/2026 21:22:17] "GET /api/v1/registers/dpr-tws?site=4 HTTP/1.1" 200 1437
[10/Jul/2026 21:22:17] "GET /api/v1/documents/list?site=4&doc_type=LM&status=DEPARTED HTTP/1.1" 200 2
[10/Jul/2026 21:22:17] "GET /api/v1/documents/list?site=4&doc_type=IR HTTP/1.1" 200 2
[10/Jul/2026 21:22:17] "GET /api/v1/dashboards/site/4 HTTP/1.1" 200 447
[10/Jul/2026 21:22:17] "GET /api/v1/approvals/pending HTTP/1.1" 200 2422
[10/Jul/2026 21:22:17] "GET /api/v1/registers/dpr-tws?site=4 HTTP/1.1" 200 1437
[10/Jul/2026 21:22:17] "GET /api/v1/dashboards/site/4 HTTP/1.1" 200 447
[10/Jul/2026 21:22:17] "GET /api/v1/documents/list?site=4&doc_type=MR HTTP/1.1" 200 7344
[10/Jul/2026 21:22:17] "GET /api/v1/documents/list?site=4&doc_type=PYR HTTP/1.1" 200 17478
[10/Jul/2026 21:22:17] "GET /api/v1/documents/list?site=4&doc_type=MR HTTP/1.1" 200 7344
[10/Jul/2026 21:22:18] "GET /api/v1/documents/list?site=4&doc_type=PYR HTTP/1.1" 200 17478
[10/Jul/2026 21:22:20] "GET /api/v1/documents/DPR-VKR-003 HTTP/1.1" 200 5843
[10/Jul/2026 21:22:20] "GET /media/attachments/DPR-VKR-003/WhatsApp_Image_2026-07-10_at_18.38.28.jpeg HTTP/1.1" 200 153670
[10/Jul/2026 21:22:20] "GET /media/attachments/DPR-VKR-003/WhatsApp_Image_2026-07-10_at_15.53.34.jpeg HTTP/1.1" 200 183973
[10/Jul/2026 21:22:20] "GET /media/attachments/DPR-VKR-003/WhatsApp_Image_2026-07-10_at_10.17.53.jpeg HTTP/1.1" 200 172330
[10/Jul/2026 21:22:20] "GET /media/attachments/DPR-VKR-003/WhatsApp_Image_2026-07-10_at_08.24.10.jpeg HTTP/1.1" 200 171043
[10/Jul/2026 21:22:25] "GET /api/v1/documents/list?site=4&doc_type=MAR HTTP/1.1" 200 2
[10/Jul/2026 21:22:25] "GET /api/v1/documents/list?site=4&doc_type=IR HTTP/1.1" 200 2
[10/Jul/2026 21:22:25] "GET /api/v1/documents/list?site=4&doc_type=LM&status=DEPARTED HTTP/1.1" 200 2
[10/Jul/2026 21:22:25] "GET /api/v1/registers/dpr-tws?site=4 HTTP/1.1" 200 1437
[10/Jul/2026 21:22:25] "GET /api/v1/documents/list?site=4&doc_type=MAR HTTP/1.1" 200 2
[10/Jul/2026 21:22:25] "GET /api/v1/documents/list?site=4&doc_type=LM&status=DEPARTED HTTP/1.1" 200 2
[10/Jul/2026 21:22:25] "GET /api/v1/documents/list?site=4&doc_type=IR HTTP/1.1" 200 2
[10/Jul/2026 21:22:25] "GET /api/v1/dashboards/site/4 HTTP/1.1" 200 447
[10/Jul/2026 21:22:25] "GET /api/v1/sites/4/projects HTTP/1.1" 200 1324
[10/Jul/2026 21:22:25] "GET /api/v1/approvals/pending HTTP/1.1" 200 2422
[10/Jul/2026 21:22:25] "GET /api/v1/registers/dpr-tws?site=4 HTTP/1.1" 200 1437
[10/Jul/2026 21:22:25] "GET /api/v1/dashboards/site/4 HTTP/1.1" 200 447
[10/Jul/2026 21:22:25] "GET /api/v1/documents/list?site=4&doc_type=MR HTTP/1.1" 200 7344
[10/Jul/2026 21:22:26] "GET /api/v1/documents/list?site=4&doc_type=MR HTTP/1.1" 200 7344
[10/Jul/2026 21:22:26] "GET /api/v1/documents/list?site=4&doc_type=PYR HTTP/1.1" 200 17478
[10/Jul/2026 21:22:26] "GET /api/v1/documents/list?site=4&doc_type=PYR HTTP/1.1" 200 17478
[10/Jul/2026 21:22:30] "GET /api/v1/documents/list?site=1&doc_type=LM&status=DEPARTED HTTP/1.1" 200 2
[10/Jul/2026 21:22:30] "GET /api/v1/registers/dpr-tws?site=1 HTTP/1.1" 200 1432
[10/Jul/2026 21:22:30] "GET /api/v1/sites/1/projects HTTP/1.1" 200 2
[10/Jul/2026 21:22:30] "GET /api/v1/documents/list?site=1&doc_type=LM&status=DEPARTED HTTP/1.1" 200 2
[10/Jul/2026 21:22:30] "GET /api/v1/dashboards/site/1 HTTP/1.1" 200 572
[10/Jul/2026 21:22:30] "GET /api/v1/documents/list?site=1&doc_type=MAR HTTP/1.1" 200 1976
[10/Jul/2026 21:22:30] "GET /api/v1/documents/list?site=1&doc_type=PYR HTTP/1.1" 200 1938
[10/Jul/2026 21:22:30] "GET /api/v1/registers/dpr-tws?site=1 HTTP/1.1" 200 1432
[10/Jul/2026 21:22:30] "GET /api/v1/documents/list?site=1&doc_type=IR HTTP/1.1" 200 2995
[10/Jul/2026 21:22:30] "GET /api/v1/dashboards/site/1 HTTP/1.1" 200 572
[10/Jul/2026 21:22:30] "GET /api/v1/documents/list?site=1&doc_type=MAR HTTP/1.1" 200 1976
[10/Jul/2026 21:22:30] "GET /api/v1/documents/list?site=1&doc_type=MR HTTP/1.1" 200 7018
[10/Jul/2026 21:22:30] "GET /api/v1/documents/list?site=1&doc_type=PYR HTTP/1.1" 200 1938
[10/Jul/2026 21:22:30] "GET /api/v1/documents/list?site=1&doc_type=IR HTTP/1.1" 200 2995
[10/Jul/2026 21:22:30] "GET /api/v1/documents/list?site=1&doc_type=MR HTTP/1.1" 200 7018
[10/Jul/2026 21:22:34] "GET /api/v1/manpower-categories HTTP/1.1" 200 2664
[10/Jul/2026 21:22:34] "GET /api/v1/manpower-categories HTTP/1.1" 200 2664
[10/Jul/2026 21:22:51] "GET / HTTP/1.1" 200 433
[10/Jul/2026 21:22:52] "GET /api/v1/auth/me HTTP/1.1" 200 291
[10/Jul/2026 21:22:53] "GET /api/v1/sites HTTP/1.1" 200 588
[10/Jul/2026 21:22:53] "GET /api/v1/documents/list?site=4&doc_type=IR HTTP/1.1" 200 2
[10/Jul/2026 21:22:53] "GET /api/v1/documents/list?site=4&doc_type=MAR HTTP/1.1" 200 2
[10/Jul/2026 21:22:53] "GET /api/v1/documents/list?site=4&doc_type=LM&status=DEPARTED HTTP/1.1" 200 2
[10/Jul/2026 21:22:53] "GET /api/v1/registers/dpr-tws?site=4 HTTP/1.1" 200 1437
[10/Jul/2026 21:22:53] "GET /api/v1/documents/list?site=4&doc_type=MR HTTP/1.1" 200 7496
[10/Jul/2026 21:22:54] "GET /api/v1/sites/4/projects HTTP/1.1" 200 1280
[10/Jul/2026 21:22:54] "GET /api/v1/dashboards/site/4 HTTP/1.1" 200 447
[10/Jul/2026 21:22:54] "GET /api/v1/documents/list?site=4&doc_type=PYR HTTP/1.1" 200 17554
[10/Jul/2026 21:23:06] "GET /api/v1/documents/DPR-VKR-003 HTTP/1.1" 200 6033
[10/Jul/2026 21:23:07] "GET /media/attachments/DPR-VKR-003/WhatsApp_Image_2026-07-10_at_18.38.28.jpeg HTTP/1.1" 200 153670
[10/Jul/2026 21:23:07] "GET /media/attachments/DPR-VKR-003/WhatsApp_Image_2026-07-10_at_10.17.53.jpeg HTTP/1.1" 200 172330
[10/Jul/2026 21:23:07] "GET /media/attachments/DPR-VKR-003/WhatsApp_Image_2026-07-10_at_15.53.34.jpeg HTTP/1.1" 200 183973
[10/Jul/2026 21:23:07] "GET /media/attachments/DPR-VKR-003/WhatsApp_Image_2026-07-10_at_08.24.10.jpeg HTTP/1.1" 200 171043
[10/Jul/2026 21:24:09] "GET /media/pdf/DPR-VKR-003/R0-issue.pdf HTTP/1.1" 200 807090
[10/Jul/2026 21:27:30] "GET /api/v1/sites/1/manpower HTTP/1.1" 200 721
[10/Jul/2026 21:30:13] "POST /api/v1/documents HTTP/1.1" 201 1189
[10/Jul/2026 21:30:47] "POST /api/v1/documents/DPR-SJR-002/attachments HTTP/1.1" 201 262
[10/Jul/2026 21:30:47] "GET /api/v1/documents/DPR-SJR-002 HTTP/1.1" 200 1451
[10/Jul/2026 21:30:47] "GET /media/attachments/DPR-SJR-002/Screenshot_1.png HTTP/1.1" 200 159000
[10/Jul/2026 21:30:58] "POST /api/v1/documents/DPR-SJR-002/attachments HTTP/1.1" 201 272
[10/Jul/2026 21:30:58] "GET /api/v1/documents/DPR-SJR-002 HTTP/1.1" 200 1724
[10/Jul/2026 21:30:58] "GET /media/attachments/DPR-SJR-002/Screenshot_2025-12-02_151758.png HTTP/1.1" 200 17014
[10/Jul/2026 21:31:00] "PATCH /api/v1/documents/DPR-SJR-002 HTTP/1.1" 200 1724
[10/Jul/2026 21:31:05] "PATCH /api/v1/documents/DPR-SJR-002 HTTP/1.1" 200 1724
[10/Jul/2026 21:31:39] "POST /api/v1/documents/DPR-SJR-002/attachments HTTP/1.1" 201 274
[10/Jul/2026 21:31:39] "GET /api/v1/documents/DPR-SJR-002 HTTP/1.1" 200 1999
[10/Jul/2026 21:31:39] "GET /media/attachments/DPR-SJR-002/Screenshot_2025-12-03_110333.png HTTP/1.1" 200 11877
[10/Jul/2026 21:34:49] "POST /api/v1/documents/DPR-SJR-002/attachments HTTP/1.1" 201 271
[10/Jul/2026 21:34:49] "GET /api/v1/documents/DPR-SJR-002 HTTP/1.1" 200 2271
[10/Jul/2026 21:34:49] "GET /media/attachments/DPR-SJR-002/Screenshot_2025-12-06_154926.png HTTP/1.1" 200 41291
[10/Jul/2026 21:34:51] "PATCH /api/v1/documents/DPR-SJR-002 HTTP/1.1" 200 2271
[10/Jul/2026 21:34:52] "POST /api/v1/documents/DPR-SJR-002/actions/issue HTTP/1.1" 200 2694
[10/Jul/2026 21:34:52] "GET /api/v1/registers/dpr-tws?site=1 HTTP/1.1" 200 1432
[10/Jul/2026 21:34:52] "GET /api/v1/dashboards/site/1 HTTP/1.1" 200 604
[10/Jul/2026 21:34:52] "GET /api/v1/documents/list?site=1&doc_type=LM&status=DEPARTED HTTP/1.1" 200 2
[10/Jul/2026 21:34:52] "GET /api/v1/documents/list?site=1&doc_type=PYR HTTP/1.1" 200 1938
[10/Jul/2026 21:34:52] "GET /api/v1/documents/list?site=1&doc_type=MAR HTTP/1.1" 200 1976
[10/Jul/2026 21:34:52] "GET /api/v1/sites/1/projects HTTP/1.1" 200 2
[10/Jul/2026 21:34:52] "GET /api/v1/documents/list?site=1&doc_type=IR HTTP/1.1" 200 2995
[10/Jul/2026 21:34:52] "GET /api/v1/documents/list?site=1&doc_type=LM&status=DEPARTED HTTP/1.1" 200 2
[10/Jul/2026 21:34:52] "GET /api/v1/registers/dpr-tws?site=1 HTTP/1.1" 200 1432
[10/Jul/2026 21:34:52] "GET /api/v1/dashboards/site/1 HTTP/1.1" 200 604
[10/Jul/2026 21:34:52] "GET /api/v1/approvals/pending HTTP/1.1" 200 2566
[10/Jul/2026 21:34:52] "GET /api/v1/documents/list?site=1&doc_type=PYR HTTP/1.1" 200 1938
[10/Jul/2026 21:34:52] "GET /api/v1/documents/list?site=1&doc_type=MAR HTTP/1.1" 200 1976
[10/Jul/2026 21:34:52] "GET /api/v1/documents/list?site=1&doc_type=MR HTTP/1.1" 200 7018
[10/Jul/2026 21:34:52] "GET /api/v1/documents/list?site=1&doc_type=IR HTTP/1.1" 200 2995
[10/Jul/2026 21:34:52] "GET /api/v1/documents/list?site=1&doc_type=MR HTTP/1.1" 200 7018
[10/Jul/2026 21:35:08] "GET /api/v1/documents/DPR-SJR-002 HTTP/1.1" 200 2694
[10/Jul/2026 21:35:19] "POST /api/v1/documents/DPR-SJR-002/actions/verify HTTP/1.1" 200 2848
[10/Jul/2026 21:35:19] "GET /api/v1/sites/1/projects HTTP/1.1" 200 2
[10/Jul/2026 21:35:19] "GET /api/v1/approvals/pending HTTP/1.1" 200 2422
[10/Jul/2026 21:35:41] "GET /media/pdf/DPR-SJR-002/R0-issue.pdf HTTP/1.1" 200 313307
Not Found: /favicon.ico
[10/Jul/2026 21:35:41] "GET /favicon.ico HTTP/1.1" 404 2688
[10/Jul/2026 21:39:17] "GET /api/v1/sites/1/projects HTTP/1.1" 200 2
[10/Jul/2026 21:39:17] "GET /api/v1/documents/list?site=1&doc_type=LM&status=DEPARTED HTTP/1.1" 200 2
[10/Jul/2026 21:39:17] "GET /api/v1/registers/dpr-tws?site=1 HTTP/1.1" 200 1432
[10/Jul/2026 21:39:17] "GET /api/v1/documents/list?site=1&doc_type=LM&status=DEPARTED HTTP/1.1" 200 2
[10/Jul/2026 21:39:17] "GET /api/v1/registers/dpr-tws?site=1 HTTP/1.1" 200 1432
[10/Jul/2026 21:39:17] "GET /api/v1/documents/list?site=1&doc_type=MAR HTTP/1.1" 200 1976
[10/Jul/2026 21:39:17] "GET /api/v1/dashboards/site/1 HTTP/1.1" 200 606
[10/Jul/2026 21:39:17] "GET /api/v1/documents/list?site=1&doc_type=PYR HTTP/1.1" 200 1938
[10/Jul/2026 21:39:17] "GET /api/v1/documents/list?site=1&doc_type=IR HTTP/1.1" 200 2995
[10/Jul/2026 21:39:17] "GET /api/v1/approvals/pending HTTP/1.1" 200 2422
[10/Jul/2026 21:39:17] "GET /api/v1/documents/list?site=1&doc_type=MAR HTTP/1.1" 200 1976
[10/Jul/2026 21:39:17] "GET /api/v1/documents/list?site=1&doc_type=MR HTTP/1.1" 200 7018
[10/Jul/2026 21:39:17] "GET /api/v1/dashboards/site/1 HTTP/1.1" 200 606
[10/Jul/2026 21:39:17] "GET /api/v1/documents/list?site=1&doc_type=PYR HTTP/1.1" 200 1938
[10/Jul/2026 21:39:17] "GET /api/v1/documents/list?site=1&doc_type=IR HTTP/1.1" 200 2995
[10/Jul/2026 21:39:17] "GET /api/v1/documents/list?site=1&doc_type=MR HTTP/1.1" 200 7018
[10/Jul/2026 21:39:40] "GET /api/v1/documents/list?site=1&doc_type=LM&status=DEPARTED HTTP/1.1" 200 2
[10/Jul/2026 21:39:40] "GET /api/v1/registers/dpr-tws?site=1 HTTP/1.1" 200 1432
[10/Jul/2026 21:39:40] "GET /api/v1/sites/1/projects HTTP/1.1" 200 2
[10/Jul/2026 21:39:40] "GET /api/v1/documents/list?site=1&doc_type=LM&status=DEPARTED HTTP/1.1" 200 2
[10/Jul/2026 21:39:40] "GET /api/v1/dashboards/site/1 HTTP/1.1" 200 606
[10/Jul/2026 21:39:40] "GET /api/v1/documents/list?site=1&doc_type=MAR HTTP/1.1" 200 1976
[10/Jul/2026 21:39:40] "GET /api/v1/registers/dpr-tws?site=1 HTTP/1.1" 200 1432
[10/Jul/2026 21:39:40] "GET /api/v1/documents/list?site=1&doc_type=PYR HTTP/1.1" 200 1938
[10/Jul/2026 21:39:40] "GET /api/v1/documents/list?site=1&doc_type=IR HTTP/1.1" 200 2995
[10/Jul/2026 21:39:40] "GET /api/v1/dashboards/site/1 HTTP/1.1" 200 606
[10/Jul/2026 21:39:40] "GET /api/v1/documents/list?site=1&doc_type=MAR HTTP/1.1" 200 1976
[10/Jul/2026 21:39:40] "GET /api/v1/documents/list?site=1&doc_type=MR HTTP/1.1" 200 7018
[10/Jul/2026 21:39:40] "GET /api/v1/documents/list?site=1&doc_type=PYR HTTP/1.1" 200 1938
[10/Jul/2026 21:39:40] "GET /api/v1/documents/list?site=1&doc_type=IR HTTP/1.1" 200 2995
[10/Jul/2026 21:39:40] "GET /api/v1/documents/list?site=1&doc_type=MR HTTP/1.1" 200 7018
[10/Jul/2026 21:39:43] "GET /api/v1/registers/dpr-tws?site=4 HTTP/1.1" 200 1437
[10/Jul/2026 21:39:43] "GET /api/v1/documents/list?site=4&doc_type=LM&status=DEPARTED HTTP/1.1" 200 2
[10/Jul/2026 21:39:43] "GET /api/v1/documents/list?site=4&doc_type=IR HTTP/1.1" 200 2
[10/Jul/2026 21:39:43] "GET /api/v1/documents/list?site=4&doc_type=MAR HTTP/1.1" 200 2
[10/Jul/2026 21:39:43] "GET /api/v1/documents/list?site=4&doc_type=MAR HTTP/1.1" 200 2
[10/Jul/2026 21:39:43] "GET /api/v1/documents/list?site=4&doc_type=LM&status=DEPARTED HTTP/1.1" 200 2
[10/Jul/2026 21:39:43] "GET /api/v1/dashboards/site/4 HTTP/1.1" 200 447
[10/Jul/2026 21:39:43] "GET /api/v1/documents/list?site=4&doc_type=IR HTTP/1.1" 200 2
[10/Jul/2026 21:39:43] "GET /api/v1/sites/4/projects HTTP/1.1" 200 1324
[10/Jul/2026 21:39:43] "GET /api/v1/registers/dpr-tws?site=4 HTTP/1.1" 200 1437
[10/Jul/2026 21:39:43] "GET /api/v1/documents/list?site=4&doc_type=MR HTTP/1.1" 200 7344
[10/Jul/2026 21:39:43] "GET /api/v1/dashboards/site/4 HTTP/1.1" 200 447
[10/Jul/2026 21:39:43] "GET /api/v1/documents/list?site=4&doc_type=MR HTTP/1.1" 200 7344
[10/Jul/2026 21:39:43] "GET /api/v1/documents/list?site=4&doc_type=PYR HTTP/1.1" 200 17478
[10/Jul/2026 21:39:43] "GET /api/v1/documents/list?site=4&doc_type=PYR HTTP/1.1" 200 17478
[10/Jul/2026 21:39:45] "GET /api/v1/documents/list?site=4&doc_type=LM&status=DEPARTED HTTP/1.1" 200 2
[10/Jul/2026 21:39:45] "GET /api/v1/documents/list?site=4&doc_type=IR&project=5 HTTP/1.1" 200 2
[10/Jul/2026 21:39:45] "GET /api/v1/documents/list?site=4&doc_type=MAR&project=5 HTTP/1.1" 200 2
[10/Jul/2026 21:39:45] "GET /api/v1/registers/dpr-tws?site=4&project=5 HTTP/1.1" 200 1437
[10/Jul/2026 21:39:45] "GET /api/v1/dashboards/site/4 HTTP/1.1" 200 447
[10/Jul/2026 21:39:45] "GET /api/v1/documents/list?site=4&doc_type=MR HTTP/1.1" 200 7344
[10/Jul/2026 21:39:45] "GET /api/v1/documents/list?site=4&doc_type=PYR HTTP/1.1" 200 17478
[10/Jul/2026 21:39:45] "GET /api/v1/projects/5 HTTP/1.1" 200 362
[10/Jul/2026 21:39:45] "GET /api/v1/projects/5 HTTP/1.1" 200 362
[10/Jul/2026 21:39:47] "GET /api/v1/projects/5/programme HTTP/1.1" 200 2
[10/Jul/2026 21:39:47] "GET /api/v1/projects/5 HTTP/1.1" 200 362
[10/Jul/2026 21:39:47] "GET /api/v1/projects/5/programme HTTP/1.1" 200 2
[10/Jul/2026 21:39:47] "GET /api/v1/projects/5 HTTP/1.1" 200 362
[10/Jul/2026 21:39:49] "GET /api/v1/documents/list?site=4&doc_type=IR&project=5 HTTP/1.1" 200 2
[10/Jul/2026 21:39:49] "GET /api/v1/documents/list?site=4&doc_type=MAR&project=5 HTTP/1.1" 200 2
[10/Jul/2026 21:39:49] "GET /api/v1/documents/list?site=4&doc_type=LM&status=DEPARTED HTTP/1.1" 200 2
[10/Jul/2026 21:39:49] "GET /api/v1/documents/list?site=4&doc_type=LM&status=DEPARTED HTTP/1.1" 200 2
[10/Jul/2026 21:39:49] "GET /api/v1/registers/dpr-tws?site=4&project=5 HTTP/1.1" 200 1437
[10/Jul/2026 21:39:49] "GET /api/v1/documents/list?site=4&doc_type=IR&project=5 HTTP/1.1" 200 2
[10/Jul/2026 21:39:49] "GET /api/v1/documents/list?site=4&doc_type=MAR&project=5 HTTP/1.1" 200 2
[10/Jul/2026 21:39:49] "GET /api/v1/dashboards/site/4 HTTP/1.1" 200 447
[10/Jul/2026 21:39:49] "GET /api/v1/sites/4/projects HTTP/1.1" 200 1324
[10/Jul/2026 21:39:49] "GET /api/v1/registers/dpr-tws?site=4&project=5 HTTP/1.1" 200 1437
[10/Jul/2026 21:39:49] "GET /api/v1/approvals/pending HTTP/1.1" 200 2422
[10/Jul/2026 21:39:49] "GET /api/v1/registers/dpr-tws?site=4 HTTP/1.1" 200 1437
[10/Jul/2026 21:39:49] "GET /api/v1/documents/list?site=4&doc_type=IR HTTP/1.1" 200 2
[10/Jul/2026 21:39:49] "GET /api/v1/documents/list?site=4&doc_type=MAR HTTP/1.1" 200 2
[10/Jul/2026 21:39:49] "GET /api/v1/dashboards/site/4 HTTP/1.1" 200 447
[10/Jul/2026 21:39:49] "GET /api/v1/documents/list?site=4&doc_type=LM&status=DEPARTED HTTP/1.1" 200 2
[10/Jul/2026 21:39:49] "GET /api/v1/documents/list?site=4&doc_type=MR HTTP/1.1" 200 7344
[10/Jul/2026 21:39:49] "GET /api/v1/dashboards/site/4 HTTP/1.1" 200 447
[10/Jul/2026 21:39:49] "GET /api/v1/documents/list?site=4&doc_type=MR HTTP/1.1" 200 7344
[10/Jul/2026 21:39:49] "GET /api/v1/documents/list?site=4&doc_type=PYR HTTP/1.1" 200 17478
[10/Jul/2026 21:39:49] "GET /api/v1/documents/list?site=4&doc_type=MR HTTP/1.1" 200 7344
[10/Jul/2026 21:39:49] "GET /api/v1/documents/list?site=4&doc_type=PYR HTTP/1.1" 200 17478
[10/Jul/2026 21:39:50] "GET /api/v1/documents/list?site=4&doc_type=PYR HTTP/1.1" 200 17478
[10/Jul/2026 21:40:47] "GET /api/v1/documents/DPR-VKR-003 HTTP/1.1" 200 5843
[10/Jul/2026 21:40:47] "GET /media/attachments/DPR-VKR-003/WhatsApp_Image_2026-07-10_at_18.38.28.jpeg HTTP/1.1" 304 0
[10/Jul/2026 21:40:47] "GET /media/attachments/DPR-VKR-003/WhatsApp_Image_2026-07-10_at_10.17.53.jpeg HTTP/1.1" 304 0
[10/Jul/2026 21:40:47] "GET /media/attachments/DPR-VKR-003/WhatsApp_Image_2026-07-10_at_15.53.34.jpeg HTTP/1.1" 304 0
[10/Jul/2026 21:40:47] "GET /media/attachments/DPR-VKR-003/WhatsApp_Image_2026-07-10_at_08.24.10.jpeg HTTP/1.1" 304 0
[10/Jul/2026 21:40:59] "GET /api/v1/documents/list?site=4&doc_type=MAR HTTP/1.1" 200 2
[10/Jul/2026 21:40:59] "GET /api/v1/documents/list?site=4&doc_type=IR HTTP/1.1" 200 2
[10/Jul/2026 21:40:59] "GET /api/v1/documents/list?site=4&doc_type=LM&status=DEPARTED HTTP/1.1" 200 2
[10/Jul/2026 21:40:59] "GET /api/v1/registers/dpr-tws?site=4 HTTP/1.1" 200 1437
[10/Jul/2026 21:40:59] "GET /api/v1/documents/list?site=4&doc_type=IR HTTP/1.1" 200 2
[10/Jul/2026 21:41:00] "GET /api/v1/documents/list?site=4&doc_type=MAR HTTP/1.1" 200 2
[10/Jul/2026 21:41:00] "GET /api/v1/documents/list?site=4&doc_type=LM&status=DEPARTED HTTP/1.1" 200 2
[10/Jul/2026 21:41:00] "GET /api/v1/dashboards/site/4 HTTP/1.1" 200 447
[10/Jul/2026 21:41:00] "GET /api/v1/registers/dpr-tws?site=4 HTTP/1.1" 200 1437
[10/Jul/2026 21:41:00] "GET /api/v1/sites/4/projects HTTP/1.1" 200 1324
[10/Jul/2026 21:41:00] "GET /api/v1/approvals/pending HTTP/1.1" 200 2422
[10/Jul/2026 21:41:00] "GET /api/v1/dashboards/site/4 HTTP/1.1" 200 447
[10/Jul/2026 21:41:00] "GET /api/v1/documents/list?site=4&doc_type=MR HTTP/1.1" 200 7344
[10/Jul/2026 21:41:00] "GET /api/v1/documents/list?site=4&doc_type=PYR HTTP/1.1" 200 17478
[10/Jul/2026 21:41:00] "GET /api/v1/documents/list?site=4&doc_type=MR HTTP/1.1" 200 7344
[10/Jul/2026 21:41:00] "GET /api/v1/documents/list?site=4&doc_type=PYR HTTP/1.1" 200 17478
[10/Jul/2026 21:41:08] "GET /api/v1/documents/DPR-VKR-003 HTTP/1.1" 200 5843
[10/Jul/2026 21:45:09] "GET /media/pdf/DPR-VKR-003/R0-issue.pdf HTTP/1.1" 200 807090
Not Found: /favicon.ico
[10/Jul/2026 21:45:09] "GET /favicon.ico HTTP/1.1" 404 2688
[10/Jul/2026 21:47:28] "GET /api/v1/documents/list?site=4&doc_type=LM&status=DEPARTED HTTP/1.1" 200 2
[10/Jul/2026 21:47:28] "GET /api/v1/documents/list?site=4&doc_type=MAR HTTP/1.1" 200 2
[10/Jul/2026 21:47:28] "GET /api/v1/documents/list?site=4&doc_type=IR HTTP/1.1" 200 2
[10/Jul/2026 21:47:28] "GET /api/v1/registers/dpr-tws?site=4 HTTP/1.1" 200 1437
[10/Jul/2026 21:47:28] "GET /api/v1/documents/list?site=4&doc_type=MAR HTTP/1.1" 200 2
[10/Jul/2026 21:47:28] "GET /api/v1/dashboards/site/4 HTTP/1.1" 200 447
[10/Jul/2026 21:47:28] "GET /api/v1/documents/list?site=4&doc_type=LM&status=DEPARTED HTTP/1.1" 200 2
[10/Jul/2026 21:47:28] "GET /api/v1/sites/4/projects HTTP/1.1" 200 1324
[10/Jul/2026 21:47:28] "GET /api/v1/documents/list?site=4&doc_type=IR HTTP/1.1" 200 2
[10/Jul/2026 21:47:28] "GET /api/v1/approvals/pending HTTP/1.1" 200 2422
[10/Jul/2026 21:47:28] "GET /api/v1/registers/dpr-tws?site=4 HTTP/1.1" 200 1437
[10/Jul/2026 21:47:28] "GET /api/v1/dashboards/site/4 HTTP/1.1" 200 447
[10/Jul/2026 21:47:28] "GET /api/v1/documents/list?site=4&doc_type=MR HTTP/1.1" 200 7344
[10/Jul/2026 21:47:28] "GET /api/v1/documents/list?site=4&doc_type=PYR HTTP/1.1" 200 17478
[10/Jul/2026 21:47:28] "GET /api/v1/documents/list?site=4&doc_type=MR HTTP/1.1" 200 7344
[10/Jul/2026 21:47:28] "GET /api/v1/documents/list?site=4&doc_type=PYR HTTP/1.1" 200 17478
[10/Jul/2026 21:48:01] "GET /api/v1/documents/list?site=4&doc_type=IR&project=5 HTTP/1.1" 200 2
[10/Jul/2026 21:48:01] "GET /api/v1/documents/list?site=4&doc_type=MAR&project=5 HTTP/1.1" 200 2
[10/Jul/2026 21:48:01] "GET /api/v1/documents/list?site=4&doc_type=LM&status=DEPARTED HTTP/1.1" 200 2
[10/Jul/2026 21:48:01] "GET /api/v1/registers/dpr-tws?site=4&project=5 HTTP/1.1" 200 1437
[10/Jul/2026 21:48:01] "GET /api/v1/dashboards/site/4 HTTP/1.1" 200 447
[10/Jul/2026 21:48:01] "GET /api/v1/documents/list?site=4&doc_type=MR HTTP/1.1" 200 7344
[10/Jul/2026 21:48:01] "GET /api/v1/documents/list?site=4&doc_type=PYR HTTP/1.1" 200 17478
[10/Jul/2026 21:48:03] "GET /api/v1/documents/list?site=4&doc_type=LM&status=DEPARTED HTTP/1.1" 200 2
[10/Jul/2026 21:48:03] "GET /api/v1/documents/list?site=4&doc_type=IR&project=1 HTTP/1.1" 200 2
[10/Jul/2026 21:48:03] "GET /api/v1/documents/list?site=4&doc_type=MAR&project=1 HTTP/1.1" 200 2
[10/Jul/2026 21:48:03] "GET /api/v1/registers/dpr-tws?site=4&project=1 HTTP/1.1" 200 1437
[10/Jul/2026 21:48:03] "GET /api/v1/dashboards/site/4 HTTP/1.1" 200 447
[10/Jul/2026 21:48:03] "GET /api/v1/documents/list?site=4&doc_type=MR HTTP/1.1" 200 7344
[10/Jul/2026 21:48:03] "GET /api/v1/documents/list?site=4&doc_type=PYR HTTP/1.1" 200 17478
[10/Jul/2026 21:48:05] "GET /api/v1/registers/dpr-tws?site=4&project=5 HTTP/1.1" 200 1437
[10/Jul/2026 21:48:05] "GET /api/v1/documents/list?site=4&doc_type=MAR&project=5 HTTP/1.1" 200 2
[10/Jul/2026 21:48:05] "GET /api/v1/documents/list?site=4&doc_type=IR&project=5 HTTP/1.1" 200 2
[10/Jul/2026 21:48:05] "GET /api/v1/documents/list?site=4&doc_type=LM&status=DEPARTED HTTP/1.1" 200 2
[10/Jul/2026 21:48:05] "GET /api/v1/dashboards/site/4 HTTP/1.1" 200 447
[10/Jul/2026 21:48:05] "GET /api/v1/documents/list?site=4&doc_type=MR HTTP/1.1" 200 7344
[10/Jul/2026 21:48:05] "GET /api/v1/documents/list?site=4&doc_type=PYR HTTP/1.1" 200 17478
[10/Jul/2026 21:48:07] "GET /api/v1/documents/list?site=4&doc_type=IR&project=1 HTTP/1.1" 200 2
[10/Jul/2026 21:48:07] "GET /api/v1/documents/list?site=4&doc_type=LM&status=DEPARTED HTTP/1.1" 200 2
[10/Jul/2026 21:48:07] "GET /api/v1/documents/list?site=4&doc_type=MAR&project=1 HTTP/1.1" 200 2
[10/Jul/2026 21:48:07] "GET /api/v1/registers/dpr-tws?site=4&project=1 HTTP/1.1" 200 1437
[10/Jul/2026 21:48:07] "GET /api/v1/dashboards/site/4 HTTP/1.1" 200 447
[10/Jul/2026 21:48:07] "GET /api/v1/documents/list?site=4&doc_type=MR HTTP/1.1" 200 7344
[10/Jul/2026 21:48:07] "GET /api/v1/documents/list?site=4&doc_type=PYR HTTP/1.1" 200 17478
[10/Jul/2026 21:48:09] "GET /api/v1/documents/list?site=4&doc_type=MAR&project=5 HTTP/1.1" 200 2
[10/Jul/2026 21:48:09] "GET /api/v1/documents/list?site=4&doc_type=IR&project=5 HTTP/1.1" 200 2
[10/Jul/2026 21:48:09] "GET /api/v1/registers/dpr-tws?site=4&project=5 HTTP/1.1" 200 1437
[10/Jul/2026 21:48:09] "GET /api/v1/documents/list?site=4&doc_type=LM&status=DEPARTED HTTP/1.1" 200 2
[10/Jul/2026 21:48:09] "GET /api/v1/dashboards/site/4 HTTP/1.1" 200 447
[10/Jul/2026 21:48:09] "GET /api/v1/documents/list?site=4&doc_type=MR HTTP/1.1" 200 7344
[10/Jul/2026 21:48:09] "GET /api/v1/documents/list?site=4&doc_type=PYR HTTP/1.1" 200 17478
[10/Jul/2026 21:48:12] "GET /api/v1/documents/list?site=4&doc_type=MAR&project=1 HTTP/1.1" 200 2
[10/Jul/2026 21:48:12] "GET /api/v1/documents/list?site=4&doc_type=IR&project=1 HTTP/1.1" 200 2
[10/Jul/2026 21:48:12] "GET /api/v1/documents/list?site=4&doc_type=LM&status=DEPARTED HTTP/1.1" 200 2
[10/Jul/2026 21:48:12] "GET /api/v1/registers/dpr-tws?site=4&project=1 HTTP/1.1" 200 1437
[10/Jul/2026 21:48:12] "GET /api/v1/dashboards/site/4 HTTP/1.1" 200 447
[10/Jul/2026 21:48:12] "GET /api/v1/documents/list?site=4&doc_type=MR HTTP/1.1" 200 7344
[10/Jul/2026 21:48:12] "GET /api/v1/documents/list?site=4&doc_type=PYR HTTP/1.1" 200 17478
[10/Jul/2026 21:48:22] "GET /api/v1/registers/dpr-tws?site=4&project=5 HTTP/1.1" 200 1437
[10/Jul/2026 21:48:22] "GET /api/v1/documents/list?site=4&doc_type=IR&project=5 HTTP/1.1" 200 2
[10/Jul/2026 21:48:22] "GET /api/v1/dashboards/site/4 HTTP/1.1" 200 447
[10/Jul/2026 21:48:22] "GET /api/v1/documents/list?site=4&doc_type=MAR&project=5 HTTP/1.1" 200 2
[10/Jul/2026 21:48:22] "GET /api/v1/documents/list?site=4&doc_type=LM&status=DEPARTED HTTP/1.1" 200 2
[10/Jul/2026 21:48:22] "GET /api/v1/documents/list?site=4&doc_type=MR HTTP/1.1" 200 7344
[10/Jul/2026 21:48:23] "GET /api/v1/documents/list?site=4&doc_type=PYR HTTP/1.1" 200 17478
[10/Jul/2026 21:48:39] "GET /api/v1/documents/DPR-VKR-003 HTTP/1.1" 200 5843
Not Found: /favicon.ico
[10/Jul/2026 21:48:40] "GET /favicon.ico HTTP/1.1" 404 2688
[10/Jul/2026 21:49:07] "GET /api/v1/documents/list?site=4&doc_type=LM&status=DEPARTED HTTP/1.1" 200 2
[10/Jul/2026 21:49:07] "GET /api/v1/documents/list?site=4&doc_type=IR&project=5 HTTP/1.1" 200 2
[10/Jul/2026 21:49:07] "GET /api/v1/documents/list?site=4&doc_type=MAR&project=5 HTTP/1.1" 200 2
[10/Jul/2026 21:49:07] "GET /api/v1/sites/4/projects HTTP/1.1" 200 1324
[10/Jul/2026 21:49:07] "GET /api/v1/dashboards/site/4 HTTP/1.1" 200 447
[10/Jul/2026 21:49:07] "GET /api/v1/documents/list?site=4&doc_type=LM&status=DEPARTED HTTP/1.1" 200 2
[10/Jul/2026 21:49:07] "GET /api/v1/registers/dpr-tws?site=4&project=5 HTTP/1.1" 200 1437
[10/Jul/2026 21:49:07] "GET /api/v1/documents/list?site=4&doc_type=MAR&project=5 HTTP/1.1" 200 2
[10/Jul/2026 21:49:07] "GET /api/v1/documents/list?site=4&doc_type=IR&project=5 HTTP/1.1" 200 2
[10/Jul/2026 21:49:07] "GET /api/v1/registers/dpr-tws?site=4&project=5 HTTP/1.1" 200 1437
[10/Jul/2026 21:49:07] "GET /api/v1/approvals/pending HTTP/1.1" 200 2422
[10/Jul/2026 21:49:07] "GET /api/v1/dashboards/site/4 HTTP/1.1" 200 447
[10/Jul/2026 21:49:07] "GET /api/v1/registers/dpr-tws?site=4 HTTP/1.1" 200 1437
[10/Jul/2026 21:49:07] "GET /api/v1/documents/list?site=4&doc_type=LM&status=DEPARTED HTTP/1.1" 200 2
[10/Jul/2026 21:49:07] "GET /api/v1/documents/list?site=4&doc_type=IR HTTP/1.1" 200 2
[10/Jul/2026 21:49:07] "GET /api/v1/documents/list?site=4&doc_type=MAR HTTP/1.1" 200 2
[10/Jul/2026 21:49:07] "GET /api/v1/documents/list?site=4&doc_type=MR HTTP/1.1" 200 7344
[10/Jul/2026 21:49:07] "GET /api/v1/dashboards/site/4 HTTP/1.1" 200 447
[10/Jul/2026 21:49:07] "GET /api/v1/documents/list?site=4&doc_type=MR HTTP/1.1" 200 7344
[10/Jul/2026 21:49:07] "GET /api/v1/documents/list?site=4&doc_type=PYR HTTP/1.1" 200 17478
[10/Jul/2026 21:49:08] "GET /api/v1/documents/list?site=4&doc_type=MR HTTP/1.1" 200 7344
[10/Jul/2026 21:49:08] "GET /api/v1/documents/list?site=4&doc_type=PYR HTTP/1.1" 200 17478
[10/Jul/2026 21:49:08] "GET /api/v1/documents/list?site=4&doc_type=PYR HTTP/1.1" 200 17478
[10/Jul/2026 21:50:24] "GET /api/v1/documents/list?site=4&doc_type=LM&status=DEPARTED HTTP/1.1" 200 2
[10/Jul/2026 21:50:24] "GET /api/v1/dashboards/site/4 HTTP/1.1" 200 447
[10/Jul/2026 21:50:24] "GET /api/v1/documents/list?site=4&doc_type=MAR&project=5 HTTP/1.1" 200 2
[10/Jul/2026 21:50:24] "GET /api/v1/documents/list?site=4&doc_type=IR&project=5 HTTP/1.1" 200 2
[10/Jul/2026 21:50:24] "GET /api/v1/registers/dpr-tws?site=4&project=5 HTTP/1.1" 200 1437
[10/Jul/2026 21:50:25] "GET /api/v1/documents/list?site=4&doc_type=MR HTTP/1.1" 200 7344
[10/Jul/2026 21:50:25] "GET /api/v1/documents/list?site=4&doc_type=PYR HTTP/1.1" 200 17478
[10/Jul/2026 21:53:04] "GET /api/v1/dashboards/site/4 HTTP/1.1" 200 447
[10/Jul/2026 21:53:04] "GET /api/v1/documents/list?site=4&doc_type=LM&status=DEPARTED HTTP/1.1" 200 2
[10/Jul/2026 21:53:04] "GET /api/v1/documents/list?site=4&doc_type=MR HTTP/1.1" 200 7344
[10/Jul/2026 21:53:04] "GET /api/v1/documents/list?site=4&doc_type=MAR&project=1 HTTP/1.1" 200 2
[10/Jul/2026 21:53:05] "GET /api/v1/documents/list?site=4&doc_type=PYR HTTP/1.1" 200 17478
[10/Jul/2026 21:53:05] "GET /api/v1/documents/list?site=4&doc_type=IR&project=1 HTTP/1.1" 200 2
[10/Jul/2026 21:53:05] "GET /api/v1/registers/dpr-tws?site=4&project=1 HTTP/1.1" 200 1437
[10/Jul/2026 21:53:20] "GET /api/v1/documents/list?site=4&doc_type=IR&project=5 HTTP/1.1" 200 2
[10/Jul/2026 21:53:20] "GET /api/v1/registers/dpr-tws?site=4&project=5 HTTP/1.1" 200 1437
[10/Jul/2026 21:53:20] "GET /api/v1/documents/list?site=4&doc_type=LM&status=DEPARTED HTTP/1.1" 200 2
[10/Jul/2026 21:53:20] "GET /api/v1/documents/list?site=4&doc_type=MAR&project=5 HTTP/1.1" 200 2
[10/Jul/2026 21:53:20] "GET /api/v1/dashboards/site/4 HTTP/1.1" 200 447
[10/Jul/2026 21:53:20] "GET /api/v1/documents/list?site=4&doc_type=MR HTTP/1.1" 200 7344
[10/Jul/2026 21:53:20] "GET /api/v1/documents/list?site=4&doc_type=PYR HTTP/1.1" 200 17478
[10/Jul/2026 21:53:26] "GET /api/v1/documents/list?site=6&doc_type=IR HTTP/1.1" 200 2
[10/Jul/2026 21:53:26] "GET /api/v1/documents/list?site=6&doc_type=LM&status=DEPARTED HTTP/1.1" 200 2
[10/Jul/2026 21:53:26] "GET /api/v1/documents/list?site=6&doc_type=MAR HTTP/1.1" 200 2
[10/Jul/2026 21:53:26] "GET /api/v1/registers/dpr-tws?site=6 HTTP/1.1" 200 1407
[10/Jul/2026 21:53:26] "GET /api/v1/dashboards/site/6 HTTP/1.1" 200 383
[10/Jul/2026 21:53:26] "GET /api/v1/documents/list?site=6&doc_type=LM&status=DEPARTED HTTP/1.1" 200 2
[10/Jul/2026 21:53:26] "GET /api/v1/documents/list?site=6&doc_type=MAR HTTP/1.1" 200 2
[10/Jul/2026 21:53:26] "GET /api/v1/dashboards/site/6 HTTP/1.1" 200 383
[10/Jul/2026 21:53:26] "GET /api/v1/documents/list?site=6&doc_type=MR HTTP/1.1" 200 2515
[10/Jul/2026 21:53:26] "GET /api/v1/sites/6/projects HTTP/1.1" 200 727
[10/Jul/2026 21:53:26] "GET /api/v1/registers/dpr-tws?site=6 HTTP/1.1" 200 1407
[10/Jul/2026 21:53:26] "GET /api/v1/documents/list?site=6&doc_type=IR HTTP/1.1" 200 2
[10/Jul/2026 21:53:26] "GET /api/v1/documents/list?site=6&doc_type=MR HTTP/1.1" 200 2515
[10/Jul/2026 21:53:26] "GET /api/v1/documents/list?site=6&doc_type=PYR HTTP/1.1" 200 3104
[10/Jul/2026 21:53:26] "GET /api/v1/documents/list?site=6&doc_type=PYR HTTP/1.1" 200 3104
[10/Jul/2026 21:53:46] "GET /api/v1/auth/me HTTP/1.1" 200 291
[10/Jul/2026 21:53:47] "GET /api/v1/sites HTTP/1.1" 200 588
[10/Jul/2026 21:53:47] "GET /api/v1/registers/dpr-tws?site=4 HTTP/1.1" 200 1437
[10/Jul/2026 21:53:47] "GET /api/v1/documents/list?site=4&doc_type=IR HTTP/1.1" 200 2
[10/Jul/2026 21:53:47] "GET /api/v1/documents/list?site=4&doc_type=MAR HTTP/1.1" 200 2
[10/Jul/2026 21:53:47] "GET /api/v1/sites/4/projects HTTP/1.1" 200 1280
[10/Jul/2026 21:53:47] "GET /api/v1/documents/list?site=4&doc_type=MR HTTP/1.1" 200 7496
[10/Jul/2026 21:53:48] "GET /api/v1/dashboards/site/4 HTTP/1.1" 200 447
[10/Jul/2026 21:53:48] "GET /api/v1/documents/list?site=4&doc_type=LM&status=DEPARTED HTTP/1.1" 200 2
[10/Jul/2026 21:53:48] "GET /api/v1/documents/list?site=4&doc_type=PYR HTTP/1.1" 200 17554
[10/Jul/2026 21:53:57] "GET / HTTP/1.1" 200 433
[10/Jul/2026 21:53:58] "GET /api/v1/auth/me HTTP/1.1" 200 291
[10/Jul/2026 21:53:58] "GET /api/v1/sites HTTP/1.1" 200 588
[10/Jul/2026 21:53:58] "GET /api/v1/documents/list?site=4&doc_type=IR HTTP/1.1" 200 2
[10/Jul/2026 21:53:58] "GET /api/v1/documents/list?site=4&doc_type=MAR HTTP/1.1" 200 2
[10/Jul/2026 21:53:58] "GET /api/v1/registers/dpr-tws?site=4 HTTP/1.1" 200 1437
[10/Jul/2026 21:53:58] "GET /api/v1/documents/list?site=4&doc_type=LM&status=DEPARTED HTTP/1.1" 200 2
[10/Jul/2026 21:53:58] "GET /api/v1/dashboards/site/4 HTTP/1.1" 200 447
[10/Jul/2026 21:53:58] "GET /api/v1/sites/4/projects HTTP/1.1" 200 1280
[10/Jul/2026 21:53:58] "GET /api/v1/documents/list?site=4&doc_type=MR HTTP/1.1" 200 7496
[10/Jul/2026 21:53:59] "GET /api/v1/documents/list?site=4&doc_type=PYR HTTP/1.1" 200 17554
[10/Jul/2026 21:54:01] "GET /api/v1/documents/list?site=6&doc_type=IR&project=4 HTTP/1.1" 200 2
[10/Jul/2026 21:54:01] "GET /api/v1/documents/list?site=6&doc_type=LM&status=DEPARTED HTTP/1.1" 200 2
[10/Jul/2026 21:54:01] "GET /api/v1/registers/dpr-tws?site=6&project=4 HTTP/1.1" 200 1407
[10/Jul/2026 21:54:01] "GET /api/v1/documents/list?site=6&doc_type=MAR&project=4 HTTP/1.1" 200 2
[10/Jul/2026 21:54:01] "GET /api/v1/documents/list?site=6&doc_type=MR HTTP/1.1" 200 2515
[10/Jul/2026 21:54:01] "GET /api/v1/dashboards/site/6 HTTP/1.1" 200 383
[10/Jul/2026 21:54:01] "GET /api/v1/documents/list?site=6&doc_type=PYR HTTP/1.1" 200 3104
[10/Jul/2026 21:54:03] "GET / HTTP/1.1" 200 433
[10/Jul/2026 21:54:03] "GET /api/v1/auth/me HTTP/1.1" 200 291
[10/Jul/2026 21:54:03] "GET /api/v1/sites HTTP/1.1" 200 588
[10/Jul/2026 21:54:04] "GET /api/v1/documents/list?site=4&doc_type=MAR HTTP/1.1" 200 2
[10/Jul/2026 21:54:04] "GET /api/v1/documents/list?site=4&doc_type=IR HTTP/1.1" 200 2
[10/Jul/2026 21:54:04] "GET /api/v1/documents/list?site=4&doc_type=LM&status=DEPARTED HTTP/1.1" 200 2
[10/Jul/2026 21:54:04] "GET /api/v1/registers/dpr-tws?site=4 HTTP/1.1" 200 1437
[10/Jul/2026 21:54:04] "GET /api/v1/sites/4/projects HTTP/1.1" 200 1280
[10/Jul/2026 21:54:04] "GET /api/v1/dashboards/ho HTTP/1.1" 200 136
[10/Jul/2026 21:54:04] "GET /api/v1/dashboards/ho HTTP/1.1" 200 136
[10/Jul/2026 21:54:04] "GET /api/v1/dashboards/site/4 HTTP/1.1" 200 447
[10/Jul/2026 21:54:04] "GET /api/v1/documents/list?site=4&doc_type=MR HTTP/1.1" 200 7496
[10/Jul/2026 21:54:04] "GET /api/v1/registers/mr HTTP/1.1" 200 3352
[10/Jul/2026 21:54:04] "GET /api/v1/registers/mr HTTP/1.1" 200 3352
[10/Jul/2026 21:54:04] "GET /api/v1/documents/list?site=4&doc_type=PYR HTTP/1.1" 200 17554
[10/Jul/2026 21:54:06] "GET /api/v1/finance/dashboard HTTP/1.1" 200 499
[10/Jul/2026 21:54:06] "GET /api/v1/finance/dashboard HTTP/1.1" 200 499
[10/Jul/2026 21:54:19] "GET /api/v1/documents/list?site=8&doc_type=PYR HTTP/1.1" 200 2
[10/Jul/2026 21:54:19] "GET /api/v1/documents/list?site=8&doc_type=MAR HTTP/1.1" 200 2
[10/Jul/2026 21:54:19] "GET /api/v1/documents/list?site=8&doc_type=IR HTTP/1.1" 200 2
[10/Jul/2026 21:54:19] "GET /api/v1/documents/list?site=8&doc_type=LM&status=DEPARTED HTTP/1.1" 200 2
[10/Jul/2026 21:54:19] "GET /api/v1/registers/dpr-tws?site=8 HTTP/1.1" 200 1420
[10/Jul/2026 21:54:19] "GET /api/v1/documents/list?site=8&doc_type=PYR HTTP/1.1" 200 2
[10/Jul/2026 21:54:19] "GET /api/v1/documents/list?site=8&doc_type=IR HTTP/1.1" 200 2
[10/Jul/2026 21:54:19] "GET /api/v1/documents/list?site=8&doc_type=LM&status=DEPARTED HTTP/1.1" 200 2
[10/Jul/2026 21:54:19] "GET /api/v1/sites/8/projects HTTP/1.1" 200 864
[10/Jul/2026 21:54:19] "GET /api/v1/dashboards/site/8 HTTP/1.1" 200 383
[10/Jul/2026 21:54:19] "GET /api/v1/documents/list?site=8&doc_type=MAR HTTP/1.1" 200 2
[10/Jul/2026 21:54:19] "GET /api/v1/documents/list?site=8&doc_type=MR HTTP/1.1" 200 2440
[10/Jul/2026 21:54:19] "GET /api/v1/registers/dpr-tws?site=8 HTTP/1.1" 200 1420
[10/Jul/2026 21:54:19] "GET /api/v1/documents/list?site=8&doc_type=MR HTTP/1.1" 200 2440
[10/Jul/2026 21:54:19] "GET /api/v1/dashboards/site/8 HTTP/1.1" 200 383
[10/Jul/2026 21:54:24] "GET /api/v1/manpower-categories HTTP/1.1" 200 2664
[10/Jul/2026 21:54:24] "GET /api/v1/projects/9/programme HTTP/1.1" 200 2
[10/Jul/2026 21:54:24] "GET /api/v1/projects/8/programme HTTP/1.1" 200 2
[10/Jul/2026 21:54:24] "GET /api/v1/projects/9/programme HTTP/1.1" 200 2
[10/Jul/2026 21:54:24] "GET /api/v1/manpower-categories HTTP/1.1" 200 2664
[10/Jul/2026 21:54:24] "GET /api/v1/projects/8/programme HTTP/1.1" 200 2
[10/Jul/2026 21:54:35] "GET /api/v1/registers/dpr-tws?site=4&project=1 HTTP/1.1" 200 1437
[10/Jul/2026 21:54:35] "GET /api/v1/documents/list?site=4&doc_type=IR&project=1 HTTP/1.1" 200 2
[10/Jul/2026 21:54:35] "GET /api/v1/documents/list?site=4&doc_type=LM&status=DEPARTED HTTP/1.1" 200 2
[10/Jul/2026 21:54:35] "GET /api/v1/dashboards/site/4 HTTP/1.1" 200 447
[10/Jul/2026 21:54:35] "GET /api/v1/documents/list?site=4&doc_type=MAR&project=1 HTTP/1.1" 200 2
[10/Jul/2026 21:54:35] "GET /api/v1/documents/list?site=4&doc_type=MR HTTP/1.1" 200 7496
[10/Jul/2026 21:54:35] "GET /api/v1/documents/list?site=4&doc_type=PYR HTTP/1.1" 200 17554
[10/Jul/2026 21:54:36] "GET /api/v1/documents/list?site=4&doc_type=IR&project=5 HTTP/1.1" 200 2
[10/Jul/2026 21:54:36] "GET /api/v1/registers/dpr-tws?site=4&project=5 HTTP/1.1" 200 1437
[10/Jul/2026 21:54:36] "GET /api/v1/documents/list?site=4&doc_type=LM&status=DEPARTED HTTP/1.1" 200 2
[10/Jul/2026 21:54:36] "GET /api/v1/documents/list?site=4&doc_type=MAR&project=5 HTTP/1.1" 200 2
[10/Jul/2026 21:54:36] "GET /api/v1/dashboards/site/4 HTTP/1.1" 200 447
[10/Jul/2026 21:54:36] "GET /api/v1/documents/list?site=4&doc_type=MR HTTP/1.1" 200 7496
[10/Jul/2026 21:54:36] "GET /api/v1/documents/list?site=4&doc_type=PYR HTTP/1.1" 200 17554
[10/Jul/2026 21:54:37] "GET /api/v1/projects/5 HTTP/1.1" 200 340
[10/Jul/2026 21:54:46] "GET /api/v1/documents/list?site=8&doc_type=IR HTTP/1.1" 200 2
[10/Jul/2026 21:54:46] "GET /api/v1/documents/list?site=8&doc_type=PYR HTTP/1.1" 200 2
[10/Jul/2026 21:54:46] "GET /api/v1/documents/list?site=8&doc_type=MAR HTTP/1.1" 200 2
[10/Jul/2026 21:54:46] "GET /api/v1/documents/list?site=8&doc_type=LM&status=DEPARTED HTTP/1.1" 200 2
[10/Jul/2026 21:54:46] "GET /api/v1/registers/dpr-tws?site=8 HTTP/1.1" 200 1420
[10/Jul/2026 21:54:46] "GET /api/v1/documents/list?site=8&doc_type=IR HTTP/1.1" 200 2
[10/Jul/2026 21:54:46] "GET /api/v1/documents/list?site=8&doc_type=MAR HTTP/1.1" 200 2
[10/Jul/2026 21:54:46] "GET /api/v1/dashboards/site/8 HTTP/1.1" 200 383
[10/Jul/2026 21:54:46] "GET /api/v1/documents/list?site=8&doc_type=LM&status=DEPARTED HTTP/1.1" 200 2
[10/Jul/2026 21:54:46] "GET /api/v1/documents/list?site=8&doc_type=PYR HTTP/1.1" 200 2
[10/Jul/2026 21:54:46] "GET /api/v1/sites/8/projects HTTP/1.1" 200 864
[10/Jul/2026 21:54:46] "GET /api/v1/documents/list?site=8&doc_type=MR HTTP/1.1" 200 2440
[10/Jul/2026 21:54:46] "GET /api/v1/registers/dpr-tws?site=8 HTTP/1.1" 200 1420
[10/Jul/2026 21:54:46] "GET /api/v1/dashboards/site/8 HTTP/1.1" 200 383
[10/Jul/2026 21:54:46] "GET /api/v1/approvals/pending HTTP/1.1" 200 2422
[10/Jul/2026 21:54:46] "GET /api/v1/documents/list?site=8&doc_type=MR HTTP/1.1" 200 2440
[10/Jul/2026 21:54:50] "GET /api/v1/manpower-categories HTTP/1.1" 200 2664
[10/Jul/2026 21:54:50] "GET /api/v1/documents/list?site=8&doc_type=DMA HTTP/1.1" 200 2
[10/Jul/2026 21:54:50] "GET /api/v1/sites/8/manpower HTTP/1.1" 200 132
[10/Jul/2026 21:54:50] "GET /api/v1/manpower-categories HTTP/1.1" 200 2664
[10/Jul/2026 21:54:50] "GET /api/v1/documents/list?site=8&doc_type=DMA HTTP/1.1" 200 2
[10/Jul/2026 21:54:50] "GET /api/v1/sites/8/manpower HTTP/1.1" 200 132
[10/Jul/2026 21:54:58] "GET /api/v1/documents/list?site=8&doc_type=PYR HTTP/1.1" 200 2
[10/Jul/2026 21:54:58] "GET /api/v1/documents/list?site=8&doc_type=LM&status=DEPARTED HTTP/1.1" 200 2
[10/Jul/2026 21:54:58] "GET /api/v1/documents/list?site=8&doc_type=MAR HTTP/1.1" 200 2
[10/Jul/2026 21:54:58] "GET /api/v1/documents/list?site=8&doc_type=IR HTTP/1.1" 200 2
[10/Jul/2026 21:54:58] "GET /api/v1/registers/dpr-tws?site=8 HTTP/1.1" 200 1420
[10/Jul/2026 21:54:58] "GET /api/v1/documents/list?site=8&doc_type=PYR HTTP/1.1" 200 2
[10/Jul/2026 21:54:58] "GET /api/v1/dashboards/site/8 HTTP/1.1" 200 383
[10/Jul/2026 21:54:58] "GET /api/v1/documents/list?site=8&doc_type=MAR HTTP/1.1" 200 2
[10/Jul/2026 21:54:58] "GET /api/v1/documents/list?site=8&doc_type=LM&status=DEPARTED HTTP/1.1" 200 2
[10/Jul/2026 21:54:58] "GET /api/v1/sites/8/projects HTTP/1.1" 200 864
[10/Jul/2026 21:54:58] "GET /api/v1/documents/list?site=8&doc_type=MR HTTP/1.1" 200 2440
[10/Jul/2026 21:54:58] "GET /api/v1/documents/list?site=8&doc_type=IR HTTP/1.1" 200 2
[10/Jul/2026 21:54:58] "GET /api/v1/registers/dpr-tws?site=8 HTTP/1.1" 200 1420
[10/Jul/2026 21:54:58] "GET /api/v1/approvals/pending HTTP/1.1" 200 2422
[10/Jul/2026 21:54:58] "GET /api/v1/dashboards/site/8 HTTP/1.1" 200 383
[10/Jul/2026 21:54:58] "GET /api/v1/documents/list?site=8&doc_type=MR HTTP/1.1" 200 2440
[10/Jul/2026 21:54:59] "GET /api/v1/manpower-categories HTTP/1.1" 200 2664
[10/Jul/2026 21:54:59] "GET /api/v1/projects/9/programme HTTP/1.1" 200 2
[10/Jul/2026 21:54:59] "GET /api/v1/projects/8/programme HTTP/1.1" 200 2
[10/Jul/2026 21:54:59] "GET /api/v1/manpower-categories HTTP/1.1" 200 2664
[10/Jul/2026 21:54:59] "GET /api/v1/projects/9/programme HTTP/1.1" 200 2
[10/Jul/2026 21:54:59] "GET /api/v1/projects/8/programme HTTP/1.1" 200 2
[10/Jul/2026 21:55:34] "GET /api/v1/documents/list?site=8&doc_type=IR HTTP/1.1" 200 2
[10/Jul/2026 21:55:34] "GET /api/v1/documents/list?site=8&doc_type=PYR HTTP/1.1" 200 2
[10/Jul/2026 21:55:34] "GET /api/v1/documents/list?site=8&doc_type=LM&status=DEPARTED HTTP/1.1" 200 2
[10/Jul/2026 21:55:34] "GET /api/v1/documents/list?site=8&doc_type=MAR HTTP/1.1" 200 2
[10/Jul/2026 21:55:34] "GET /api/v1/documents/list?site=8&doc_type=IR HTTP/1.1" 200 2
[10/Jul/2026 21:55:34] "GET /api/v1/registers/dpr-tws?site=8 HTTP/1.1" 200 1420
[10/Jul/2026 21:55:34] "GET /api/v1/dashboards/site/8 HTTP/1.1" 200 383
[10/Jul/2026 21:55:34] "GET /api/v1/documents/list?site=8&doc_type=LM&status=DEPARTED HTTP/1.1" 200 2
[10/Jul/2026 21:55:34] "GET /api/v1/documents/list?site=8&doc_type=PYR HTTP/1.1" 200 2
[10/Jul/2026 21:55:34] "GET /api/v1/documents/list?site=8&doc_type=MAR HTTP/1.1" 200 2
[10/Jul/2026 21:55:34] "GET /api/v1/sites/8/projects HTTP/1.1" 200 864
[10/Jul/2026 21:55:34] "GET /api/v1/documents/list?site=8&doc_type=MR HTTP/1.1" 200 2440
[10/Jul/2026 21:55:34] "GET /api/v1/registers/dpr-tws?site=8 HTTP/1.1" 200 1420
[10/Jul/2026 21:55:34] "GET /api/v1/dashboards/site/8 HTTP/1.1" 200 383
[10/Jul/2026 21:55:34] "GET /api/v1/approvals/pending HTTP/1.1" 200 2422
[10/Jul/2026 21:55:34] "GET /api/v1/documents/list?site=8&doc_type=MR HTTP/1.1" 200 2440
[10/Jul/2026 21:55:37] "GET /api/v1/attendance?site=8&date=2026-07-10 HTTP/1.1" 200 59
[10/Jul/2026 21:55:37] "GET /api/v1/attendance?site=8&date=2026-07-10 HTTP/1.1" 200 59
[10/Jul/2026 21:55:37] "GET / HTTP/1.1" 200 433
[10/Jul/2026 21:55:38] "GET /api/v1/auth/me HTTP/1.1" 200 291
[10/Jul/2026 21:55:39] "GET /api/v1/documents/list?site=8&doc_type=IR HTTP/1.1" 200 2
[10/Jul/2026 21:55:39] "GET /api/v1/documents/list?site=8&doc_type=MAR HTTP/1.1" 200 2
[10/Jul/2026 21:55:39] "GET /api/v1/documents/list?site=8&doc_type=PYR HTTP/1.1" 200 2
[10/Jul/2026 21:55:39] "GET /api/v1/documents/list?site=8&doc_type=LM&status=DEPARTED HTTP/1.1" 200 2
[10/Jul/2026 21:55:39] "GET /api/v1/registers/dpr-tws?site=8 HTTP/1.1" 200 1420
[10/Jul/2026 21:55:39] "GET /api/v1/documents/list?site=8&doc_type=IR HTTP/1.1" 200 2
[10/Jul/2026 21:55:39] "GET /api/v1/documents/list?site=8&doc_type=PYR HTTP/1.1" 200 2
[10/Jul/2026 21:55:39] "GET /api/v1/dashboards/site/8 HTTP/1.1" 200 383
[10/Jul/2026 21:55:39] "GET /api/v1/documents/list?site=8&doc_type=MAR HTTP/1.1" 200 2
[10/Jul/2026 21:55:39] "GET /api/v1/documents/list?site=8&doc_type=LM&status=DEPARTED HTTP/1.1" 200 2
[10/Jul/2026 21:55:39] "GET /api/v1/documents/list?site=8&doc_type=MR HTTP/1.1" 200 2440
[10/Jul/2026 21:55:39] "GET /api/v1/sites/8/projects HTTP/1.1" 200 864
[10/Jul/2026 21:55:39] "GET /api/v1/registers/dpr-tws?site=8 HTTP/1.1" 200 1420
[10/Jul/2026 21:55:39] "GET /api/v1/approvals/pending HTTP/1.1" 200 2422
[10/Jul/2026 21:55:39] "GET /api/v1/sites HTTP/1.1" 200 588
[10/Jul/2026 21:55:39] "GET /api/v1/dashboards/site/8 HTTP/1.1" 200 383
[10/Jul/2026 21:55:39] "GET /api/v1/documents/list?site=8&doc_type=MR HTTP/1.1" 200 2440
[10/Jul/2026 21:55:40] "GET /api/v1/documents/list?site=4&doc_type=MAR HTTP/1.1" 200 2
[10/Jul/2026 21:55:40] "GET /api/v1/documents/list?site=4&doc_type=IR HTTP/1.1" 200 2
[10/Jul/2026 21:55:40] "GET /api/v1/documents/list?site=4&doc_type=LM&status=DEPARTED HTTP/1.1" 200 2
[10/Jul/2026 21:55:40] "GET /api/v1/registers/dpr-tws?site=4 HTTP/1.1" 200 1437
[10/Jul/2026 21:55:40] "GET /api/v1/dashboards/site/4 HTTP/1.1" 200 447
[10/Jul/2026 21:55:40] "GET /api/v1/sites/4/projects HTTP/1.1" 200 1280
[10/Jul/2026 21:55:40] "GET /api/v1/documents/list?site=4&doc_type=MR HTTP/1.1" 200 7496
[10/Jul/2026 21:55:40] "GET /api/v1/documents/list?site=4&doc_type=PYR HTTP/1.1" 200 17554
[10/Jul/2026 21:55:42] "GET /api/v1/projects/9/programme HTTP/1.1" 200 2
[10/Jul/2026 21:55:42] "GET /api/v1/manpower-categories HTTP/1.1" 200 2664
[10/Jul/2026 21:55:42] "GET /api/v1/projects/8/programme HTTP/1.1" 200 2
[10/Jul/2026 21:55:42] "GET /api/v1/projects/9/programme HTTP/1.1" 200 2
[10/Jul/2026 21:55:42] "GET /api/v1/manpower-categories HTTP/1.1" 200 2664
[10/Jul/2026 21:55:42] "GET /api/v1/projects/8/programme HTTP/1.1" 200 2
[10/Jul/2026 21:55:48] "POST /api/v1/auth/logout HTTP/1.1" 200 24
[10/Jul/2026 21:56:07] "GET /api/v1/documents/list?site=8&doc_type=PYR HTTP/1.1" 200 2
[10/Jul/2026 21:56:07] "GET /api/v1/documents/list?site=8&doc_type=IR HTTP/1.1" 200 2
[10/Jul/2026 21:56:07] "GET /api/v1/documents/list?site=8&doc_type=MAR HTTP/1.1" 200 2
[10/Jul/2026 21:56:07] "GET /api/v1/documents/list?site=8&doc_type=LM&status=DEPARTED HTTP/1.1" 200 2
[10/Jul/2026 21:56:07] "GET /api/v1/documents/list?site=8&doc_type=IR HTTP/1.1" 200 2
[10/Jul/2026 21:56:07] "GET /api/v1/dashboards/site/8 HTTP/1.1" 200 383
[10/Jul/2026 21:56:07] "GET /api/v1/documents/list?site=8&doc_type=PYR HTTP/1.1" 200 2
[10/Jul/2026 21:56:07] "GET /api/v1/registers/dpr-tws?site=8 HTTP/1.1" 200 1420
[10/Jul/2026 21:56:07] "GET /api/v1/documents/list?site=8&doc_type=LM&status=DEPARTED HTTP/1.1" 200 2
[10/Jul/2026 21:56:07] "GET /api/v1/documents/list?site=8&doc_type=MAR HTTP/1.1" 200 2
[10/Jul/2026 21:56:07] "GET /api/v1/sites/8/projects HTTP/1.1" 200 864
[10/Jul/2026 21:56:07] "GET /api/v1/documents/list?site=8&doc_type=MR HTTP/1.1" 200 2440
[10/Jul/2026 21:56:07] "GET /api/v1/approvals/pending HTTP/1.1" 200 2422
[10/Jul/2026 21:56:07] "GET /api/v1/registers/dpr-tws?site=8 HTTP/1.1" 200 1420
[10/Jul/2026 21:56:07] "GET /api/v1/dashboards/site/8 HTTP/1.1" 200 383
[10/Jul/2026 21:56:07] "GET /api/v1/documents/list?site=8&doc_type=MR HTTP/1.1" 200 2440
[10/Jul/2026 21:56:10] "POST /api/v1/auth/login HTTP/1.1" 200 286
[10/Jul/2026 21:56:11] "GET /api/v1/sites HTTP/1.1" 200 588
[10/Jul/2026 21:56:11] "GET /api/v1/documents/list?site=4&doc_type=LM&status=DEPARTED HTTP/1.1" 200 2
[10/Jul/2026 21:56:11] "GET /api/v1/documents/list?site=4&doc_type=IR HTTP/1.1" 200 2
[10/Jul/2026 21:56:11] "GET /api/v1/documents/list?site=4&doc_type=MAR HTTP/1.1" 200 2
[10/Jul/2026 21:56:11] "GET /api/v1/registers/dpr-tws?site=4 HTTP/1.1" 200 1437
[10/Jul/2026 21:56:11] "GET /api/v1/dashboards/site/4 HTTP/1.1" 200 447
[10/Jul/2026 21:56:11] "GET /api/v1/sites/4/projects HTTP/1.1" 200 1280
[10/Jul/2026 21:56:11] "GET /api/v1/documents/list?site=4&doc_type=MR HTTP/1.1" 200 7496
[10/Jul/2026 21:56:11] "GET /api/v1/documents/list?site=4&doc_type=PYR HTTP/1.1" 200 17554
[10/Jul/2026 21:56:29] "POST /api/v1/auth/logout HTTP/1.1" 200 24
[10/Jul/2026 21:56:56] "POST /api/v1/auth/login HTTP/1.1" 200 291
[10/Jul/2026 21:56:57] "GET /api/v1/sites HTTP/1.1" 200 588
[10/Jul/2026 21:56:57] "GET /api/v1/documents/list?site=4&doc_type=LM&status=DEPARTED HTTP/1.1" 200 2
[10/Jul/2026 21:56:57] "GET /api/v1/sites/4/projects HTTP/1.1" 200 1280
[10/Jul/2026 21:56:57] "GET /api/v1/documents/list?site=4&doc_type=IR HTTP/1.1" 200 2
[10/Jul/2026 21:56:57] "GET /api/v1/documents/list?site=4&doc_type=MAR HTTP/1.1" 200 2
[10/Jul/2026 21:56:57] "GET /api/v1/registers/dpr-tws?site=4 HTTP/1.1" 200 1437
[10/Jul/2026 21:56:57] "GET /api/v1/dashboards/site/4 HTTP/1.1" 200 447
[10/Jul/2026 21:56:57] "GET /api/v1/documents/list?site=4&doc_type=MR HTTP/1.1" 200 7496
[10/Jul/2026 21:56:58] "GET /api/v1/documents/list?site=4&doc_type=PYR HTTP/1.1" 200 17554
[10/Jul/2026 21:57:29] "GET /api/v1/items HTTP/1.1" 200 849
[10/Jul/2026 21:57:29] "GET /api/v1/items HTTP/1.1" 200 849
[10/Jul/2026 21:57:37] "GET /api/v1/documents/list?site=8&doc_type=PYR HTTP/1.1" 200 2
[10/Jul/2026 21:57:37] "GET /api/v1/documents/list?site=8&doc_type=IR HTTP/1.1" 200 2
[10/Jul/2026 21:57:37] "GET /api/v1/registers/dpr-tws?site=8 HTTP/1.1" 200 1420
[10/Jul/2026 21:57:37] "GET /api/v1/documents/list?site=8&doc_type=LM&status=DEPARTED HTTP/1.1" 200 2
[10/Jul/2026 21:57:37] "GET /api/v1/documents/list?site=8&doc_type=MAR HTTP/1.1" 200 2
[10/Jul/2026 21:57:37] "GET /api/v1/documents/list?site=8&doc_type=PYR HTTP/1.1" 200 2
[10/Jul/2026 21:57:37] "GET /api/v1/documents/list?site=8&doc_type=IR HTTP/1.1" 200 2
[10/Jul/2026 21:57:38] "GET /api/v1/dashboards/site/8 HTTP/1.1" 200 383
[10/Jul/2026 21:57:38] "GET /api/v1/documents/list?site=8&doc_type=MR HTTP/1.1" 200 2440
[10/Jul/2026 21:57:38] "GET /api/v1/documents/list?site=8&doc_type=LM&status=DEPARTED HTTP/1.1" 200 2
[10/Jul/2026 21:57:38] "GET /api/v1/sites/8/projects HTTP/1.1" 200 864
[10/Jul/2026 21:57:38] "GET /api/v1/documents/list?site=8&doc_type=MAR HTTP/1.1" 200 2
[10/Jul/2026 21:57:38] "GET /api/v1/registers/dpr-tws?site=8 HTTP/1.1" 200 1420
[10/Jul/2026 21:57:38] "GET /api/v1/approvals/pending HTTP/1.1" 200 2422
[10/Jul/2026 21:57:38] "GET /api/v1/dashboards/site/8 HTTP/1.1" 200 383
[10/Jul/2026 21:57:38] "GET /api/v1/documents/list?site=8&doc_type=MR HTTP/1.1" 200 2440
[10/Jul/2026 21:58:23] "GET /api/v1/dashboards/ho HTTP/1.1" 200 136
[10/Jul/2026 21:58:23] "GET /api/v1/dashboards/ho HTTP/1.1" 200 136
[10/Jul/2026 21:58:23] "GET /api/v1/registers/mr HTTP/1.1" 200 3352
[10/Jul/2026 21:58:23] "GET /api/v1/registers/mr HTTP/1.1" 200 3352
[10/Jul/2026 21:58:55] "GET /api/v1/documents/MR-VKR-003 HTTP/1.1" 200 2878
[10/Jul/2026 21:59:04] "GET /api/v1/dashboards/ho HTTP/1.1" 200 136
[10/Jul/2026 21:59:04] "GET /api/v1/approvals/pending HTTP/1.1" 200 2422
[10/Jul/2026 21:59:04] "GET /api/v1/dashboards/ho HTTP/1.1" 200 136
[10/Jul/2026 21:59:04] "GET /api/v1/registers/mr HTTP/1.1" 200 3352
[10/Jul/2026 21:59:04] "GET /api/v1/registers/mr HTTP/1.1" 200 3352
[10/Jul/2026 21:59:06] "GET /api/v1/items HTTP/1.1" 200 849
[10/Jul/2026 21:59:06] "GET /api/v1/items HTTP/1.1" 200 849
[10/Jul/2026 21:59:06] "GET /api/v1/documents/list?doc_type=MR&for_pr=1 HTTP/1.1" 200 7984
[10/Jul/2026 21:59:06] "GET /api/v1/documents/list?doc_type=MR&for_pr=1 HTTP/1.1" 200 7984
[10/Jul/2026 21:59:09] "GET /api/v1/documents/list?doc_type=MR&for_pr=1&site=6 HTTP/1.1" 200 2
[10/Jul/2026 21:59:12] "GET /api/v1/dashboards/ho HTTP/1.1" 200 136
[10/Jul/2026 21:59:12] "GET /api/v1/registers/mr HTTP/1.1" 200 3352
[10/Jul/2026 21:59:12] "GET /api/v1/dashboards/ho HTTP/1.1" 200 136
[10/Jul/2026 21:59:12] "GET /api/v1/approvals/pending HTTP/1.1" 200 2422
[10/Jul/2026 21:59:12] "GET /api/v1/registers/mr HTTP/1.1" 200 3352
[10/Jul/2026 21:59:15] "GET /api/v1/items HTTP/1.1" 200 849
[10/Jul/2026 21:59:15] "GET /api/v1/items HTTP/1.1" 200 849
[10/Jul/2026 21:59:15] "GET /api/v1/documents/list?doc_type=MR&for_pr=1 HTTP/1.1" 200 7984
[10/Jul/2026 21:59:15] "GET /api/v1/documents/list?doc_type=MR&for_pr=1 HTTP/1.1" 200 7984
[10/Jul/2026 21:59:17] "GET /api/v1/dashboards/ho HTTP/1.1" 200 136
[10/Jul/2026 21:59:17] "GET /api/v1/dashboards/ho HTTP/1.1" 200 136
[10/Jul/2026 21:59:17] "GET /api/v1/approvals/pending HTTP/1.1" 200 2422
[10/Jul/2026 21:59:17] "GET /api/v1/registers/mr HTTP/1.1" 200 3352
[10/Jul/2026 21:59:17] "GET /api/v1/registers/mr HTTP/1.1" 200 3352
[10/Jul/2026 21:59:18] "GET /api/v1/items HTTP/1.1" 200 849
[10/Jul/2026 21:59:18] "GET /api/v1/items HTTP/1.1" 200 849
[10/Jul/2026 21:59:18] "GET /api/v1/documents/list?doc_type=MR&for_pr=1 HTTP/1.1" 200 7984
[10/Jul/2026 21:59:18] "GET /api/v1/documents/list?doc_type=MR&for_pr=1 HTTP/1.1" 200 7984
[10/Jul/2026 21:59:20] "GET /api/v1/documents/list?doc_type=MR&for_pr=1&site=4 HTTP/1.1" 200 5529
[10/Jul/2026 21:59:37] "GET / HTTP/1.1" 200 433
[10/Jul/2026 21:59:38] "GET /api/v1/auth/me HTTP/1.1" 200 291
[10/Jul/2026 21:59:38] "POST /api/v1/documents HTTP/1.1" 201 638
[10/Jul/2026 21:59:38] "GET /api/v1/pr/PR-017/quotations HTTP/1.1" 200 2
[10/Jul/2026 21:59:38] "GET /api/v1/pr/PR-017/coverage HTTP/1.1" 200 589
[10/Jul/2026 21:59:38] "GET /api/v1/parameters/gst_rate HTTP/1.1" 200 79
[10/Jul/2026 21:59:38] "GET /api/v1/pr/PR-017/quotations HTTP/1.1" 200 2
[10/Jul/2026 21:59:38] "GET /api/v1/parameters/gst_rate HTTP/1.1" 200 79
[10/Jul/2026 21:59:38] "GET /api/v1/pr/PR-017/coverage HTTP/1.1" 200 589
[10/Jul/2026 21:59:38] "GET /api/v1/pr/PR-017/quotations HTTP/1.1" 200 2
[10/Jul/2026 21:59:38] "GET /api/v1/approvals/pending HTTP/1.1" 200 2422
[10/Jul/2026 21:59:38] "GET /api/v1/pr/PR-017/quotations HTTP/1.1" 200 2
[10/Jul/2026 21:59:38] "GET /api/v1/sites HTTP/1.1" 200 588
[10/Jul/2026 21:59:39] "GET /api/v1/registers/dpr-tws?site=4 HTTP/1.1" 200 1437
[10/Jul/2026 21:59:39] "GET /api/v1/documents/list?site=4&doc_type=MAR HTTP/1.1" 200 2
[10/Jul/2026 21:59:39] "GET /api/v1/documents/list?site=4&doc_type=IR HTTP/1.1" 200 2
[10/Jul/2026 21:59:39] "GET /api/v1/dashboards/site/4 HTTP/1.1" 200 447
[10/Jul/2026 21:59:39] "GET /api/v1/documents/list?site=4&doc_type=LM&status=DEPARTED HTTP/1.1" 200 2
[10/Jul/2026 21:59:39] "GET /api/v1/documents/list?site=4&doc_type=MR HTTP/1.1" 200 7546
[10/Jul/2026 21:59:39] "GET /api/v1/sites/4/projects HTTP/1.1" 200 1280
[10/Jul/2026 21:59:39] "GET /api/v1/documents/list?site=4&doc_type=PYR HTTP/1.1" 200 17554
[10/Jul/2026 21:59:52] "GET /api/v1/pr/PR-017/coverage HTTP/1.1" 200 589
[10/Jul/2026 21:59:52] "GET /api/v1/pr/PR-017/quotations HTTP/1.1" 200 2
[10/Jul/2026 21:59:52] "GET /api/v1/suppliers HTTP/1.1" 200 449
[10/Jul/2026 21:59:52] "GET /api/v1/pr/PR-017/coverage HTTP/1.1" 200 589
[10/Jul/2026 21:59:52] "GET /api/v1/suppliers HTTP/1.1" 200 449
[10/Jul/2026 21:59:52] "GET /api/v1/pr/PR-017/quotations HTTP/1.1" 200 2
[10/Jul/2026 21:59:59] "GET /api/v1/registers/dpr-tws?site=4&project=1 HTTP/1.1" 200 1437
[10/Jul/2026 21:59:59] "GET /api/v1/dashboards/site/4 HTTP/1.1" 200 447
[10/Jul/2026 21:59:59] "GET /api/v1/documents/list?site=4&doc_type=MAR&project=1 HTTP/1.1" 200 2
[10/Jul/2026 21:59:59] "GET /api/v1/documents/list?site=4&doc_type=LM&status=DEPARTED HTTP/1.1" 200 2
[10/Jul/2026 21:59:59] "GET /api/v1/documents/list?site=4&doc_type=IR&project=1 HTTP/1.1" 200 2
[10/Jul/2026 22:00:00] "GET /api/v1/documents/list?site=4&doc_type=MR HTTP/1.1" 200 7546
[10/Jul/2026 22:00:00] "GET /api/v1/documents/list?site=4&doc_type=PYR HTTP/1.1" 200 17554
[10/Jul/2026 22:00:01] "GET /api/v1/dashboards/site/4 HTTP/1.1" 200 447
[10/Jul/2026 22:00:01] "GET /api/v1/registers/dpr-tws?site=4&project=5 HTTP/1.1" 200 1437
[10/Jul/2026 22:00:01] "GET /api/v1/documents/list?site=4&doc_type=LM&status=DEPARTED HTTP/1.1" 200 2
[10/Jul/2026 22:00:01] "GET /api/v1/documents/list?site=4&doc_type=IR&project=5 HTTP/1.1" 200 2
[10/Jul/2026 22:00:01] "GET /api/v1/documents/list?site=4&doc_type=MAR&project=5 HTTP/1.1" 200 2
[10/Jul/2026 22:00:01] "GET /api/v1/documents/list?site=4&doc_type=MR HTTP/1.1" 200 7546
[10/Jul/2026 22:00:01] "GET /api/v1/documents/list?site=4&doc_type=PYR HTTP/1.1" 200 17554
[10/Jul/2026 22:00:09] "GET /api/v1/documents/PR-017 HTTP/1.1" 200 638
[10/Jul/2026 22:00:09] "GET /api/v1/pr/PR-017/quotations HTTP/1.1" 200 2
[10/Jul/2026 22:00:09] "GET /api/v1/parameters/gst_rate HTTP/1.1" 200 79
[10/Jul/2026 22:00:09] "GET /api/v1/pr/PR-017/quotations HTTP/1.1" 200 2
[10/Jul/2026 22:00:09] "GET /api/v1/pr/PR-017/coverage HTTP/1.1" 200 589
[10/Jul/2026 22:00:09] "GET /api/v1/parameters/gst_rate HTTP/1.1" 200 79
[10/Jul/2026 22:00:09] "GET /api/v1/pr/PR-017/quotations HTTP/1.1" 200 2
[10/Jul/2026 22:00:09] "GET /api/v1/pr/PR-017/quotations HTTP/1.1" 200 2
[10/Jul/2026 22:00:09] "GET /api/v1/pr/PR-017/coverage HTTP/1.1" 200 589
[10/Jul/2026 22:00:12] "GET /api/v1/suppliers HTTP/1.1" 200 449
[10/Jul/2026 22:00:12] "GET /api/v1/pr/PR-017/quotations HTTP/1.1" 200 2
[10/Jul/2026 22:00:12] "GET /api/v1/pr/PR-017/coverage HTTP/1.1" 200 589
[10/Jul/2026 22:00:12] "GET /api/v1/suppliers HTTP/1.1" 200 449
[10/Jul/2026 22:00:12] "GET /api/v1/pr/PR-017/quotations HTTP/1.1" 200 2
[10/Jul/2026 22:00:12] "GET /api/v1/pr/PR-017/coverage HTTP/1.1" 200 589
[10/Jul/2026 22:00:22] "GET /api/v1/documents/PR-017 HTTP/1.1" 200 638
[10/Jul/2026 22:00:22] "GET /api/v1/pr/PR-017/quotations HTTP/1.1" 200 2
[10/Jul/2026 22:00:22] "GET /api/v1/parameters/gst_rate HTTP/1.1" 200 79
[10/Jul/2026 22:00:22] "GET /api/v1/pr/PR-017/coverage HTTP/1.1" 200 589
[10/Jul/2026 22:00:22] "GET /api/v1/pr/PR-017/quotations HTTP/1.1" 200 2
[10/Jul/2026 22:00:22] "GET /api/v1/parameters/gst_rate HTTP/1.1" 200 79
[10/Jul/2026 22:00:23] "GET /api/v1/pr/PR-017/coverage HTTP/1.1" 200 589
[10/Jul/2026 22:00:23] "GET /api/v1/pr/PR-017/quotations HTTP/1.1" 200 2
[10/Jul/2026 22:00:23] "GET /api/v1/pr/PR-017/quotations HTTP/1.1" 200 2
[10/Jul/2026 22:00:24] "GET /api/v1/dashboards/ho HTTP/1.1" 200 136
[10/Jul/2026 22:00:24] "GET /api/v1/approvals/pending HTTP/1.1" 200 2422
[10/Jul/2026 22:00:24] "GET /api/v1/registers/mr HTTP/1.1" 200 3370
[10/Jul/2026 22:00:24] "GET /api/v1/dashboards/ho HTTP/1.1" 200 136
[10/Jul/2026 22:00:24] "GET /api/v1/registers/mr HTTP/1.1" 200 3370
[10/Jul/2026 22:00:26] "GET /api/v1/dashboards/ho HTTP/1.1" 200 136
[10/Jul/2026 22:00:27] "GET /api/v1/registers/po HTTP/1.1" 200 1569
[10/Jul/2026 22:00:38] "GET /api/v1/dashboards/ho HTTP/1.1" 200 136
[10/Jul/2026 22:00:38] "GET /api/v1/registers/pr HTTP/1.1" 200 4296
[10/Jul/2026 22:00:39] "GET /api/v1/items HTTP/1.1" 200 849
[10/Jul/2026 22:00:39] "GET /api/v1/items HTTP/1.1" 200 849
[10/Jul/2026 22:00:39] "GET /api/v1/documents/list?doc_type=MR&for_pr=1 HTTP/1.1" 200 5105
[10/Jul/2026 22:00:39] "GET /api/v1/documents/list?doc_type=MR&for_pr=1 HTTP/1.1" 200 5105
[10/Jul/2026 22:00:41] "GET /api/v1/dashboards/ho HTTP/1.1" 200 136
[10/Jul/2026 22:00:41] "GET /api/v1/registers/mr HTTP/1.1" 200 3370
[10/Jul/2026 22:00:41] "GET /api/v1/dashboards/ho HTTP/1.1" 200 136
[10/Jul/2026 22:00:41] "GET /api/v1/approvals/pending HTTP/1.1" 200 2422
[10/Jul/2026 22:00:41] "GET /api/v1/registers/mr HTTP/1.1" 200 3370
[10/Jul/2026 22:00:43] "GET /api/v1/dashboards/ho HTTP/1.1" 200 136
[10/Jul/2026 22:00:43] "GET /api/v1/registers/po HTTP/1.1" 200 1569
[10/Jul/2026 22:00:43] "GET /api/v1/projects/5 HTTP/1.1" 200 340
[10/Jul/2026 22:00:48] "GET /api/v1/registers/dpr-tws?site=4 HTTP/1.1" 200 1437
[10/Jul/2026 22:00:48] "GET /api/v1/registers/dpr-tws?site=4&project=5 HTTP/1.1" 200 1437
[10/Jul/2026 22:00:48] "GET /api/v1/sites/4/projects HTTP/1.1" 200 1280
[10/Jul/2026 22:00:48] "GET /api/v1/documents/list?site=4&doc_type=MAR&project=5 HTTP/1.1" 200 2
[10/Jul/2026 22:00:48] "GET /api/v1/documents/list?site=4&doc_type=LM&status=DEPARTED HTTP/1.1" 200 2
[10/Jul/2026 22:00:48] "GET /api/v1/documents/list?site=4&doc_type=IR&project=5 HTTP/1.1" 200 2
[10/Jul/2026 22:00:48] "GET /api/v1/dashboards/site/4 HTTP/1.1" 200 447
[10/Jul/2026 22:00:48] "GET /api/v1/documents/list?site=4&doc_type=IR HTTP/1.1" 200 2
[10/Jul/2026 22:00:48] "GET /api/v1/documents/list?site=4&doc_type=MAR HTTP/1.1" 200 2
[10/Jul/2026 22:00:49] "GET /api/v1/documents/list?site=4&doc_type=MR HTTP/1.1" 200 7546
[10/Jul/2026 22:00:49] "GET /api/v1/documents/list?site=4&doc_type=PYR HTTP/1.1" 200 17554
[10/Jul/2026 22:00:49] "GET /api/v1/documents/list?site=4&doc_type=LM&status=DEPARTED HTTP/1.1" 200 2
[10/Jul/2026 22:00:49] "GET /api/v1/dashboards/site/4 HTTP/1.1" 200 447
[10/Jul/2026 22:00:49] "GET /api/v1/documents/list?site=4&doc_type=MR HTTP/1.1" 200 7546
[10/Jul/2026 22:00:49] "GET /api/v1/documents/list?site=4&doc_type=PYR HTTP/1.1" 200 17554
[10/Jul/2026 22:00:53] "GET / HTTP/1.1" 200 433
[10/Jul/2026 22:00:54] "GET /api/v1/auth/me HTTP/1.1" 200 291
[10/Jul/2026 22:00:54] "GET /api/v1/sites HTTP/1.1" 200 588
[10/Jul/2026 22:00:55] "GET /api/v1/documents/list?site=4&doc_type=IR HTTP/1.1" 200 2
[10/Jul/2026 22:00:55] "GET /api/v1/documents/list?site=4&doc_type=LM&status=DEPARTED HTTP/1.1" 200 2
[10/Jul/2026 22:00:55] "GET /api/v1/registers/dpr-tws?site=4 HTTP/1.1" 200 1437
[10/Jul/2026 22:00:55] "GET /api/v1/sites/4/projects HTTP/1.1" 200 1280
[10/Jul/2026 22:00:55] "GET /api/v1/dashboards/site/4 HTTP/1.1" 200 447
[10/Jul/2026 22:00:55] "GET /api/v1/documents/list?site=4&doc_type=MR HTTP/1.1" 200 7546
[10/Jul/2026 22:00:55] "GET /api/v1/documents/list?site=4&doc_type=PYR HTTP/1.1" 200 17554
[10/Jul/2026 22:00:55] "GET /api/v1/documents/list?site=4&doc_type=MAR HTTP/1.1" 200 2
[10/Jul/2026 22:01:01] "GET /api/v1/items HTTP/1.1" 200 849
[10/Jul/2026 22:01:01] "GET /api/v1/items HTTP/1.1" 200 849
[10/Jul/2026 22:01:01] "GET /api/v1/documents/list?doc_type=MR&for_pr=1 HTTP/1.1" 200 5105
[10/Jul/2026 22:01:01] "GET /api/v1/documents/list?doc_type=MR&for_pr=1 HTTP/1.1" 200 5105
[10/Jul/2026 22:01:01] "GET /api/v1/dashboards/ho HTTP/1.1" 200 136
[10/Jul/2026 22:01:01] "GET /api/v1/dashboards/ho HTTP/1.1" 200 136
[10/Jul/2026 22:01:01] "GET /api/v1/approvals/pending HTTP/1.1" 200 2422
[10/Jul/2026 22:01:01] "GET /api/v1/registers/mr HTTP/1.1" 200 3370
[10/Jul/2026 22:01:02] "GET /api/v1/registers/mr HTTP/1.1" 200 3370
[10/Jul/2026 22:01:04] "GET /api/v1/dashboards/ho HTTP/1.1" 200 136
[10/Jul/2026 22:01:04] "GET /api/v1/registers/pr HTTP/1.1" 200 4296
[10/Jul/2026 22:01:07] "GET /api/v1/documents/PR-016 HTTP/1.1" 200 2316
[10/Jul/2026 22:01:07] "GET /api/v1/pr/PR-016/quotations HTTP/1.1" 200 2
[10/Jul/2026 22:01:07] "GET /api/v1/parameters/gst_rate HTTP/1.1" 200 79
[10/Jul/2026 22:01:07] "GET /api/v1/pr/PR-016/quotations HTTP/1.1" 200 2
[10/Jul/2026 22:01:07] "GET /api/v1/pr/PR-016/coverage HTTP/1.1" 200 206
[10/Jul/2026 22:01:07] "GET /api/v1/parameters/gst_rate HTTP/1.1" 200 79
[10/Jul/2026 22:01:07] "GET /api/v1/pr/PR-016/quotations HTTP/1.1" 200 2
[10/Jul/2026 22:01:07] "GET /api/v1/pr/PR-016/coverage HTTP/1.1" 200 206
[10/Jul/2026 22:01:07] "GET /api/v1/pr/PR-016/quotations HTTP/1.1" 200 2
[10/Jul/2026 22:01:26] "POST /api/v1/documents/PR-016/actions/withdraw-authorisation HTTP/1.1" 200 2484
[10/Jul/2026 22:01:26] "GET /api/v1/approvals/pending HTTP/1.1" 200 2263
[10/Jul/2026 22:01:51] "POST /api/v1/documents/PR-016/actions/submit HTTP/1.1" 200 2640
[10/Jul/2026 22:01:51] "GET /api/v1/approvals/pending HTTP/1.1" 200 2476
[10/Jul/2026 22:02:03] "POST /api/v1/documents/PR-016/actions/approve HTTP/1.1" 200 3043
[10/Jul/2026 22:02:03] "GET /api/v1/approvals/pending HTTP/1.1" 200 2430
[10/Jul/2026 22:02:27] "GET / HTTP/1.1" 200 433
[10/Jul/2026 22:02:28] "GET /static/assets/index-D3_lHPk2.css HTTP/1.1" 200 24032
[10/Jul/2026 22:02:28] "GET /static/assets/index-D_QSfw6U.js HTTP/1.1" 200 429421
[10/Jul/2026 22:02:28] "GET /static/assets/inter-latin-400-normal-C38fXH4l.woff2 HTTP/1.1" 200 23664
[10/Jul/2026 22:02:28] "GET /api/v1/auth/me HTTP/1.1" 200 23
Not Found: /favicon.ico
[10/Jul/2026 22:02:28] "GET /favicon.ico HTTP/1.1" 404 2726
[10/Jul/2026 22:02:29] "GET /static/assets/barlow-condensed-latin-700-normal-v1xN8_Wq.woff2 HTTP/1.1" 200 22444
[10/Jul/2026 22:02:29] "GET /static/assets/inter-latin-700-normal-Yt3aPRUw.woff2 HTTP/1.1" 200 24356
[10/Jul/2026 22:02:29] "GET /static/assets/inter-latin-600-normal-LgqL8muc.woff2 HTTP/1.1" 200 24452
[10/Jul/2026 22:02:33] "GET /api/v1/dashboards/ho HTTP/1.1" 200 136
[10/Jul/2026 22:02:33] "GET /api/v1/registers/mr HTTP/1.1" 200 3370
[10/Jul/2026 22:02:33] "GET /api/v1/dashboards/ho HTTP/1.1" 200 136
[10/Jul/2026 22:02:33] "GET /api/v1/approvals/pending HTTP/1.1" 200 2430
[10/Jul/2026 22:02:33] "GET /api/v1/registers/mr HTTP/1.1" 200 3370
[10/Jul/2026 22:02:43] "GET /api/v1/documents/MR-VKR-003 HTTP/1.1" 200 2928
[10/Jul/2026 22:03:00] "GET /api/v1/dashboards/ho HTTP/1.1" 200 136
[10/Jul/2026 22:03:00] "GET /api/v1/dashboards/ho HTTP/1.1" 200 136
[10/Jul/2026 22:03:00] "GET /api/v1/approvals/pending HTTP/1.1" 200 2430
[10/Jul/2026 22:03:00] "GET /api/v1/registers/mr HTTP/1.1" 200 3370
[10/Jul/2026 22:03:00] "GET /api/v1/finance/dashboard HTTP/1.1" 200 500
[10/Jul/2026 22:03:00] "GET /api/v1/registers/mr HTTP/1.1" 200 3370
[10/Jul/2026 22:03:00] "GET /api/v1/finance/dashboard HTTP/1.1" 200 500
[10/Jul/2026 22:03:11] "GET /api/v1/payment-vouchers HTTP/1.1" 200 1115
[10/Jul/2026 22:03:11] "GET /api/v1/finance/awaiting-voucher HTTP/1.1" 200 333
[10/Jul/2026 22:03:11] "GET /api/v1/payment-vouchers HTTP/1.1" 200 1115
[10/Jul/2026 22:03:11] "GET /api/v1/finance/awaiting-voucher HTTP/1.1" 200 333
Bad Request: /api/v1/auth/login
[10/Jul/2026 22:03:18] "POST /api/v1/auth/login HTTP/1.1" 400 33
Bad Request: /api/v1/auth/login
[10/Jul/2026 22:03:22] "POST /api/v1/auth/login HTTP/1.1" 400 33
[10/Jul/2026 22:03:40] "POST /api/v1/payment-vouchers HTTP/1.1" 201 1069
[10/Jul/2026 22:03:40] "GET /api/v1/finance/awaiting-voucher HTTP/1.1" 200 2
[10/Jul/2026 22:03:40] "GET /api/v1/payment-vouchers HTTP/1.1" 200 2185
[10/Jul/2026 22:03:45] "POST /api/v1/auth/login HTTP/1.1" 200 291
[10/Jul/2026 22:03:46] "GET /api/v1/sites HTTP/1.1" 200 588
[10/Jul/2026 22:03:46] "GET /api/v1/dashboards/site/4 HTTP/1.1" 200 447
[10/Jul/2026 22:03:46] "GET /api/v1/registers/dpr-tws?site=4 HTTP/1.1" 200 1437
[10/Jul/2026 22:03:46] "GET /api/v1/documents/list?site=4&doc_type=IR HTTP/1.1" 200 2
[10/Jul/2026 22:03:46] "GET /api/v1/documents/list?site=4&doc_type=LM&status=DEPARTED HTTP/1.1" 200 2
[10/Jul/2026 22:03:46] "GET /api/v1/documents/list?site=4&doc_type=MAR HTTP/1.1" 200 2
[10/Jul/2026 22:03:46] "GET /api/v1/documents/list?site=4&doc_type=MR HTTP/1.1" 200 7546
[10/Jul/2026 22:03:46] "GET /api/v1/sites/4/projects HTTP/1.1" 200 1280
[10/Jul/2026 22:03:47] "GET /api/v1/documents/list?site=4&doc_type=PYR HTTP/1.1" 200 17554
[10/Jul/2026 22:03:47] "GET /static/assets/ibm-plex-mono-latin-600-normal-BgSNZQsw.woff2 HTTP/1.1" 200 15620
[10/Jul/2026 22:03:47] "GET /static/assets/ibm-plex-mono-latin-500-normal-DSY6xOcd.woff2 HTTP/1.1" 200 14888
[10/Jul/2026 22:03:51] "GET /api/v1/payment-vouchers/PV-008/pdf HTTP/1.1" 200 108048
[10/Jul/2026 22:04:10] "POST /api/v1/payment-vouchers/PV-008/actions/submit HTTP/1.1" 200 1183
[10/Jul/2026 22:04:10] "GET /api/v1/finance/awaiting-voucher HTTP/1.1" 200 2
[10/Jul/2026 22:04:10] "GET /api/v1/payment-vouchers HTTP/1.1" 200 2299
[10/Jul/2026 22:04:23] "POST /api/v1/payment-vouchers/PV-008/actions/approve HTTP/1.1" 200 1289
[10/Jul/2026 22:04:23] "GET /api/v1/finance/awaiting-voucher HTTP/1.1" 200 2
[10/Jul/2026 22:04:23] "GET /api/v1/payment-vouchers HTTP/1.1" 200 2405
[10/Jul/2026 22:04:55] "GET /api/v1/finance/dashboard HTTP/1.1" 200 547
[10/Jul/2026 22:04:55] "GET /api/v1/finance/dashboard HTTP/1.1" 200 547
[10/Jul/2026 22:04:56] "GET /api/v1/dashboards/ho HTTP/1.1" 200 136
[10/Jul/2026 22:04:56] "GET /api/v1/dashboards/ho HTTP/1.1" 200 136
[10/Jul/2026 22:04:56] "GET /api/v1/registers/mr HTTP/1.1" 200 3370
[10/Jul/2026 22:04:57] "GET /api/v1/registers/mr HTTP/1.1" 200 3370
[10/Jul/2026 22:04:58] "GET /api/v1/dashboards/ho HTTP/1.1" 200 136
[10/Jul/2026 22:04:58] "GET /api/v1/registers/pr HTTP/1.1" 200 4296
[10/Jul/2026 22:05:00] "GET /api/v1/documents/PR-016 HTTP/1.1" 200 3221
[10/Jul/2026 22:05:00] "GET /api/v1/pr/PR-016/quotations HTTP/1.1" 200 2
[10/Jul/2026 22:05:00] "GET /api/v1/parameters/gst_rate HTTP/1.1" 200 79
[10/Jul/2026 22:05:00] "GET /api/v1/pr/PR-016/coverage HTTP/1.1" 200 206
[10/Jul/2026 22:05:00] "GET /api/v1/parameters/gst_rate HTTP/1.1" 200 79
[10/Jul/2026 22:05:00] "GET /api/v1/pr/PR-016/quotations HTTP/1.1" 200 2
[10/Jul/2026 22:05:00] "GET /api/v1/pr/PR-016/coverage HTTP/1.1" 200 206
[10/Jul/2026 22:05:00] "GET /api/v1/pr/PR-016/quotations HTTP/1.1" 200 2
[10/Jul/2026 22:05:00] "GET /api/v1/pr/PR-016/quotations HTTP/1.1" 200 2
[10/Jul/2026 22:05:09] "GET /api/v1/dashboards/ho HTTP/1.1" 200 136
[10/Jul/2026 22:05:10] "GET /api/v1/registers/mr HTTP/1.1" 200 3370
[10/Jul/2026 22:05:10] "GET /api/v1/approvals/pending HTTP/1.1" 200 2364
[10/Jul/2026 22:05:10] "GET /api/v1/dashboards/ho HTTP/1.1" 200 136
[10/Jul/2026 22:05:10] "GET /api/v1/registers/mr HTTP/1.1" 200 3370
[10/Jul/2026 22:05:19] "GET /api/v1/finance/dashboard HTTP/1.1" 200 547
[10/Jul/2026 22:05:19] "GET /api/v1/finance/dashboard HTTP/1.1" 200 547
[10/Jul/2026 22:05:20] "GET /api/v1/finance/awaiting-voucher HTTP/1.1" 200 2
[10/Jul/2026 22:05:20] "GET /api/v1/finance/awaiting-voucher HTTP/1.1" 200 2
[10/Jul/2026 22:05:20] "GET /api/v1/payment-vouchers HTTP/1.1" 200 2405
[10/Jul/2026 22:05:20] "GET /api/v1/payment-vouchers HTTP/1.1" 200 2405
[10/Jul/2026 22:05:29] "GET /api/v1/dashboards/ho HTTP/1.1" 200 136
[10/Jul/2026 22:05:29] "GET /api/v1/registers/mr HTTP/1.1" 200 3370
[10/Jul/2026 22:05:29] "GET /api/v1/dashboards/ho HTTP/1.1" 200 136
[10/Jul/2026 22:05:29] "GET /api/v1/registers/mr HTTP/1.1" 200 3370
[10/Jul/2026 22:05:33] "GET /api/v1/dashboards/ho HTTP/1.1" 200 136
[10/Jul/2026 22:05:33] "GET /api/v1/registers/pr HTTP/1.1" 200 4296
[10/Jul/2026 22:05:38] "GET /api/v1/dashboards/ho HTTP/1.1" 200 136
[10/Jul/2026 22:05:38] "GET /api/v1/registers/po HTTP/1.1" 200 1569
[10/Jul/2026 22:05:40] "GET /api/v1/documents/PO-007 HTTP/1.1" 200 1676
[10/Jul/2026 22:05:41] "GET /media/pdf/PO-007/R0-issue.pdf HTTP/1.1" 304 0
Not Found: /favicon.ico
[10/Jul/2026 22:05:41] "GET /favicon.ico HTTP/1.1" 404 2688
[10/Jul/2026 22:06:02] "GET /api/v1/dashboards/ho HTTP/1.1" 200 136
[10/Jul/2026 22:06:02] "GET /api/v1/approvals/pending HTTP/1.1" 200 2364
[10/Jul/2026 22:06:02] "GET /api/v1/dashboards/ho HTTP/1.1" 200 136
[10/Jul/2026 22:06:02] "GET /api/v1/registers/mr HTTP/1.1" 200 3370
[10/Jul/2026 22:06:02] "GET /api/v1/registers/mr HTTP/1.1" 200 3370
[10/Jul/2026 22:06:06] "GET /api/v1/dashboards/ho HTTP/1.1" 200 136
[10/Jul/2026 22:06:06] "GET /api/v1/registers/lm HTTP/1.1" 200 345
[10/Jul/2026 22:06:09] "GET /api/v1/items HTTP/1.1" 200 849
[10/Jul/2026 22:06:09] "GET /api/v1/items HTTP/1.1" 200 849
[10/Jul/2026 22:06:09] "GET /api/v1/documents/list?doc_type=MR&open=1 HTTP/1.1" 200 24230
[10/Jul/2026 22:06:10] "GET /api/v1/documents/list?doc_type=MR&open=1 HTTP/1.1" 200 24230
[10/Jul/2026 22:06:25] "GET /api/v1/documents/list?doc_type=MR&open=1&site=6 HTTP/1.1" 200 2515
[10/Jul/2026 22:06:43] "GET /api/v1/dashboards/ho HTTP/1.1" 200 136
[10/Jul/2026 22:06:43] "GET /api/v1/registers/mr HTTP/1.1" 200 3370
[10/Jul/2026 22:06:43] "GET /api/v1/approvals/pending HTTP/1.1" 200 2364
[10/Jul/2026 22:06:43] "GET /api/v1/dashboards/ho HTTP/1.1" 200 136
[10/Jul/2026 22:06:43] "GET /api/v1/registers/mr HTTP/1.1" 200 3370
[10/Jul/2026 22:06:45] "GET /api/v1/registers/lm HTTP/1.1" 200 345
[10/Jul/2026 22:06:45] "GET /api/v1/dashboards/ho HTTP/1.1" 200 136
[10/Jul/2026 22:06:46] "GET /api/v1/documents/LM-001 HTTP/1.1" 200 1672
[10/Jul/2026 22:06:47] "GET /media/pdf/LM-001/R0-departed_NUSaks9.pdf HTTP/1.1" 200 107016
Not Found: /favicon.ico
[10/Jul/2026 22:06:47] "GET /favicon.ico HTTP/1.1" 404 2688
[10/Jul/2026 22:06:54] "GET /api/v1/dashboards/ho HTTP/1.1" 200 136
[10/Jul/2026 22:06:54] "GET /api/v1/dashboards/ho HTTP/1.1" 200 136
[10/Jul/2026 22:06:54] "GET /api/v1/approvals/pending HTTP/1.1" 200 2364
[10/Jul/2026 22:06:54] "GET /api/v1/registers/mr HTTP/1.1" 200 3370
[10/Jul/2026 22:06:54] "GET /api/v1/registers/mr HTTP/1.1" 200 3370
[10/Jul/2026 22:07:06] "GET /api/v1/dashboards/ho HTTP/1.1" 200 136
[10/Jul/2026 22:07:06] "GET /api/v1/registers/pr HTTP/1.1" 200 4296
[10/Jul/2026 22:07:08] "POST /api/v1/auth/logout HTTP/1.1" 200 24
[10/Jul/2026 22:07:15] "GET /api/v1/documents/PR-017 HTTP/1.1" 200 638
[10/Jul/2026 22:07:15] "GET /api/v1/parameters/gst_rate HTTP/1.1" 200 79
[10/Jul/2026 22:07:15] "GET /api/v1/pr/PR-017/quotations HTTP/1.1" 200 2
[10/Jul/2026 22:07:15] "GET /api/v1/pr/PR-017/coverage HTTP/1.1" 200 589
[10/Jul/2026 22:07:15] "GET /api/v1/parameters/gst_rate HTTP/1.1" 200 79
[10/Jul/2026 22:07:15] "GET /api/v1/pr/PR-017/quotations HTTP/1.1" 200 2
[10/Jul/2026 22:07:15] "GET /api/v1/pr/PR-017/coverage HTTP/1.1" 200 589
[10/Jul/2026 22:07:15] "GET /api/v1/pr/PR-017/quotations HTTP/1.1" 200 2
[10/Jul/2026 22:07:15] "GET /api/v1/pr/PR-017/quotations HTTP/1.1" 200 2
Bad Request: /api/v1/auth/login
[10/Jul/2026 22:07:16] "POST /api/v1/auth/login HTTP/1.1" 400 33
[10/Jul/2026 22:07:18] "GET /api/v1/pr/PR-017/quotations HTTP/1.1" 200 2
[10/Jul/2026 22:07:18] "GET /api/v1/suppliers HTTP/1.1" 200 449
[10/Jul/2026 22:07:18] "GET /api/v1/pr/PR-017/coverage HTTP/1.1" 200 589
[10/Jul/2026 22:07:18] "GET /api/v1/pr/PR-017/quotations HTTP/1.1" 200 2
[10/Jul/2026 22:07:18] "GET /api/v1/suppliers HTTP/1.1" 200 449
[10/Jul/2026 22:07:18] "GET /api/v1/pr/PR-017/coverage HTTP/1.1" 200 589
Bad Request: /api/v1/auth/login
[10/Jul/2026 22:07:46] "POST /api/v1/auth/login HTTP/1.1" 400 33
Bad Request: /api/v1/auth/login
[10/Jul/2026 22:07:55] "POST /api/v1/auth/login HTTP/1.1" 400 33
[10/Jul/2026 22:08:19] "POST /api/v1/auth/login HTTP/1.1" 200 291
[10/Jul/2026 22:08:19] "GET /api/v1/sites HTTP/1.1" 200 588
[10/Jul/2026 22:08:20] "GET /api/v1/documents/list?site=4&doc_type=MAR HTTP/1.1" 200 2
[10/Jul/2026 22:08:20] "GET /api/v1/documents/list?site=4&doc_type=IR HTTP/1.1" 200 2
[10/Jul/2026 22:08:20] "GET /api/v1/documents/list?site=4&doc_type=LM&status=DEPARTED HTTP/1.1" 200 2
[10/Jul/2026 22:08:20] "GET /api/v1/registers/dpr-tws?site=4 HTTP/1.1" 200 1437
[10/Jul/2026 22:08:20] "GET /api/v1/sites/4/projects HTTP/1.1" 200 1280
[10/Jul/2026 22:08:20] "GET /api/v1/dashboards/site/4 HTTP/1.1" 200 447
[10/Jul/2026 22:08:20] "GET /api/v1/documents/list?site=4&doc_type=MR HTTP/1.1" 200 7546
[10/Jul/2026 22:08:20] "GET /api/v1/documents/list?site=4&doc_type=PYR HTTP/1.1" 200 17766
[10/Jul/2026 22:08:26] "GET /api/v1/documents/PR-017 HTTP/1.1" 200 638
[10/Jul/2026 22:08:26] "GET /api/v1/pr/PR-017/quotations HTTP/1.1" 200 2
[10/Jul/2026 22:08:26] "GET /api/v1/parameters/gst_rate HTTP/1.1" 200 79
[10/Jul/2026 22:08:26] "GET /api/v1/pr/PR-017/coverage HTTP/1.1" 200 589
[10/Jul/2026 22:08:26] "GET /api/v1/pr/PR-017/quotations HTTP/1.1" 200 2
[10/Jul/2026 22:08:26] "GET /api/v1/parameters/gst_rate HTTP/1.1" 200 79
[10/Jul/2026 22:08:26] "GET /api/v1/pr/PR-017/coverage HTTP/1.1" 200 589
[10/Jul/2026 22:08:26] "GET /api/v1/pr/PR-017/quotations HTTP/1.1" 200 2
[10/Jul/2026 22:08:26] "GET /api/v1/pr/PR-017/quotations HTTP/1.1" 200 2
[10/Jul/2026 22:08:28] "GET /api/v1/dashboards/ho HTTP/1.1" 200 136
[10/Jul/2026 22:08:29] "GET /api/v1/dashboards/ho HTTP/1.1" 200 136
[10/Jul/2026 22:08:29] "GET /api/v1/approvals/pending HTTP/1.1" 200 2364
[10/Jul/2026 22:08:29] "GET /api/v1/registers/mr HTTP/1.1" 200 3370
[10/Jul/2026 22:08:29] "GET /api/v1/registers/mr HTTP/1.1" 200 3370
[10/Jul/2026 22:08:30] "GET /api/v1/dashboards/ho HTTP/1.1" 200 136
[10/Jul/2026 22:08:30] "GET /api/v1/registers/pr HTTP/1.1" 200 4296
[10/Jul/2026 22:08:32] "GET /api/v1/documents/PR-004 HTTP/1.1" 200 2763
[10/Jul/2026 22:08:32] "GET /api/v1/parameters/gst_rate HTTP/1.1" 200 79
[10/Jul/2026 22:08:32] "GET /api/v1/pr/PR-004/quotations HTTP/1.1" 200 770
[10/Jul/2026 22:08:32] "GET /api/v1/parameters/gst_rate HTTP/1.1" 200 79
[10/Jul/2026 22:08:32] "GET /api/v1/pr/PR-004/coverage HTTP/1.1" 200 505
[10/Jul/2026 22:08:32] "GET /api/v1/pr/PR-004/quotations HTTP/1.1" 200 770
[10/Jul/2026 22:08:32] "GET /api/v1/pr/PR-004/coverage HTTP/1.1" 200 505
[10/Jul/2026 22:08:32] "GET /api/v1/pr/PR-004/quotations HTTP/1.1" 200 770
[10/Jul/2026 22:08:32] "GET /api/v1/pr/PR-004/quotations HTTP/1.1" 200 770
[10/Jul/2026 22:08:53] "GET /api/v1/dashboards/ho HTTP/1.1" 200 136
[10/Jul/2026 22:08:53] "GET /api/v1/approvals/pending HTTP/1.1" 200 2364
[10/Jul/2026 22:08:53] "GET /api/v1/dashboards/ho HTTP/1.1" 200 136
[10/Jul/2026 22:08:53] "GET /api/v1/registers/mr HTTP/1.1" 200 3370
[10/Jul/2026 22:08:53] "GET /api/v1/registers/mr HTTP/1.1" 200 3370
[10/Jul/2026 22:09:20] "GET /api/v1/approvals/pending HTTP/1.1" 200 2364
[10/Jul/2026 22:09:20] "GET /api/v1/approvals/pending HTTP/1.1" 200 2364
[10/Jul/2026 22:11:57] "GET / HTTP/1.1" 200 433
[10/Jul/2026 22:11:57] "GET /static/assets/index-D3_lHPk2.css HTTP/1.1" 304 0
[10/Jul/2026 22:11:57] "GET /static/assets/index-D_QSfw6U.js HTTP/1.1" 304 0
[10/Jul/2026 22:11:57] "GET /api/v1/auth/me HTTP/1.1" 200 291
Not Found: /favicon.ico
[10/Jul/2026 22:11:58] "GET /static/assets/inter-latin-400-normal-C38fXH4l.woff2 HTTP/1.1" 304 0
[10/Jul/2026 22:11:58] "GET /favicon.ico HTTP/1.1" 404 2726
[10/Jul/2026 22:11:58] "GET /static/assets/barlow-condensed-latin-700-normal-v1xN8_Wq.woff2 HTTP/1.1" 304 0
[10/Jul/2026 22:11:58] "GET /api/v1/sites HTTP/1.1" 200 588
[10/Jul/2026 22:11:58] "GET /static/assets/inter-latin-700-normal-Yt3aPRUw.woff2 HTTP/1.1" 304 0
[10/Jul/2026 22:11:58] "GET /static/assets/inter-latin-600-normal-LgqL8muc.woff2 HTTP/1.1" 304 0
[10/Jul/2026 22:11:58] "GET /api/v1/registers/dpr-tws?site=4 HTTP/1.1" 200 1437
[10/Jul/2026 22:11:58] "GET /api/v1/documents/list?site=4&doc_type=LM&status=DEPARTED HTTP/1.1" 200 2
[10/Jul/2026 22:11:58] "GET /api/v1/documents/list?site=4&doc_type=MAR HTTP/1.1" 200 2
[10/Jul/2026 22:11:58] "GET /api/v1/documents/list?site=4&doc_type=IR HTTP/1.1" 200 2
[10/Jul/2026 22:11:58] "GET /api/v1/dashboards/site/4 HTTP/1.1" 200 447
[10/Jul/2026 22:11:58] "GET /api/v1/sites/4/projects HTTP/1.1" 200 1280
[10/Jul/2026 22:11:59] "GET /api/v1/documents/list?site=4&doc_type=MR HTTP/1.1" 200 7546
[10/Jul/2026 22:11:59] "GET /api/v1/documents/list?site=4&doc_type=PYR HTTP/1.1" 200 17766
[10/Jul/2026 22:11:59] "GET /static/assets/ibm-plex-mono-latin-500-normal-DSY6xOcd.woff2 HTTP/1.1" 304 0
[10/Jul/2026 22:11:59] "GET /static/assets/ibm-plex-mono-latin-600-normal-BgSNZQsw.woff2 HTTP/1.1" 304 0
[10/Jul/2026 22:12:03] "POST /api/v1/auth/logout HTTP/1.1" 200 24
[10/Jul/2026 22:12:49] "GET /api/v1/attendance?site=4&date=2026-07-10 HTTP/1.1" 200 59
[10/Jul/2026 22:12:51] "GET /api/v1/dashboards/site/4 HTTP/1.1" 200 447
[10/Jul/2026 22:12:51] "GET /api/v1/registers/dpr-tws?site=4 HTTP/1.1" 200 1437
[10/Jul/2026 22:12:51] "GET /api/v1/documents/list?site=4&doc_type=MR HTTP/1.1" 200 7546
[10/Jul/2026 22:12:51] "GET /api/v1/documents/list?site=4&doc_type=IR HTTP/1.1" 200 2
[10/Jul/2026 22:12:51] "GET /api/v1/documents/list?site=4&doc_type=PYR HTTP/1.1" 200 17766
[10/Jul/2026 22:12:51] "GET /api/v1/documents/list?site=4&doc_type=MAR HTTP/1.1" 200 2
[10/Jul/2026 22:12:51] "GET /api/v1/documents/list?site=4&doc_type=LM&status=DEPARTED HTTP/1.1" 200 2
[10/Jul/2026 22:12:51] "GET /api/v1/sites/4/projects HTTP/1.1" 200 1280
[10/Jul/2026 22:16:38] "GET / HTTP/1.1" 200 433
[10/Jul/2026 22:16:39] "GET /static/assets/index-D3_lHPk2.css HTTP/1.1" 304 0
[10/Jul/2026 22:16:39] "GET /static/assets/index-D_QSfw6U.js HTTP/1.1" 304 0
[10/Jul/2026 22:16:40] "GET /api/v1/auth/me HTTP/1.1" 200 268
[10/Jul/2026 22:16:41] "GET /api/v1/sites HTTP/1.1" 200 588
[10/Jul/2026 22:16:41] "GET /static/assets/barlow-condensed-latin-700-normal-v1xN8_Wq.woff2 HTTP/1.1" 304 0
[10/Jul/2026 22:16:41] "GET /static/assets/inter-latin-400-normal-C38fXH4l.woff2 HTTP/1.1" 304 0
[10/Jul/2026 22:16:41] "GET /static/assets/inter-latin-700-normal-Yt3aPRUw.woff2 HTTP/1.1" 304 0
[10/Jul/2026 22:16:42] "GET /static/assets/inter-latin-600-normal-LgqL8muc.woff2 HTTP/1.1" 304 0
[10/Jul/2026 22:16:42] "GET /api/v1/documents/list?site=4&doc_type=IR HTTP/1.1" 200 2
[10/Jul/2026 22:16:42] "GET /api/v1/documents/list?site=4&doc_type=MAR HTTP/1.1" 200 2
[10/Jul/2026 22:16:42] "GET /api/v1/documents/list?site=4&doc_type=LM&status=DEPARTED HTTP/1.1" 200 2
[10/Jul/2026 22:16:42] "GET /api/v1/sites/4/projects HTTP/1.1" 200 1280
[10/Jul/2026 22:16:42] "GET /api/v1/dashboards/site/4 HTTP/1.1" 200 447
[10/Jul/2026 22:16:42] "GET /api/v1/documents/list?site=4&doc_type=MR HTTP/1.1" 200 7546
[10/Jul/2026 22:16:42] "GET /api/v1/registers/dpr-tws?site=4 HTTP/1.1" 200 1437
[10/Jul/2026 22:16:42] "GET /api/v1/documents/list?site=4&doc_type=PYR HTTP/1.1" 200 17766
[10/Jul/2026 22:16:43] "GET /static/assets/ibm-plex-mono-latin-600-normal-BgSNZQsw.woff2 HTTP/1.1" 304 0
[10/Jul/2026 22:16:44] "GET /static/assets/ibm-plex-mono-latin-500-normal-DSY6xOcd.woff2 HTTP/1.1" 304 0
[10/Jul/2026 22:17:00] "GET /api/v1/items HTTP/1.1" 200 849
[10/Jul/2026 22:17:43] "GET / HTTP/1.1" 200 433
Bad Request: /api/v1/auth/login
[10/Jul/2026 22:18:09] "POST /api/v1/auth/login HTTP/1.1" 400 33
[10/Jul/2026 22:18:24] "GET / HTTP/1.1" 200 433
[10/Jul/2026 22:18:25] "GET /api/v1/auth/me HTTP/1.1" 200 291
[10/Jul/2026 22:18:26] "GET /api/v1/sites HTTP/1.1" 200 588
[10/Jul/2026 22:18:27] "GET /api/v1/sites/4/projects HTTP/1.1" 200 1280
[10/Jul/2026 22:18:27] "GET /api/v1/documents/list?site=4&doc_type=MAR HTTP/1.1" 200 2
[10/Jul/2026 22:18:27] "GET /api/v1/documents/list?site=4&doc_type=IR HTTP/1.1" 200 2
[10/Jul/2026 22:18:27] "GET /api/v1/registers/dpr-tws?site=4 HTTP/1.1" 200 1437
[10/Jul/2026 22:18:27] "GET /api/v1/documents/list?site=4&doc_type=LM&status=DEPARTED HTTP/1.1" 200 2
[10/Jul/2026 22:18:27] "GET /api/v1/dashboards/site/4 HTTP/1.1" 200 447
[10/Jul/2026 22:18:27] "GET /api/v1/documents/list?site=4&doc_type=MR HTTP/1.1" 200 7546
[10/Jul/2026 22:18:27] "GET /api/v1/documents/list?site=4&doc_type=PYR HTTP/1.1" 200 17766
[10/Jul/2026 22:18:50] "GET /api/v1/documents/list?site=4&doc_type=MAR&project=1 HTTP/1.1" 200 2
[10/Jul/2026 22:18:50] "GET /api/v1/documents/list?site=4&doc_type=LM&status=DEPARTED HTTP/1.1" 200 2
[10/Jul/2026 22:18:50] "GET /api/v1/documents/list?site=4&doc_type=IR&project=1 HTTP/1.1" 200 2
[10/Jul/2026 22:18:50] "GET /api/v1/registers/dpr-tws?site=4&project=1 HTTP/1.1" 200 1437
[10/Jul/2026 22:18:50] "GET /api/v1/dashboards/site/4 HTTP/1.1" 200 447
[10/Jul/2026 22:18:50] "GET /api/v1/documents/list?site=4&doc_type=MR HTTP/1.1" 200 7546
[10/Jul/2026 22:18:50] "GET /api/v1/documents/list?site=4&doc_type=PYR HTTP/1.1" 200 17766
[10/Jul/2026 22:18:52] "GET /api/v1/projects/1 HTTP/1.1" 200 937
[10/Jul/2026 22:19:04] "GET /api/v1/registers/dpr-tws?site=4&project=1 HTTP/1.1" 200 1437
[10/Jul/2026 22:19:04] "GET /api/v1/documents/list?site=4&doc_type=IR&project=1 HTTP/1.1" 200 2
[10/Jul/2026 22:19:04] "GET /api/v1/documents/list?site=4&doc_type=MAR&project=1 HTTP/1.1" 200 2
[10/Jul/2026 22:19:04] "GET /api/v1/dashboards/site/4 HTTP/1.1" 200 447
[10/Jul/2026 22:19:04] "GET /api/v1/registers/dpr-tws?site=4 HTTP/1.1" 200 1437
[10/Jul/2026 22:19:04] "GET /api/v1/documents/list?site=4&doc_type=MAR HTTP/1.1" 200 2
[10/Jul/2026 22:19:04] "GET /api/v1/sites/4/projects HTTP/1.1" 200 1280
[10/Jul/2026 22:19:04] "GET /api/v1/documents/list?site=4&doc_type=LM&status=DEPARTED HTTP/1.1" 200 2
[10/Jul/2026 22:19:04] "GET /api/v1/documents/list?site=4&doc_type=MR HTTP/1.1" 200 7546
[10/Jul/2026 22:19:04] "GET /api/v1/documents/list?site=4&doc_type=IR HTTP/1.1" 200 2
[10/Jul/2026 22:19:04] "GET /api/v1/documents/list?site=4&doc_type=PYR HTTP/1.1" 200 17766
[10/Jul/2026 22:19:04] "GET /api/v1/dashboards/site/4 HTTP/1.1" 200 447
[10/Jul/2026 22:19:05] "GET /api/v1/documents/list?site=4&doc_type=LM&status=DEPARTED HTTP/1.1" 200 2
[10/Jul/2026 22:19:05] "GET /api/v1/documents/list?site=4&doc_type=MR HTTP/1.1" 200 7546
[10/Jul/2026 22:19:05] "GET /api/v1/documents/list?site=4&doc_type=PYR HTTP/1.1" 200 17766
[10/Jul/2026 22:20:04] "GET /api/v1/documents/list?site=4&doc_type=LM&status=DEPARTED HTTP/1.1" 200 2
[10/Jul/2026 22:20:04] "GET /api/v1/documents/list?site=4&doc_type=MAR HTTP/1.1" 200 2
[10/Jul/2026 22:20:04] "GET /api/v1/dashboards/site/4 HTTP/1.1" 200 447
[10/Jul/2026 22:20:04] "GET /api/v1/documents/list?site=4&doc_type=IR HTTP/1.1" 200 2
[10/Jul/2026 22:20:04] "GET /api/v1/documents/list?site=4&doc_type=LM&status=DEPARTED HTTP/1.1" 200 2
[10/Jul/2026 22:20:04] "GET /api/v1/registers/dpr-tws?site=4 HTTP/1.1" 200 1437
[10/Jul/2026 22:20:04] "GET /api/v1/documents/list?site=4&doc_type=MAR HTTP/1.1" 200 2
[10/Jul/2026 22:20:04] "GET /api/v1/documents/list?site=4&doc_type=IR HTTP/1.1" 200 2
[10/Jul/2026 22:20:04] "GET /api/v1/sites/4/projects HTTP/1.1" 200 1324
[10/Jul/2026 22:20:04] "GET /api/v1/registers/dpr-tws?site=4 HTTP/1.1" 200 1437
[10/Jul/2026 22:20:04] "GET /api/v1/dashboards/site/4 HTTP/1.1" 200 447
[10/Jul/2026 22:20:04] "GET /api/v1/documents/list?site=4&doc_type=MR HTTP/1.1" 200 7394
[10/Jul/2026 22:20:04] "GET /api/v1/documents/list?site=4&doc_type=PYR HTTP/1.1" 200 17690
[10/Jul/2026 22:20:04] "GET /api/v1/documents/list?site=4&doc_type=MR HTTP/1.1" 200 7394
[10/Jul/2026 22:20:04] "GET /api/v1/documents/list?site=4&doc_type=PYR HTTP/1.1" 200 17690
[10/Jul/2026 22:20:08] "GET /api/v1/documents/DPR-VKR-002 HTTP/1.1" 200 5781
[10/Jul/2026 22:20:08] "GET /media/attachments/DPR-VKR-002/WhatsApp_Image_2026-07-09_at_10.56.18.jpeg HTTP/1.1" 200 187980
[10/Jul/2026 22:20:08] "GET /media/attachments/DPR-VKR-002/WhatsApp_Image_2026-07-09_at_14.46.17.jpeg HTTP/1.1" 200 200263
[10/Jul/2026 22:20:08] "GET /media/attachments/DPR-VKR-002/WhatsApp_Image_2026-07-09_at_08.26.36.jpeg HTTP/1.1" 200 150385
[10/Jul/2026 22:20:09] "GET /media/attachments/DPR-VKR-002/WhatsApp_Image_2026-07-09_at_10_O14ky8w.56.18.jpeg HTTP/1.1" 200 187980
[10/Jul/2026 22:20:09] "GET /media/attachments/DPR-VKR-002/WhatsApp_Image_2026-07-09_at_16.12.40.jpeg HTTP/1.1" 200 238532
[10/Jul/2026 22:20:10] "POST /api/v1/auth/login HTTP/1.1" 200 157
[10/Jul/2026 22:20:11] "GET /api/v1/approvals/pending HTTP/1.1" 200 23
[10/Jul/2026 22:20:11] "GET /api/v1/sites HTTP/1.1" 200 7022
[10/Jul/2026 22:20:11] "GET /api/v1/approvals/pending HTTP/1.1" 200 23
[10/Jul/2026 22:20:12] "GET /media/pdf/DPR-VKR-002/R0-issue.pdf HTTP/1.1" 200 1093214
Not Found: /favicon.ico
[10/Jul/2026 22:20:12] "GET /favicon.ico HTTP/1.1" 404 2688
[10/Jul/2026 22:20:23] "GET /api/v1/documents/list?site=3&doc_type=MAR HTTP/1.1" 200 2
[10/Jul/2026 22:20:23] "GET /api/v1/documents/list?site=3&doc_type=IR HTTP/1.1" 200 2
[10/Jul/2026 22:20:23] "GET /api/v1/sites/3/projects HTTP/1.1" 200 2
[10/Jul/2026 22:20:23] "GET /api/v1/documents/list?site=3&doc_type=LM&status=DEPARTED HTTP/1.1" 200 2
[10/Jul/2026 22:20:23] "GET /api/v1/registers/dpr-tws?site=3 HTTP/1.1" 200 1419
[10/Jul/2026 22:20:23] "GET /api/v1/documents/list?site=3&doc_type=PYR HTTP/1.1" 200 2
[10/Jul/2026 22:20:23] "GET /api/v1/dashboards/site/3 HTTP/1.1" 200 383
[10/Jul/2026 22:20:23] "GET /api/v1/documents/list?site=3&doc_type=MR HTTP/1.1" 200 2
[10/Jul/2026 22:21:38] "GET / HTTP/1.1" 200 433
[10/Jul/2026 22:21:38] "GET /static/assets/index-D3_lHPk2.css HTTP/1.1" 304 0
[10/Jul/2026 22:21:39] "GET /static/assets/index-D_QSfw6U.js HTTP/1.1" 304 0
Not Found: /favicon.ico
[10/Jul/2026 22:21:39] "GET /favicon.ico HTTP/1.1" 404 2726
[10/Jul/2026 22:21:39] "GET /api/v1/auth/me HTTP/1.1" 200 253
[10/Jul/2026 22:21:40] "GET /api/v1/sites HTTP/1.1" 200 516
[10/Jul/2026 22:21:40] "GET /static/assets/inter-latin-700-normal-Yt3aPRUw.woff2 HTTP/1.1" 304 0
[10/Jul/2026 22:21:40] "GET /static/assets/inter-latin-400-normal-C38fXH4l.woff2 HTTP/1.1" 304 0
[10/Jul/2026 22:21:40] "GET /static/assets/barlow-condensed-latin-700-normal-v1xN8_Wq.woff2 HTTP/1.1" 304 0
[10/Jul/2026 22:21:40] "GET /api/v1/registers/dpr-tws?site=8 HTTP/1.1" 200 1420
[10/Jul/2026 22:21:40] "GET /static/assets/inter-latin-600-normal-LgqL8muc.woff2 HTTP/1.1" 304 0
[10/Jul/2026 22:21:40] "GET /api/v1/sites/8/projects HTTP/1.1" 200 820
[10/Jul/2026 22:21:40] "GET /api/v1/documents/list?site=8&doc_type=IR HTTP/1.1" 200 2
[10/Jul/2026 22:21:40] "GET /api/v1/documents/list?site=8&doc_type=MAR HTTP/1.1" 200 2
[10/Jul/2026 22:21:40] "GET /api/v1/documents/list?site=8&doc_type=PYR HTTP/1.1" 200 2
[10/Jul/2026 22:21:40] "GET /api/v1/dashboards/site/8 HTTP/1.1" 200 383
[10/Jul/2026 22:21:41] "GET /api/v1/documents/list?site=8&doc_type=LM&status=DEPARTED HTTP/1.1" 200 2
[10/Jul/2026 22:21:41] "GET /api/v1/documents/list?site=8&doc_type=MR HTTP/1.1" 200 2478
[10/Jul/2026 22:21:41] "GET /static/assets/ibm-plex-mono-latin-600-normal-BgSNZQsw.woff2 HTTP/1.1" 304 0
[10/Jul/2026 22:22:03] "GET /api/v1/manpower-categories HTTP/1.1" 200 2664
[10/Jul/2026 22:22:03] "GET /api/v1/projects/9/programme HTTP/1.1" 200 2
[10/Jul/2026 22:22:03] "GET /api/v1/projects/8/programme HTTP/1.1" 200 2
[10/Jul/2026 22:23:45] "POST /api/v1/auth/logout HTTP/1.1" 200 24
[10/Jul/2026 22:24:01] "POST /api/v1/auth/login HTTP/1.1" 200 286
[10/Jul/2026 22:24:02] "GET /api/v1/sites HTTP/1.1" 200 588
[10/Jul/2026 22:24:02] "GET /api/v1/registers/dpr-tws?site=4 HTTP/1.1" 200 1437
[10/Jul/2026 22:24:02] "GET /api/v1/documents/list?site=4&doc_type=IR HTTP/1.1" 200 2
[10/Jul/2026 22:24:02] "GET /api/v1/documents/list?site=4&doc_type=LM&status=DEPARTED HTTP/1.1" 200 2
[10/Jul/2026 22:24:02] "GET /api/v1/documents/list?site=4&doc_type=MAR HTTP/1.1" 200 2
[10/Jul/2026 22:24:02] "GET /api/v1/documents/list?site=4&doc_type=MR HTTP/1.1" 200 7546
[10/Jul/2026 22:24:03] "GET /api/v1/sites/4/projects HTTP/1.1" 200 1280
[10/Jul/2026 22:24:03] "GET /api/v1/documents/list?site=4&doc_type=PYR HTTP/1.1" 200 17766
[10/Jul/2026 22:24:03] "GET /api/v1/dashboards/site/4 HTTP/1.1" 200 447
[10/Jul/2026 22:24:14] "POST /api/v1/auth/logout HTTP/1.1" 200 24
[10/Jul/2026 22:24:18] "GET /api/v1/documents/list?site=4&doc_type=LM&status=DEPARTED HTTP/1.1" 200 2
[10/Jul/2026 22:24:18] "GET /api/v1/documents/list?site=4&doc_type=MAR HTTP/1.1" 200 2
[10/Jul/2026 22:24:18] "GET /api/v1/registers/dpr-tws?site=4 HTTP/1.1" 200 1437
[10/Jul/2026 22:24:18] "GET /api/v1/sites/4/projects HTTP/1.1" 200 1324
[10/Jul/2026 22:24:18] "GET /api/v1/documents/list?site=4&doc_type=LM&status=DEPARTED HTTP/1.1" 200 2
[10/Jul/2026 22:24:18] "GET /api/v1/approvals/pending HTTP/1.1" 200 2364
[10/Jul/2026 22:24:18] "GET /api/v1/documents/list?site=4&doc_type=IR HTTP/1.1" 200 2
[10/Jul/2026 22:24:18] "GET /api/v1/dashboards/site/4 HTTP/1.1" 200 447
[10/Jul/2026 22:24:18] "GET /api/v1/documents/list?site=4&doc_type=MAR HTTP/1.1" 200 2
[10/Jul/2026 22:24:18] "GET /api/v1/registers/dpr-tws?site=4 HTTP/1.1" 200 1437
[10/Jul/2026 22:24:18] "GET /api/v1/documents/list?site=4&doc_type=IR HTTP/1.1" 200 2
[10/Jul/2026 22:24:18] "GET /api/v1/dashboards/site/4 HTTP/1.1" 200 447
[10/Jul/2026 22:24:18] "GET /api/v1/documents/list?site=4&doc_type=MR HTTP/1.1" 200 7394
[10/Jul/2026 22:24:18] "GET /api/v1/documents/list?site=4&doc_type=PYR HTTP/1.1" 200 17690
[10/Jul/2026 22:24:18] "GET /api/v1/documents/list?site=4&doc_type=MR HTTP/1.1" 200 7394
[10/Jul/2026 22:24:18] "GET /api/v1/documents/list?site=4&doc_type=PYR HTTP/1.1" 200 17690
[10/Jul/2026 22:24:50] "POST /api/v1/auth/login HTTP/1.1" 200 159
[10/Jul/2026 22:24:50] "GET /api/v1/dashboards/hr HTTP/1.1" 200 1187
[10/Jul/2026 22:24:50] "GET /api/v1/sites HTTP/1.1" 200 7022
[10/Jul/2026 22:25:32] "GET /api/v1/manpower-categories HTTP/1.1" 200 2664
[10/Jul/2026 22:25:32] "GET /api/v1/employees HTTP/1.1" 200 1216
[10/Jul/2026 22:25:33] "GET /api/v1/payroll-export/2026/7 HTTP/1.1" 200 893
[10/Jul/2026 22:25:44] "GET /api/v1/staff-cost/history HTTP/1.1" 200 2
[10/Jul/2026 22:25:44] "GET /api/v1/staff-cost/current HTTP/1.1" 200 329
[10/Jul/2026 22:25:46] "GET /api/v1/payroll-export/2026/7 HTTP/1.1" 200 893
[10/Jul/2026 22:25:56] "GET /api/v1/manpower-categories HTTP/1.1" 200 2664
[10/Jul/2026 22:25:56] "GET /api/v1/employees HTTP/1.1" 200 1216
[10/Jul/2026 22:26:00] "GET /api/v1/documents/list?site=7&doc_type=PYR HTTP/1.1" 200 2
[10/Jul/2026 22:26:00] "GET /api/v1/documents/list?site=7&doc_type=IR HTTP/1.1" 200 2
[10/Jul/2026 22:26:00] "GET /api/v1/sites/7/projects HTTP/1.1" 200 2
[10/Jul/2026 22:26:00] "GET /api/v1/documents/list?site=7&doc_type=MR HTTP/1.1" 200 2494
[10/Jul/2026 22:26:00] "GET /api/v1/documents/list?site=7&doc_type=MAR HTTP/1.1" 200 2
[10/Jul/2026 22:26:00] "GET /api/v1/dashboards/site/7 HTTP/1.1" 200 383
[10/Jul/2026 22:26:00] "GET /api/v1/documents/list?site=7&doc_type=LM&status=DEPARTED HTTP/1.1" 200 2
[10/Jul/2026 22:26:00] "GET /api/v1/registers/dpr-tws?site=7 HTTP/1.1" 200 1419
[10/Jul/2026 22:26:05] "GET /api/v1/documents/DPR-VKR-003 HTTP/1.1" 200 5843
[10/Jul/2026 22:26:05] "GET /media/attachments/DPR-VKR-003/WhatsApp_Image_2026-07-10_at_18.38.28.jpeg HTTP/1.1" 304 0
[10/Jul/2026 22:26:05] "GET /media/attachments/DPR-VKR-003/WhatsApp_Image_2026-07-10_at_15.53.34.jpeg HTTP/1.1" 304 0
[10/Jul/2026 22:26:05] "GET /media/attachments/DPR-VKR-003/WhatsApp_Image_2026-07-10_at_10.17.53.jpeg HTTP/1.1" 304 0
[10/Jul/2026 22:26:05] "GET /media/attachments/DPR-VKR-003/WhatsApp_Image_2026-07-10_at_08.24.10.jpeg HTTP/1.1" 304 0
[10/Jul/2026 22:26:06] "GET /media/pdf/DPR-VKR-003/R0-issue.pdf HTTP/1.1" 304 0
Not Found: /favicon.ico
[10/Jul/2026 22:26:06] "GET /favicon.ico HTTP/1.1" 404 2688
[10/Jul/2026 22:27:19] "GET /api/v1/documents/list?site=4&doc_type=LM&status=DEPARTED HTTP/1.1" 200 2
[10/Jul/2026 22:27:19] "GET /api/v1/documents/list?site=4&doc_type=MAR HTTP/1.1" 200 2
[10/Jul/2026 22:27:19] "GET /api/v1/documents/list?site=4&doc_type=IR HTTP/1.1" 200 2
[10/Jul/2026 22:27:19] "GET /api/v1/registers/dpr-tws?site=4 HTTP/1.1" 200 1437
[10/Jul/2026 22:27:19] "GET /api/v1/documents/list?site=4&doc_type=MAR HTTP/1.1" 200 2
[10/Jul/2026 22:27:19] "GET /api/v1/documents/list?site=4&doc_type=IR HTTP/1.1" 200 2
[10/Jul/2026 22:27:19] "GET /api/v1/documents/list?site=4&doc_type=LM&status=DEPARTED HTTP/1.1" 200 2
[10/Jul/2026 22:27:19] "GET /api/v1/sites/4/projects HTTP/1.1" 200 1324
[10/Jul/2026 22:27:19] "GET /api/v1/dashboards/site/4 HTTP/1.1" 200 447
[10/Jul/2026 22:27:19] "GET /api/v1/registers/dpr-tws?site=4 HTTP/1.1" 200 1437
[10/Jul/2026 22:27:19] "GET /api/v1/approvals/pending HTTP/1.1" 200 2364
[10/Jul/2026 22:27:19] "GET /api/v1/documents/list?site=4&doc_type=MR HTTP/1.1" 200 7394
[10/Jul/2026 22:27:19] "GET /api/v1/dashboards/site/4 HTTP/1.1" 200 447
[10/Jul/2026 22:27:19] "GET /api/v1/documents/list?site=4&doc_type=PYR HTTP/1.1" 200 17690
[10/Jul/2026 22:27:19] "GET /api/v1/documents/list?site=4&doc_type=MR HTTP/1.1" 200 7394
[10/Jul/2026 22:27:20] "GET /api/v1/documents/list?site=4&doc_type=PYR HTTP/1.1" 200 17690
[10/Jul/2026 22:27:25] "GET /api/v1/documents/DPR-VKR-002 HTTP/1.1" 200 5781
[10/Jul/2026 22:27:37] "GET /api/v1/documents/list?site=4&doc_type=IR HTTP/1.1" 200 2
[10/Jul/2026 22:27:37] "GET /api/v1/documents/list?site=4&doc_type=LM&status=DEPARTED HTTP/1.1" 200 2
[10/Jul/2026 22:27:37] "GET /api/v1/documents/list?site=4&doc_type=MAR HTTP/1.1" 200 2
[10/Jul/2026 22:27:37] "GET /api/v1/registers/dpr-tws?site=4 HTTP/1.1" 200 1437
[10/Jul/2026 22:27:37] "GET /api/v1/documents/list?site=4&doc_type=LM&status=DEPARTED HTTP/1.1" 200 2
[10/Jul/2026 22:27:37] "GET /api/v1/documents/list?site=4&doc_type=MAR HTTP/1.1" 200 2
[10/Jul/2026 22:27:37] "GET /api/v1/documents/list?site=4&doc_type=IR HTTP/1.1" 200 2
[10/Jul/2026 22:27:37] "GET /api/v1/dashboards/site/4 HTTP/1.1" 200 447
[10/Jul/2026 22:27:37] "GET /api/v1/sites/4/projects HTTP/1.1" 200 1324
[10/Jul/2026 22:27:37] "GET /api/v1/registers/dpr-tws?site=4 HTTP/1.1" 200 1437
[10/Jul/2026 22:27:37] "GET /api/v1/approvals/pending HTTP/1.1" 200 2364
[10/Jul/2026 22:27:37] "GET /api/v1/dashboards/site/4 HTTP/1.1" 200 447
[10/Jul/2026 22:27:37] "GET /api/v1/documents/list?site=4&doc_type=MR HTTP/1.1" 200 7394
[10/Jul/2026 22:27:37] "GET /api/v1/documents/list?site=4&doc_type=MR HTTP/1.1" 200 7394
[10/Jul/2026 22:27:37] "GET /api/v1/documents/list?site=4&doc_type=PYR HTTP/1.1" 200 17690
[10/Jul/2026 22:27:37] "GET /api/v1/documents/list?site=4&doc_type=PYR HTTP/1.1" 200 17690
[10/Jul/2026 22:27:40] "GET /api/v1/documents/DPR-VKR-001 HTTP/1.1" 200 2530
[10/Jul/2026 22:27:40] "GET /media/attachments/DPR-VKR-001/p2.png HTTP/1.1" 304 0
[10/Jul/2026 22:27:40] "GET /media/attachments/DPR-VKR-001/p0.png HTTP/1.1" 304 0
[10/Jul/2026 22:27:40] "GET /media/attachments/DPR-VKR-001/p3.png HTTP/1.1" 304 0
[10/Jul/2026 22:27:40] "GET /media/attachments/DPR-VKR-001/p1.png HTTP/1.1" 304 0
[10/Jul/2026 22:27:53] "GET /api/v1/registers/dpr-tws?site=4 HTTP/1.1" 200 1437
[10/Jul/2026 22:27:53] "GET /api/v1/documents/list?site=4&doc_type=MAR HTTP/1.1" 200 2
[10/Jul/2026 22:27:53] "GET /api/v1/documents/list?site=4&doc_type=IR HTTP/1.1" 200 2
[10/Jul/2026 22:27:53] "GET /api/v1/documents/list?site=4&doc_type=LM&status=DEPARTED HTTP/1.1" 200 2
[10/Jul/2026 22:27:53] "GET /api/v1/documents/list?site=4&doc_type=MAR HTTP/1.1" 200 2
[10/Jul/2026 22:27:53] "GET /api/v1/documents/list?site=4&doc_type=IR HTTP/1.1" 200 2
[10/Jul/2026 22:27:53] "GET /api/v1/documents/list?site=4&doc_type=LM&status=DEPARTED HTTP/1.1" 200 2
[10/Jul/2026 22:27:53] "GET /api/v1/registers/dpr-tws?site=4 HTTP/1.1" 200 1437
[10/Jul/2026 22:27:53] "GET /api/v1/sites/4/projects HTTP/1.1" 200 1324
[10/Jul/2026 22:27:53] "GET /api/v1/dashboards/site/4 HTTP/1.1" 200 447
[10/Jul/2026 22:27:53] "GET /api/v1/approvals/pending HTTP/1.1" 200 2364
[10/Jul/2026 22:27:53] "GET /api/v1/documents/list?site=4&doc_type=MR HTTP/1.1" 200 7394
[10/Jul/2026 22:27:53] "GET /api/v1/dashboards/site/4 HTTP/1.1" 200 447
[10/Jul/2026 22:27:53] "GET /api/v1/documents/list?site=4&doc_type=MR HTTP/1.1" 200 7394
[10/Jul/2026 22:27:53] "GET /api/v1/documents/list?site=4&doc_type=PYR HTTP/1.1" 200 17690
[10/Jul/2026 22:27:54] "GET /api/v1/documents/list?site=4&doc_type=PYR HTTP/1.1" 200 17690
[10/Jul/2026 22:27:57] "GET /api/v1/documents/DPR-VKR-002 HTTP/1.1" 200 5781
Not Found: /favicon.ico
[10/Jul/2026 22:28:03] "GET /favicon.ico HTTP/1.1" 404 2688
[10/Jul/2026 22:31:48] "GET /api/v1/documents/list?site=4&doc_type=IR HTTP/1.1" 200 2
[10/Jul/2026 22:31:48] "GET /api/v1/documents/list?site=4&doc_type=MAR HTTP/1.1" 200 2
[10/Jul/2026 22:31:48] "GET /api/v1/documents/list?site=4&doc_type=LM&status=DEPARTED HTTP/1.1" 200 2
[10/Jul/2026 22:31:48] "GET /api/v1/registers/dpr-tws?site=4 HTTP/1.1" 200 1437
[10/Jul/2026 22:31:48] "GET /api/v1/documents/list?site=4&doc_type=MAR HTTP/1.1" 200 2
[10/Jul/2026 22:31:48] "GET /api/v1/documents/list?site=4&doc_type=IR HTTP/1.1" 200 2
[10/Jul/2026 22:31:48] "GET /api/v1/documents/list?site=4&doc_type=LM&status=DEPARTED HTTP/1.1" 200 2
[10/Jul/2026 22:31:48] "GET /api/v1/sites/4/projects HTTP/1.1" 200 1324
[10/Jul/2026 22:31:48] "GET /api/v1/dashboards/site/4 HTTP/1.1" 200 447
[10/Jul/2026 22:31:48] "GET /api/v1/approvals/pending HTTP/1.1" 200 2364
[10/Jul/2026 22:31:48] "GET /api/v1/registers/dpr-tws?site=4 HTTP/1.1" 200 1437
[10/Jul/2026 22:31:48] "GET /api/v1/dashboards/site/4 HTTP/1.1" 200 447
[10/Jul/2026 22:31:48] "GET /api/v1/documents/list?site=4&doc_type=MR HTTP/1.1" 200 7394
[10/Jul/2026 22:31:48] "GET /api/v1/documents/list?site=4&doc_type=PYR HTTP/1.1" 200 17690
[10/Jul/2026 22:31:48] "GET /api/v1/documents/list?site=4&doc_type=MR HTTP/1.1" 200 7394
[10/Jul/2026 22:31:49] "GET /api/v1/documents/list?site=4&doc_type=PYR HTTP/1.1" 200 17690
[10/Jul/2026 22:32:28] "GET /api/v1/registers/dpr-tws?site=1 HTTP/1.1" 200 1432
[10/Jul/2026 22:32:28] "GET /api/v1/documents/list?site=1&doc_type=LM&status=DEPARTED HTTP/1.1" 200 2
[10/Jul/2026 22:32:28] "GET /api/v1/sites/1/projects HTTP/1.1" 200 2
[10/Jul/2026 22:32:28] "GET /api/v1/documents/list?site=1&doc_type=LM&status=DEPARTED HTTP/1.1" 200 2
[10/Jul/2026 22:32:28] "GET /api/v1/dashboards/site/1 HTTP/1.1" 200 606
[10/Jul/2026 22:32:28] "GET /api/v1/registers/dpr-tws?site=1 HTTP/1.1" 200 1432
[10/Jul/2026 22:32:28] "GET /api/v1/documents/list?site=1&doc_type=MAR HTTP/1.1" 200 1976
[10/Jul/2026 22:32:28] "GET /api/v1/documents/list?site=1&doc_type=PYR HTTP/1.1" 200 1938
[10/Jul/2026 22:32:28] "GET /api/v1/documents/list?site=1&doc_type=IR HTTP/1.1" 200 2995
[10/Jul/2026 22:32:28] "GET /api/v1/dashboards/site/1 HTTP/1.1" 200 606
[10/Jul/2026 22:32:29] "GET /api/v1/documents/list?site=1&doc_type=MAR HTTP/1.1" 200 1976
[10/Jul/2026 22:32:29] "GET /api/v1/documents/list?site=1&doc_type=MR HTTP/1.1" 200 7018
[10/Jul/2026 22:32:29] "GET /api/v1/documents/list?site=1&doc_type=IR HTTP/1.1" 200 2995
[10/Jul/2026 22:32:29] "GET /api/v1/documents/list?site=1&doc_type=PYR HTTP/1.1" 200 1938
[10/Jul/2026 22:32:29] "GET /api/v1/documents/list?site=1&doc_type=MR HTTP/1.1" 200 7018
[10/Jul/2026 22:32:30] "GET /api/v1/pms HTTP/1.1" 200 99
[10/Jul/2026 22:32:58] "POST /api/v1/sites/1/projects HTTP/1.1" 201 377
[10/Jul/2026 22:32:58] "GET /api/v1/projects/10 HTTP/1.1" 200 377
[10/Jul/2026 22:32:58] "GET /api/v1/projects/10 HTTP/1.1" 200 377
[10/Jul/2026 22:33:02] "GET /api/v1/documents/list?site=1&doc_type=IR&project=10 HTTP/1.1" 200 2
[10/Jul/2026 22:33:02] "GET /api/v1/documents/list?site=1&doc_type=MAR&project=10 HTTP/1.1" 200 2
[10/Jul/2026 22:33:02] "GET /api/v1/registers/dpr-tws?site=1&project=10 HTTP/1.1" 200 1436
[10/Jul/2026 22:33:03] "GET /api/v1/documents/list?site=1&doc_type=LM&status=DEPARTED HTTP/1.1" 200 2
[10/Jul/2026 22:33:03] "GET /api/v1/documents/list?site=1&doc_type=IR&project=10 HTTP/1.1" 200 2
[10/Jul/2026 22:33:03] "GET /api/v1/documents/list?site=1&doc_type=MAR&project=10 HTTP/1.1" 200 2
[10/Jul/2026 22:33:03] "GET /api/v1/documents/list?site=1&doc_type=LM&status=DEPARTED HTTP/1.1" 200 2
[10/Jul/2026 22:33:03] "GET /api/v1/registers/dpr-tws?site=1&project=10 HTTP/1.1" 200 1436
[10/Jul/2026 22:33:03] "GET /api/v1/sites/1/projects HTTP/1.1" 200 379
[10/Jul/2026 22:33:03] "GET /api/v1/documents/list?site=1&doc_type=PYR HTTP/1.1" 200 1938
[10/Jul/2026 22:33:03] "GET /api/v1/documents/list?site=1&doc_type=LM&status=DEPARTED HTTP/1.1" 200 2
[10/Jul/2026 22:33:03] "GET /api/v1/approvals/pending HTTP/1.1" 200 2364
[10/Jul/2026 22:33:03] "GET /api/v1/dashboards/site/1 HTTP/1.1" 200 606
[10/Jul/2026 22:33:03] "GET /api/v1/documents/list?site=1&doc_type=LM&status=DEPARTED HTTP/1.1" 200 2
[10/Jul/2026 22:33:03] "GET /api/v1/registers/dpr-tws?site=1 HTTP/1.1" 200 1436
[10/Jul/2026 22:33:03] "GET /api/v1/registers/dpr-tws?site=1&project=10 HTTP/1.1" 200 1436
[10/Jul/2026 22:33:03] "GET /api/v1/documents/list?site=1&doc_type=IR HTTP/1.1" 200 2995
[10/Jul/2026 22:33:03] "GET /api/v1/documents/list?site=1&doc_type=PYR HTTP/1.1" 200 1938
[10/Jul/2026 22:33:03] "GET /api/v1/documents/list?site=1&doc_type=MAR HTTP/1.1" 200 1976
[10/Jul/2026 22:33:03] "GET /api/v1/documents/list?site=1&doc_type=IR&project=10 HTTP/1.1" 200 2
[10/Jul/2026 22:33:03] "GET /api/v1/dashboards/site/1 HTTP/1.1" 200 606
[10/Jul/2026 22:33:03] "GET /api/v1/documents/list?site=1&doc_type=MR HTTP/1.1" 200 7018
[10/Jul/2026 22:33:03] "GET /api/v1/documents/list?site=1&doc_type=MAR&project=10 HTTP/1.1" 200 2
[10/Jul/2026 22:33:03] "GET /api/v1/dashboards/site/1 HTTP/1.1" 200 606
[10/Jul/2026 22:33:03] "GET /api/v1/documents/list?site=1&doc_type=PYR HTTP/1.1" 200 1938
[10/Jul/2026 22:33:03] "GET /api/v1/documents/list?site=1&doc_type=MR HTTP/1.1" 200 7018
[10/Jul/2026 22:33:03] "GET /api/v1/dashboards/site/1 HTTP/1.1" 200 606
[10/Jul/2026 22:33:03] "GET /api/v1/documents/list?site=1&doc_type=PYR HTTP/1.1" 200 1938
[10/Jul/2026 22:33:03] "GET /api/v1/documents/list?site=1&doc_type=MR HTTP/1.1" 200 7018
[10/Jul/2026 22:33:03] "GET /api/v1/documents/list?site=1&doc_type=MR HTTP/1.1" 200 7018
[10/Jul/2026 22:33:05] "GET /api/v1/pms HTTP/1.1" 200 99
[10/Jul/2026 22:33:31] "POST /api/v1/sites/1/projects HTTP/1.1" 201 378
[10/Jul/2026 22:33:31] "GET /api/v1/projects/11 HTTP/1.1" 200 378
[10/Jul/2026 22:33:31] "GET /api/v1/projects/11 HTTP/1.1" 200 378
[10/Jul/2026 22:33:34] "GET /api/v1/documents/list?site=1&doc_type=MAR&project=11 HTTP/1.1" 200 2
[10/Jul/2026 22:33:34] "GET /api/v1/documents/list?site=1&doc_type=IR&project=11 HTTP/1.1" 200 2
[10/Jul/2026 22:33:34] "GET /api/v1/documents/list?site=1&doc_type=LM&status=DEPARTED HTTP/1.1" 200 2
[10/Jul/2026 22:33:34] "GET /api/v1/registers/dpr-tws?site=1&project=11 HTTP/1.1" 200 1436
[10/Jul/2026 22:33:34] "GET /api/v1/documents/list?site=1&doc_type=MAR&project=11 HTTP/1.1" 200 2
[10/Jul/2026 22:33:34] "GET /api/v1/documents/list?site=1&doc_type=LM&status=DEPARTED HTTP/1.1" 200 2
[10/Jul/2026 22:33:34] "GET /api/v1/documents/list?site=1&doc_type=IR&project=11 HTTP/1.1" 200 2
[10/Jul/2026 22:33:34] "GET /api/v1/dashboards/site/1 HTTP/1.1" 200 606
[10/Jul/2026 22:33:34] "GET /api/v1/sites/1/projects HTTP/1.1" 200 758
[10/Jul/2026 22:33:34] "GET /api/v1/documents/list?site=1&doc_type=LM&status=DEPARTED HTTP/1.1" 200 2
[10/Jul/2026 22:33:34] "GET /api/v1/registers/dpr-tws?site=1&project=11 HTTP/1.1" 200 1436
[10/Jul/2026 22:33:34] "GET /api/v1/documents/list?site=1&doc_type=PYR HTTP/1.1" 200 1938
[10/Jul/2026 22:33:34] "GET /api/v1/approvals/pending HTTP/1.1" 200 2364
[10/Jul/2026 22:33:34] "GET /api/v1/registers/dpr-tws?site=1 HTTP/1.1" 200 1436
[10/Jul/2026 22:33:34] "GET /api/v1/dashboards/site/1 HTTP/1.1" 200 606
[10/Jul/2026 22:33:34] "GET /api/v1/documents/list?site=1&doc_type=MR HTTP/1.1" 200 7018
[10/Jul/2026 22:33:34] "GET /api/v1/documents/list?site=1&doc_type=IR HTTP/1.1" 200 2995
[10/Jul/2026 22:33:34] "GET /api/v1/documents/list?site=1&doc_type=MAR HTTP/1.1" 200 1976
[10/Jul/2026 22:33:34] "GET /api/v1/documents/list?site=1&doc_type=PYR HTTP/1.1" 200 1938
[10/Jul/2026 22:33:34] "GET /api/v1/dashboards/site/1 HTTP/1.1" 200 606
[10/Jul/2026 22:33:34] "GET /api/v1/documents/list?site=1&doc_type=MR HTTP/1.1" 200 7018
[10/Jul/2026 22:33:34] "GET /api/v1/documents/list?site=1&doc_type=PYR HTTP/1.1" 200 1938
[10/Jul/2026 22:33:34] "GET /api/v1/documents/list?site=1&doc_type=MR HTTP/1.1" 200 7018
[10/Jul/2026 22:33:41] "GET /api/v1/pms HTTP/1.1" 200 99
[10/Jul/2026 22:34:10] "POST /api/v1/sites/1/projects HTTP/1.1" 201 375
[10/Jul/2026 22:34:10] "GET /api/v1/projects/12 HTTP/1.1" 200 375
[10/Jul/2026 22:34:10] "GET /api/v1/projects/12 HTTP/1.1" 200 375
[10/Jul/2026 22:34:13] "GET /api/v1/documents/list?site=1&doc_type=IR&project=12 HTTP/1.1" 200 2
[10/Jul/2026 22:34:13] "GET /api/v1/registers/dpr-tws?site=1&project=12 HTTP/1.1" 200 1432
[10/Jul/2026 22:34:13] "GET /api/v1/documents/list?site=1&doc_type=MAR&project=12 HTTP/1.1" 200 2
[10/Jul/2026 22:34:13] "GET /api/v1/documents/list?site=1&doc_type=IR&project=12 HTTP/1.1" 200 2
[10/Jul/2026 22:34:13] "GET /api/v1/documents/list?site=1&doc_type=LM&status=DEPARTED HTTP/1.1" 200 2
[10/Jul/2026 22:34:13] "GET /api/v1/documents/list?site=1&doc_type=MAR&project=12 HTTP/1.1" 200 2
[10/Jul/2026 22:34:13] "GET /api/v1/documents/list?site=1&doc_type=LM&status=DEPARTED HTTP/1.1" 200 2
[10/Jul/2026 22:34:13] "GET /api/v1/dashboards/site/1 HTTP/1.1" 200 606
[10/Jul/2026 22:34:13] "GET /api/v1/registers/dpr-tws?site=1&project=12 HTTP/1.1" 200 1432
[10/Jul/2026 22:34:13] "GET /api/v1/sites/1/projects HTTP/1.1" 200 1134
[10/Jul/2026 22:34:13] "GET /api/v1/documents/list?site=1&doc_type=LM&status=DEPARTED HTTP/1.1" 200 2
[10/Jul/2026 22:34:13] "GET /api/v1/documents/list?site=1&doc_type=PYR HTTP/1.1" 200 1938
[10/Jul/2026 22:34:13] "GET /api/v1/approvals/pending HTTP/1.1" 200 2364
[10/Jul/2026 22:34:13] "GET /api/v1/registers/dpr-tws?site=1 HTTP/1.1" 200 1432
[10/Jul/2026 22:34:13] "GET /api/v1/dashboards/site/1 HTTP/1.1" 200 606
[10/Jul/2026 22:34:13] "GET /api/v1/documents/list?site=1&doc_type=MR HTTP/1.1" 200 7018
[10/Jul/2026 22:34:13] "GET /api/v1/documents/list?site=1&doc_type=IR HTTP/1.1" 200 2995
[10/Jul/2026 22:34:13] "GET /api/v1/documents/list?site=1&doc_type=MAR HTTP/1.1" 200 1976
[10/Jul/2026 22:34:13] "GET /api/v1/documents/list?site=1&doc_type=PYR HTTP/1.1" 200 1938
[10/Jul/2026 22:34:13] "GET /api/v1/dashboards/site/1 HTTP/1.1" 200 606
[10/Jul/2026 22:34:13] "GET /api/v1/documents/list?site=1&doc_type=PYR HTTP/1.1" 200 1938
[10/Jul/2026 22:34:13] "GET /api/v1/documents/list?site=1&doc_type=MR HTTP/1.1" 200 7018
[10/Jul/2026 22:34:13] "GET /api/v1/documents/list?site=1&doc_type=MR HTTP/1.1" 200 7018
[10/Jul/2026 22:34:20] "GET /api/v1/documents/DPR-SJR-002 HTTP/1.1" 200 2848
[10/Jul/2026 22:34:20] "GET /media/attachments/DPR-SJR-002/Screenshot_1.png HTTP/1.1" 304 0
[10/Jul/2026 22:34:20] "GET /media/attachments/DPR-SJR-002/Screenshot_2025-12-02_151758.png HTTP/1.1" 304 0
[10/Jul/2026 22:34:20] "GET /media/attachments/DPR-SJR-002/Screenshot_2025-12-03_110333.png HTTP/1.1" 304 0
[10/Jul/2026 22:34:20] "GET /media/attachments/DPR-SJR-002/Screenshot_2025-12-06_154926.png HTTP/1.1" 304 0
[10/Jul/2026 22:34:26] "POST /api/v1/documents/DPR-SJR-002/actions/void HTTP/1.1" 200 3011
[10/Jul/2026 22:34:26] "GET /api/v1/sites/1/projects HTTP/1.1" 200 1134
[10/Jul/2026 22:34:26] "GET /api/v1/approvals/pending HTTP/1.1" 200 2364
[10/Jul/2026 22:34:27] "GET /api/v1/registers/dpr-tws?site=1 HTTP/1.1" 200 1432
[10/Jul/2026 22:34:27] "GET /api/v1/documents/list?site=1&doc_type=LM&status=DEPARTED HTTP/1.1" 200 2
[10/Jul/2026 22:34:27] "GET /api/v1/dashboards/site/1 HTTP/1.1" 200 572
[10/Jul/2026 22:34:27] "GET /api/v1/documents/list?site=1&doc_type=LM&status=DEPARTED HTTP/1.1" 200 2
[10/Jul/2026 22:34:27] "GET /api/v1/documents/list?site=1&doc_type=MAR HTTP/1.1" 200 1976
[10/Jul/2026 22:34:27] "GET /api/v1/registers/dpr-tws?site=1 HTTP/1.1" 200 1432
[10/Jul/2026 22:34:27] "GET /api/v1/sites/1/projects HTTP/1.1" 200 1134
[10/Jul/2026 22:34:27] "GET /api/v1/documents/list?site=1&doc_type=IR HTTP/1.1" 200 2995
[10/Jul/2026 22:34:27] "GET /api/v1/documents/list?site=1&doc_type=PYR HTTP/1.1" 200 1938
[10/Jul/2026 22:34:27] "GET /api/v1/approvals/pending HTTP/1.1" 200 2364
[10/Jul/2026 22:34:27] "GET /api/v1/dashboards/site/1 HTTP/1.1" 200 572
[10/Jul/2026 22:34:27] "GET /api/v1/documents/list?site=1&doc_type=MAR HTTP/1.1" 200 1976
[10/Jul/2026 22:34:28] "GET /api/v1/documents/list?site=1&doc_type=IR HTTP/1.1" 200 2995
[10/Jul/2026 22:34:28] "GET /api/v1/documents/list?site=1&doc_type=PYR HTTP/1.1" 200 1938
[10/Jul/2026 22:34:28] "GET /api/v1/documents/list?site=1&doc_type=MR HTTP/1.1" 200 7018
[10/Jul/2026 22:34:28] "GET /api/v1/documents/list?site=1&doc_type=MR HTTP/1.1" 200 7018
[10/Jul/2026 22:34:29] "GET /api/v1/projects/11/programme HTTP/1.1" 200 2
[10/Jul/2026 22:34:29] "GET /api/v1/projects/10/programme HTTP/1.1" 200 2
[10/Jul/2026 22:34:29] "GET /api/v1/projects/12/programme HTTP/1.1" 200 2
[10/Jul/2026 22:34:29] "GET /api/v1/manpower-categories HTTP/1.1" 200 2664
[10/Jul/2026 22:34:29] "GET /api/v1/projects/11/programme HTTP/1.1" 200 2
[10/Jul/2026 22:34:29] "GET /api/v1/projects/10/programme HTTP/1.1" 200 2
[10/Jul/2026 22:34:29] "GET /api/v1/manpower-categories HTTP/1.1" 200 2664
[10/Jul/2026 22:34:29] "GET /api/v1/projects/12/programme HTTP/1.1" 200 2
[10/Jul/2026 22:38:39] "POST /api/v1/documents HTTP/1.1" 201 1745
[10/Jul/2026 22:39:05] "POST /api/v1/documents/DPR-SJR-003/attachments HTTP/1.1" 201 247
[10/Jul/2026 22:39:05] "GET /api/v1/documents/DPR-SJR-003 HTTP/1.1" 200 1992
[10/Jul/2026 22:39:05] "GET /media/attachments/DPR-SJR-003/sandplanet_logo.jpg HTTP/1.1" 200 136530
[10/Jul/2026 22:39:14] "POST /api/v1/documents/DPR-SJR-003/attachments HTTP/1.1" 201 243
[10/Jul/2026 22:39:14] "GET /api/v1/documents/DPR-SJR-003 HTTP/1.1" 200 2236
[10/Jul/2026 22:39:14] "GET /media/attachments/DPR-SJR-003/SFS_VENTURES_3.jpg HTTP/1.1" 200 70973
[10/Jul/2026 22:39:21] "POST /api/v1/documents/DPR-SJR-003/attachments HTTP/1.1" 201 232
[10/Jul/2026 22:39:21] "GET /api/v1/documents/DPR-SJR-003 HTTP/1.1" 200 2469
[10/Jul/2026 22:39:21] "GET /media/attachments/DPR-SJR-003/teakwood.jpg HTTP/1.1" 200 415466
[10/Jul/2026 22:39:30] "POST /api/v1/documents/DPR-SJR-003/attachments HTTP/1.1" 201 265
[10/Jul/2026 22:39:30] "GET /api/v1/documents/DPR-SJR-003 HTTP/1.1" 200 2735
[10/Jul/2026 22:39:30] "GET /media/attachments/DPR-SJR-003/teledex-ac9205s-black-400.jpg HTTP/1.1" 200 14888
[10/Jul/2026 22:39:33] "PATCH /api/v1/documents/DPR-SJR-003 HTTP/1.1" 200 2735
[10/Jul/2026 22:39:34] "PATCH /api/v1/documents/DPR-SJR-003 HTTP/1.1" 200 2735
[10/Jul/2026 22:39:35] "POST /api/v1/documents/DPR-SJR-003/actions/issue HTTP/1.1" 200 3158
[10/Jul/2026 22:39:35] "GET /api/v1/dashboards/site/1 HTTP/1.1" 200 605
[10/Jul/2026 22:39:35] "GET /api/v1/registers/dpr-tws?site=1 HTTP/1.1" 200 1432
[10/Jul/2026 22:39:35] "GET /api/v1/documents/list?site=1&doc_type=LM&status=DEPARTED HTTP/1.1" 200 2
[10/Jul/2026 22:39:35] "GET /api/v1/documents/list?site=1&doc_type=MAR HTTP/1.1" 200 1976
[10/Jul/2026 22:39:35] "GET /api/v1/documents/list?site=1&doc_type=IR HTTP/1.1" 200 2995
[10/Jul/2026 22:39:35] "GET /api/v1/documents/list?site=1&doc_type=PYR HTTP/1.1" 200 1938
[10/Jul/2026 22:39:35] "GET /api/v1/sites/1/projects HTTP/1.1" 200 1134
[10/Jul/2026 22:39:35] "GET /api/v1/registers/dpr-tws?site=1 HTTP/1.1" 200 1432
[10/Jul/2026 22:39:35] "GET /api/v1/documents/list?site=1&doc_type=LM&status=DEPARTED HTTP/1.1" 200 2
[10/Jul/2026 22:39:35] "GET /api/v1/approvals/pending HTTP/1.1" 200 2508
[10/Jul/2026 22:39:35] "GET /api/v1/dashboards/site/1 HTTP/1.1" 200 605
[10/Jul/2026 22:39:35] "GET /api/v1/documents/list?site=1&doc_type=MR HTTP/1.1" 200 7018
[10/Jul/2026 22:39:35] "GET /api/v1/documents/list?site=1&doc_type=PYR HTTP/1.1" 200 1938
[10/Jul/2026 22:39:35] "GET /api/v1/documents/list?site=1&doc_type=IR HTTP/1.1" 200 2995
[10/Jul/2026 22:39:35] "GET /api/v1/documents/list?site=1&doc_type=MAR HTTP/1.1" 200 1976
[10/Jul/2026 22:39:35] "GET /api/v1/documents/list?site=1&doc_type=MR HTTP/1.1" 200 7018
[10/Jul/2026 22:39:39] "GET /api/v1/documents/DPR-SJR-003 HTTP/1.1" 200 3158
[10/Jul/2026 22:39:40] "GET /media/pdf/DPR-SJR-003/R0-issue.pdf HTTP/1.1" 200 676520
Not Found: /favicon.ico
[10/Jul/2026 22:39:40] "GET /favicon.ico HTTP/1.1" 404 2688
[10/Jul/2026 22:41:36] "GET /api/v1/auth/me HTTP/1.1" 200 151
[10/Jul/2026 22:41:37] "GET /api/v1/sites HTTP/1.1" 200 7022
[10/Jul/2026 22:41:37] "GET /static/assets/inter-latin-400-normal-C38fXH4l.woff2 HTTP/1.1" 304 0
[10/Jul/2026 22:41:37] "GET /static/assets/barlow-condensed-latin-700-normal-v1xN8_Wq.woff2 HTTP/1.1" 304 0
[10/Jul/2026 22:41:37] "GET /static/assets/inter-latin-600-normal-LgqL8muc.woff2 HTTP/1.1" 304 0
[10/Jul/2026 22:41:37] "GET /api/v1/approvals/pending HTTP/1.1" 200 2508
[10/Jul/2026 22:41:37] "GET /api/v1/approvals/pending HTTP/1.1" 200 2508
[10/Jul/2026 22:41:38] "GET /static/assets/ibm-plex-mono-latin-600-normal-BgSNZQsw.woff2 HTTP/1.1" 304 0
[10/Jul/2026 22:41:38] "GET /static/assets/inter-latin-700-normal-Yt3aPRUw.woff2 HTTP/1.1" 304 0
[10/Jul/2026 22:44:16] "GET /media/pdf/DPR-SJR-003/R0-issue.pdf HTTP/1.1" 304 0
Not Found: /favicon.ico
[10/Jul/2026 22:44:16] "GET /favicon.ico HTTP/1.1" 404 2688
[10/Jul/2026 22:44:29] "GET /api/v1/pms HTTP/1.1" 200 99
[10/Jul/2026 22:44:49] "GET /media/pdf/DPR-SJR-003/R0-issue.pdf HTTP/1.1" 304 0
Not Found: /favicon.ico
[10/Jul/2026 22:44:49] "GET /favicon.ico HTTP/1.1" 404 2688
[10/Jul/2026 22:45:23] "GET / HTTP/1.1" 200 433
[10/Jul/2026 22:45:24] "GET /api/v1/auth/me HTTP/1.1" 200 253
[10/Jul/2026 22:45:24] "GET /api/v1/sites HTTP/1.1" 200 516
[10/Jul/2026 22:45:25] "GET /api/v1/documents/list?site=8&doc_type=IR HTTP/1.1" 200 2
[10/Jul/2026 22:45:25] "GET /api/v1/sites/8/projects HTTP/1.1" 200 820
[10/Jul/2026 22:45:25] "GET /api/v1/documents/list?site=8&doc_type=MAR HTTP/1.1" 200 2
[10/Jul/2026 22:45:25] "GET /api/v1/registers/dpr-tws?site=8 HTTP/1.1" 200 1420
[10/Jul/2026 22:45:25] "GET /api/v1/documents/list?site=8&doc_type=PYR HTTP/1.1" 200 2
[10/Jul/2026 22:45:25] "GET /api/v1/documents/list?site=8&doc_type=MR HTTP/1.1" 200 2478
[10/Jul/2026 22:45:25] "GET /api/v1/documents/list?site=8&doc_type=LM&status=DEPARTED HTTP/1.1" 200 2
[10/Jul/2026 22:45:25] "GET /api/v1/dashboards/site/8 HTTP/1.1" 200 383
[10/Jul/2026 22:45:44] "GET / HTTP/1.1" 200 433
[10/Jul/2026 22:45:44] "GET /api/v1/auth/me HTTP/1.1" 200 253
[10/Jul/2026 22:45:44] "GET /api/v1/sites HTTP/1.1" 200 516
[10/Jul/2026 22:45:44] "GET /api/v1/dashboards/site/8 HTTP/1.1" 200 383
[10/Jul/2026 22:45:45] "GET /api/v1/documents/list?site=8&doc_type=PYR HTTP/1.1" 200 2
[10/Jul/2026 22:45:45] "GET /api/v1/registers/dpr-tws?site=8 HTTP/1.1" 200 1420
[10/Jul/2026 22:45:45] "GET /api/v1/documents/list?site=8&doc_type=MAR HTTP/1.1" 200 2
[10/Jul/2026 22:45:45] "GET /api/v1/documents/list?site=8&doc_type=IR HTTP/1.1" 200 2
[10/Jul/2026 22:45:45] "GET /api/v1/sites/8/projects HTTP/1.1" 200 820
[10/Jul/2026 22:45:45] "GET /api/v1/documents/list?site=8&doc_type=LM&status=DEPARTED HTTP/1.1" 200 2
[10/Jul/2026 22:45:45] "GET /api/v1/documents/list?site=8&doc_type=MR HTTP/1.1" 200 2478
[10/Jul/2026 22:46:16] "GET /api/v1/documents/list?site=1&doc_type=LM&status=DEPARTED HTTP/1.1" 200 2
[10/Jul/2026 22:46:16] "GET /api/v1/registers/dpr-tws?site=1 HTTP/1.1" 200 1432
[10/Jul/2026 22:46:16] "GET /api/v1/manpower-categories HTTP/1.1" 200 2664
[10/Jul/2026 22:46:16] "GET /api/v1/dashboards/site/1 HTTP/1.1" 200 605
[10/Jul/2026 22:46:16] "GET /api/v1/documents/list?site=1&doc_type=LM&status=DEPARTED HTTP/1.1" 200 2
[10/Jul/2026 22:46:16] "GET /api/v1/sites/1/projects HTTP/1.1" 200 1134
[10/Jul/2026 22:46:16] "GET /api/v1/registers/dpr-tws?site=1 HTTP/1.1" 200 1432
[10/Jul/2026 22:46:16] "GET /api/v1/documents/list?site=1&doc_type=MAR HTTP/1.1" 200 1976
[10/Jul/2026 22:46:16] "GET /api/v1/manpower-categories HTTP/1.1" 200 2664
[10/Jul/2026 22:46:16] "GET /api/v1/documents/list?site=1&doc_type=PYR HTTP/1.1" 200 1938
[10/Jul/2026 22:46:16] "GET /api/v1/approvals/pending HTTP/1.1" 200 2508
[10/Jul/2026 22:46:16] "GET /api/v1/documents/list?site=1&doc_type=IR HTTP/1.1" 200 2995
[10/Jul/2026 22:46:16] "GET /api/v1/dashboards/site/1 HTTP/1.1" 200 605
[10/Jul/2026 22:46:16] "GET /api/v1/documents/list?site=1&doc_type=MR HTTP/1.1" 200 7018
[10/Jul/2026 22:46:16] "GET /api/v1/documents/list?site=1&doc_type=MAR HTTP/1.1" 200 1976
[10/Jul/2026 22:46:16] "GET /api/v1/documents/list?site=1&doc_type=PYR HTTP/1.1" 200 1938
[10/Jul/2026 22:46:16] "GET /api/v1/documents/list?site=1&doc_type=IR HTTP/1.1" 200 2995
[10/Jul/2026 22:46:16] "GET /api/v1/documents/list?site=1&doc_type=MR HTTP/1.1" 200 7018
[10/Jul/2026 22:46:22] "GET /api/v1/documents/list?site=1&doc_type=LM&status=DEPARTED HTTP/1.1" 200 2
[10/Jul/2026 22:46:22] "GET /api/v1/registers/dpr-tws?site=1 HTTP/1.1" 200 1432
[10/Jul/2026 22:46:23] "GET /api/v1/documents/list?site=1&doc_type=LM&status=DEPARTED HTTP/1.1" 200 2
[10/Jul/2026 22:46:23] "GET /api/v1/dashboards/site/1 HTTP/1.1" 200 605
[10/Jul/2026 22:46:23] "GET /api/v1/registers/dpr-tws?site=1 HTTP/1.1" 200 1432
[10/Jul/2026 22:46:23] "GET /api/v1/sites/1/projects HTTP/1.1" 200 1134
[10/Jul/2026 22:46:23] "GET /api/v1/documents/list?site=1&doc_type=MAR HTTP/1.1" 200 1976
[10/Jul/2026 22:46:23] "GET /api/v1/documents/list?site=1&doc_type=PYR HTTP/1.1" 200 1938
[10/Jul/2026 22:46:23] "GET /api/v1/documents/list?site=1&doc_type=IR HTTP/1.1" 200 2995
[10/Jul/2026 22:46:23] "GET /api/v1/approvals/pending HTTP/1.1" 200 2508
[10/Jul/2026 22:46:23] "GET /api/v1/dashboards/site/1 HTTP/1.1" 200 605
[10/Jul/2026 22:46:23] "GET /api/v1/documents/list?site=1&doc_type=MAR HTTP/1.1" 200 1976
[10/Jul/2026 22:46:23] "GET /api/v1/documents/list?site=1&doc_type=MR HTTP/1.1" 200 7018
[10/Jul/2026 22:46:23] "GET /api/v1/documents/list?site=1&doc_type=IR HTTP/1.1" 200 2995
[10/Jul/2026 22:46:23] "GET /api/v1/documents/list?site=1&doc_type=PYR HTTP/1.1" 200 1938
[10/Jul/2026 22:46:23] "GET /api/v1/documents/list?site=1&doc_type=MR HTTP/1.1" 200 7018
[10/Jul/2026 22:46:38] "GET / HTTP/1.1" 200 433
[10/Jul/2026 22:46:39] "GET /api/v1/auth/me HTTP/1.1" 200 253
[10/Jul/2026 22:46:40] "GET /api/v1/sites HTTP/1.1" 200 516
[10/Jul/2026 22:46:40] "GET /api/v1/dashboards/site/8 HTTP/1.1" 200 383
[10/Jul/2026 22:46:40] "GET /api/v1/documents/list?site=8&doc_type=MAR HTTP/1.1" 200 2
[10/Jul/2026 22:46:40] "GET /api/v1/documents/list?site=8&doc_type=LM&status=DEPARTED HTTP/1.1" 200 2
[10/Jul/2026 22:46:40] "GET /api/v1/documents/list?site=8&doc_type=IR HTTP/1.1" 200 2
[10/Jul/2026 22:46:40] "GET /api/v1/documents/list?site=8&doc_type=PYR HTTP/1.1" 200 2
[10/Jul/2026 22:46:40] "GET /api/v1/registers/dpr-tws?site=8 HTTP/1.1" 200 1420
[10/Jul/2026 22:46:40] "GET /api/v1/sites/8/projects HTTP/1.1" 200 820
[10/Jul/2026 22:46:40] "GET /api/v1/documents/list?site=8&doc_type=MR HTTP/1.1" 200 2478
[10/Jul/2026 22:47:21] "GET /api/v1/documents/DPR-SJR-003 HTTP/1.1" 200 3158
[10/Jul/2026 22:47:22] "GET /api/v1/documents/list?site=1&doc_type=LM&status=DEPARTED HTTP/1.1" 200 2
[10/Jul/2026 22:47:23] "GET /api/v1/registers/dpr-tws?site=1 HTTP/1.1" 200 1432
[10/Jul/2026 22:47:23] "GET /api/v1/documents/list?site=1&doc_type=LM&status=DEPARTED HTTP/1.1" 200 2
[10/Jul/2026 22:47:23] "GET /api/v1/sites/1/projects HTTP/1.1" 200 1134
[10/Jul/2026 22:47:23] "GET /api/v1/documents/list?site=1&doc_type=MAR HTTP/1.1" 200 1976
[10/Jul/2026 22:47:23] "GET /api/v1/registers/dpr-tws?site=1 HTTP/1.1" 200 1432
[10/Jul/2026 22:47:23] "GET /api/v1/documents/list?site=1&doc_type=IR HTTP/1.1" 200 2995
[10/Jul/2026 22:47:23] "GET /api/v1/dashboards/site/1 HTTP/1.1" 200 605
[10/Jul/2026 22:47:23] "GET /api/v1/documents/list?site=1&doc_type=PYR HTTP/1.1" 200 1938
[10/Jul/2026 22:47:23] "GET /api/v1/approvals/pending HTTP/1.1" 200 2508
[10/Jul/2026 22:47:23] "GET /api/v1/documents/list?site=1&doc_type=MR HTTP/1.1" 200 7018
[10/Jul/2026 22:47:23] "GET /api/v1/dashboards/site/1 HTTP/1.1" 200 605
[10/Jul/2026 22:47:23] "GET /api/v1/documents/list?site=1&doc_type=IR HTTP/1.1" 200 2995
[10/Jul/2026 22:47:23] "GET /api/v1/documents/list?site=1&doc_type=MAR HTTP/1.1" 200 1976
[10/Jul/2026 22:47:23] "GET /api/v1/documents/list?site=1&doc_type=PYR HTTP/1.1" 200 1938
[10/Jul/2026 22:47:23] "GET /api/v1/documents/list?site=1&doc_type=MR HTTP/1.1" 200 7018
[10/Jul/2026 22:47:25] "GET /api/v1/documents/DPR-SJR-003 HTTP/1.1" 200 3158
[10/Jul/2026 22:47:30] "POST /api/v1/documents/DPR-SJR-003/actions/void HTTP/1.1" 200 3317
[10/Jul/2026 22:47:30] "GET /api/v1/sites/1/projects HTTP/1.1" 200 1134
[10/Jul/2026 22:47:30] "GET /api/v1/approvals/pending HTTP/1.1" 200 2364
[10/Jul/2026 22:47:31] "GET /api/v1/registers/dpr-tws?site=1 HTTP/1.1" 200 1432
[10/Jul/2026 22:47:31] "GET /api/v1/documents/list?site=1&doc_type=LM&status=DEPARTED HTTP/1.1" 200 2
[10/Jul/2026 22:47:32] "GET /api/v1/documents/list?site=1&doc_type=LM&status=DEPARTED HTTP/1.1" 200 2
[10/Jul/2026 22:47:32] "GET /api/v1/dashboards/site/1 HTTP/1.1" 200 572
[10/Jul/2026 22:47:32] "GET /api/v1/sites/1/projects HTTP/1.1" 200 1134
[10/Jul/2026 22:47:32] "GET /api/v1/registers/dpr-tws?site=1 HTTP/1.1" 200 1432
[10/Jul/2026 22:47:32] "GET /api/v1/documents/list?site=1&doc_type=IR HTTP/1.1" 200 2995
[10/Jul/2026 22:47:32] "GET /api/v1/documents/list?site=1&doc_type=MAR HTTP/1.1" 200 1976
[10/Jul/2026 22:47:32] "GET /api/v1/documents/list?site=1&doc_type=PYR HTTP/1.1" 200 1938
[10/Jul/2026 22:47:32] "GET /api/v1/dashboards/site/1 HTTP/1.1" 200 572
[10/Jul/2026 22:47:32] "GET /api/v1/approvals/pending HTTP/1.1" 200 2364
[10/Jul/2026 22:47:32] "GET /api/v1/documents/list?site=1&doc_type=MAR HTTP/1.1" 200 1976
[10/Jul/2026 22:47:32] "GET /api/v1/documents/list?site=1&doc_type=IR HTTP/1.1" 200 2995
[10/Jul/2026 22:47:32] "GET /api/v1/documents/list?site=1&doc_type=PYR HTTP/1.1" 200 1938
[10/Jul/2026 22:47:32] "GET /api/v1/documents/list?site=1&doc_type=MR HTTP/1.1" 200 7018
[10/Jul/2026 22:47:32] "GET /api/v1/documents/list?site=1&doc_type=MR HTTP/1.1" 200 7018
[10/Jul/2026 22:47:33] "GET /api/v1/manpower-categories HTTP/1.1" 200 2664
[10/Jul/2026 22:47:33] "GET /api/v1/projects/12/programme HTTP/1.1" 200 2
[10/Jul/2026 22:47:33] "GET /api/v1/projects/11/programme HTTP/1.1" 200 2
[10/Jul/2026 22:47:33] "GET /api/v1/projects/10/programme HTTP/1.1" 200 2
[10/Jul/2026 22:47:33] "GET /api/v1/manpower-categories HTTP/1.1" 200 2664
[10/Jul/2026 22:47:33] "GET /api/v1/projects/12/programme HTTP/1.1" 200 2
[10/Jul/2026 22:47:33] "GET /api/v1/projects/11/programme HTTP/1.1" 200 2
[10/Jul/2026 22:47:33] "GET /api/v1/projects/10/programme HTTP/1.1" 200 2
[10/Jul/2026 22:48:14] "GET /api/v1/registers/dpr-tws?site=1 HTTP/1.1" 200 1432
[10/Jul/2026 22:48:15] "GET /api/v1/documents/list?site=1&doc_type=LM&status=DEPARTED HTTP/1.1" 200 2
[10/Jul/2026 22:48:15] "GET /api/v1/dashboards/site/1 HTTP/1.1" 200 572
[10/Jul/2026 22:48:15] "GET /api/v1/documents/list?site=1&doc_type=LM&status=DEPARTED HTTP/1.1" 200 2
[10/Jul/2026 22:48:15] "GET /api/v1/registers/dpr-tws?site=1 HTTP/1.1" 200 1432
[10/Jul/2026 22:48:15] "GET /api/v1/documents/list?site=1&doc_type=MAR HTTP/1.1" 200 1976
[10/Jul/2026 22:48:15] "GET /api/v1/documents/list?site=1&doc_type=IR HTTP/1.1" 200 2995
[10/Jul/2026 22:48:15] "GET /api/v1/documents/list?site=1&doc_type=PYR HTTP/1.1" 200 1938
[10/Jul/2026 22:48:15] "GET /api/v1/sites/1/projects HTTP/1.1" 200 1134
[10/Jul/2026 22:48:15] "GET /api/v1/approvals/pending HTTP/1.1" 200 2364
[10/Jul/2026 22:48:15] "GET /api/v1/dashboards/site/1 HTTP/1.1" 200 572
[10/Jul/2026 22:48:15] "GET /api/v1/documents/list?site=1&doc_type=MR HTTP/1.1" 200 7018
[10/Jul/2026 22:48:15] "GET /api/v1/documents/list?site=1&doc_type=IR HTTP/1.1" 200 2995
[10/Jul/2026 22:48:15] "GET /api/v1/documents/list?site=1&doc_type=PYR HTTP/1.1" 200 1938
[10/Jul/2026 22:48:15] "GET /api/v1/documents/list?site=1&doc_type=MAR HTTP/1.1" 200 1976
[10/Jul/2026 22:48:15] "GET /api/v1/documents/list?site=1&doc_type=MR HTTP/1.1" 200 7018
[10/Jul/2026 22:48:24] "GET / HTTP/1.1" 200 433
[10/Jul/2026 22:48:25] "GET /api/v1/auth/me HTTP/1.1" 200 253
[10/Jul/2026 22:48:26] "GET /api/v1/sites HTTP/1.1" 200 516
[10/Jul/2026 22:48:27] "GET /api/v1/dashboards/site/8 HTTP/1.1" 200 383
[10/Jul/2026 22:48:27] "GET /api/v1/documents/list?site=8&doc_type=PYR HTTP/1.1" 200 2
[10/Jul/2026 22:48:27] "GET /api/v1/documents/list?site=8&doc_type=IR HTTP/1.1" 200 2
[10/Jul/2026 22:48:27] "GET /api/v1/documents/list?site=8&doc_type=MAR HTTP/1.1" 200 2
[10/Jul/2026 22:48:27] "GET /api/v1/registers/dpr-tws?site=8 HTTP/1.1" 200 1420
[10/Jul/2026 22:48:27] "GET /api/v1/documents/list?site=8&doc_type=MR HTTP/1.1" 200 2478
[10/Jul/2026 22:48:27] "GET /api/v1/documents/list?site=8&doc_type=LM&status=DEPARTED HTTP/1.1" 200 2
[10/Jul/2026 22:48:27] "GET /api/v1/sites/8/projects HTTP/1.1" 200 820
[10/Jul/2026 22:48:58] "GET /api/v1/manpower-categories HTTP/1.1" 200 2664
[10/Jul/2026 22:48:59] "GET /api/v1/documents/list?site=8&doc_type=DMA HTTP/1.1" 200 2
[10/Jul/2026 22:48:59] "GET /api/v1/sites/8/manpower HTTP/1.1" 200 132
[10/Jul/2026 22:49:07] "GET / HTTP/1.1" 200 433
[10/Jul/2026 22:49:07] "GET /api/v1/auth/me HTTP/1.1" 200 253
[10/Jul/2026 22:49:07] "GET /api/v1/sites HTTP/1.1" 200 516
[10/Jul/2026 22:49:08] "GET /api/v1/documents/list?site=8&doc_type=LM&status=DEPARTED HTTP/1.1" 200 2
[10/Jul/2026 22:49:08] "GET /api/v1/documents/list?site=8&doc_type=MAR HTTP/1.1" 200 2
[10/Jul/2026 22:49:08] "GET /api/v1/dashboards/site/8 HTTP/1.1" 200 383
[10/Jul/2026 22:49:08] "GET /api/v1/documents/list?site=8&doc_type=MR HTTP/1.1" 200 2478
[10/Jul/2026 22:49:08] "GET /api/v1/sites/8/projects HTTP/1.1" 200 820
[10/Jul/2026 22:49:08] "GET /api/v1/documents/list?site=8&doc_type=PYR HTTP/1.1" 200 2
[10/Jul/2026 22:49:08] "GET /api/v1/documents/list?site=8&doc_type=IR HTTP/1.1" 200 2
[10/Jul/2026 22:49:08] "GET /api/v1/registers/dpr-tws?site=8 HTTP/1.1" 200 1420
[10/Jul/2026 22:49:33] "GET /api/v1/attendance?site=8&date=2026-07-10 HTTP/1.1" 200 59
[10/Jul/2026 22:49:37] "GET / HTTP/1.1" 200 433
[10/Jul/2026 22:49:38] "GET /api/v1/auth/me HTTP/1.1" 200 253
[10/Jul/2026 22:49:38] "GET /api/v1/sites HTTP/1.1" 200 516
[10/Jul/2026 22:49:39] "GET /api/v1/dashboards/site/8 HTTP/1.1" 200 383
[10/Jul/2026 22:49:39] "GET /api/v1/documents/list?site=8&doc_type=IR HTTP/1.1" 200 2
[10/Jul/2026 22:49:39] "GET /api/v1/registers/dpr-tws?site=8 HTTP/1.1" 200 1420
[10/Jul/2026 22:49:39] "GET /api/v1/documents/list?site=8&doc_type=PYR HTTP/1.1" 200 2
[10/Jul/2026 22:49:39] "GET /api/v1/documents/list?site=8&doc_type=MAR HTTP/1.1" 200 2
[10/Jul/2026 22:49:39] "GET /api/v1/documents/list?site=8&doc_type=LM&status=DEPARTED HTTP/1.1" 200 2
[10/Jul/2026 22:49:39] "GET /api/v1/sites/8/projects HTTP/1.1" 200 820
[10/Jul/2026 22:49:39] "GET /api/v1/documents/list?site=8&doc_type=MR HTTP/1.1" 200 2478
[10/Jul/2026 22:52:38] "GET /api/v1/documents/DPR-SJR-001 HTTP/1.1" 200 2530
[10/Jul/2026 22:52:38] "GET /media/attachments/DPR-SJR-001/photo1.png HTTP/1.1" 304 0
[10/Jul/2026 22:52:38] "GET /media/attachments/DPR-SJR-001/photo3.png HTTP/1.1" 304 0
[10/Jul/2026 22:52:38] "GET /media/attachments/DPR-SJR-001/photo4.png HTTP/1.1" 304 0
[10/Jul/2026 22:52:38] "GET /media/attachments/DPR-SJR-001/photo2.png HTTP/1.1" 304 0
[10/Jul/2026 22:52:38] "GET /api/v1/manpower-categories HTTP/1.1" 200 2664
[10/Jul/2026 22:52:38] "GET /api/v1/manpower-categories HTTP/1.1" 200 2664
[10/Jul/2026 22:52:45] "GET /media/pdf/DPR-SJR-001/R0-verified.pdf HTTP/1.1" 200 133376
Not Found: /favicon.ico
[10/Jul/2026 22:52:45] "GET /favicon.ico HTTP/1.1" 404 2688
[10/Jul/2026 22:52:55] "GET /api/v1/documents/list?site=4&doc_type=IR HTTP/1.1" 200 2
[10/Jul/2026 22:52:55] "GET /api/v1/documents/list?site=4&doc_type=MAR HTTP/1.1" 200 2
[10/Jul/2026 22:52:55] "GET /api/v1/documents/list?site=4&doc_type=LM&status=DEPARTED HTTP/1.1" 200 2
[10/Jul/2026 22:52:55] "GET /api/v1/registers/dpr-tws?site=4 HTTP/1.1" 200 1437
[10/Jul/2026 22:52:55] "GET /api/v1/sites/4/projects HTTP/1.1" 200 1324
[10/Jul/2026 22:52:55] "GET /api/v1/documents/list?site=4&doc_type=MAR HTTP/1.1" 200 2
[10/Jul/2026 22:52:55] "GET /api/v1/documents/list?site=4&doc_type=IR HTTP/1.1" 200 2
[10/Jul/2026 22:52:55] "GET /api/v1/dashboards/site/4 HTTP/1.1" 200 447
[10/Jul/2026 22:52:55] "GET /api/v1/documents/list?site=4&doc_type=LM&status=DEPARTED HTTP/1.1" 200 2
[10/Jul/2026 22:52:55] "GET /api/v1/registers/dpr-tws?site=4 HTTP/1.1" 200 1437
[10/Jul/2026 22:52:55] "GET /api/v1/dashboards/site/4 HTTP/1.1" 200 447
[10/Jul/2026 22:52:55] "GET /api/v1/documents/list?site=4&doc_type=MR HTTP/1.1" 200 7394
[10/Jul/2026 22:52:55] "GET /api/v1/documents/list?site=4&doc_type=PYR HTTP/1.1" 200 17690
[10/Jul/2026 22:52:55] "GET /api/v1/documents/list?site=4&doc_type=MR HTTP/1.1" 200 7394
[10/Jul/2026 22:52:55] "GET /api/v1/documents/list?site=4&doc_type=PYR HTTP/1.1" 200 17690
[10/Jul/2026 22:52:57] "GET /api/v1/documents/DPR-VKR-003 HTTP/1.1" 200 5843
[10/Jul/2026 22:52:57] "GET /media/attachments/DPR-VKR-003/WhatsApp_Image_2026-07-10_at_18.38.28.jpeg HTTP/1.1" 304 0
[10/Jul/2026 22:52:57] "GET /media/attachments/DPR-VKR-003/WhatsApp_Image_2026-07-10_at_08.24.10.jpeg HTTP/1.1" 304 0
[10/Jul/2026 22:52:57] "GET /media/attachments/DPR-VKR-003/WhatsApp_Image_2026-07-10_at_10.17.53.jpeg HTTP/1.1" 304 0
[10/Jul/2026 22:52:57] "GET /media/attachments/DPR-VKR-003/WhatsApp_Image_2026-07-10_at_15.53.34.jpeg HTTP/1.1" 304 0
[10/Jul/2026 22:52:57] "GET /api/v1/manpower-categories HTTP/1.1" 200 2664
[10/Jul/2026 22:52:57] "GET /api/v1/manpower-categories HTTP/1.1" 200 2664
Not Found: /favicon.ico
[10/Jul/2026 22:53:06] "GET /favicon.ico HTTP/1.1" 404 2688
[10/Jul/2026 22:53:06] "GET /media/pdf/DPR-VKR-003/R0-issue.pdf HTTP/1.1" 200 806375
[10/Jul/2026 23:21:26] "GET / HTTP/1.1" 200 433
[10/Jul/2026 23:21:26] "GET /static/assets/index-D3_lHPk2.css HTTP/1.1" 200 24032
[10/Jul/2026 23:21:26] "GET /static/assets/index-D_QSfw6U.js HTTP/1.1" 404 1924
[10/Jul/2026 23:21:51] "GET / HTTP/1.1" 200 433
[10/Jul/2026 23:21:51] "GET /static/assets/index-D_QSfw6U.js HTTP/1.1" 404 1924
[10/Jul/2026 23:21:58] "GET / HTTP/1.1" 200 433
[10/Jul/2026 23:21:59] "GET /static/assets/index-D_QSfw6U.js HTTP/1.1" 404 1924
[10/Jul/2026 23:25:55] "GET / HTTP/1.1" 200 433
Not Found: /favicon.ico
[10/Jul/2026 23:25:56] "GET /favicon.ico HTTP/1.1" 404 2726
[10/Jul/2026 23:25:56] "GET /api/v1/auth/me HTTP/1.1" 200 253
[10/Jul/2026 23:25:56] "GET /api/v1/sites HTTP/1.1" 200 516
[10/Jul/2026 23:25:57] "GET /api/v1/registers/dpr-tws?site=8 HTTP/1.1" 200 1420
[10/Jul/2026 23:25:57] "GET /api/v1/documents/list?site=8&doc_type=IR HTTP/1.1" 200 2
[10/Jul/2026 23:25:57] "GET /api/v1/documents/list?site=8&doc_type=LM&status=DEPARTED HTTP/1.1" 200 2
[10/Jul/2026 23:25:57] "GET /api/v1/documents/list?site=8&doc_type=PYR HTTP/1.1" 200 2
[10/Jul/2026 23:25:57] "GET /api/v1/documents/list?site=8&doc_type=MR HTTP/1.1" 200 2478
[10/Jul/2026 23:25:57] "GET /api/v1/dashboards/site/8 HTTP/1.1" 200 383
[10/Jul/2026 23:25:57] "GET /api/v1/documents/list?site=8&doc_type=MAR HTTP/1.1" 200 2
[10/Jul/2026 23:25:57] "GET /api/v1/sites/8/projects HTTP/1.1" 200 820
[10/Jul/2026 23:26:01] "GET /api/v1/manpower-categories HTTP/1.1" 200 2664
[10/Jul/2026 23:31:46] "POST /api/v1/documents HTTP/1.1" 201 867
[10/Jul/2026 23:31:46] "GET /api/v1/sites/8/projects HTTP/1.1" 200 820
[10/Jul/2026 23:32:21] "POST /api/v1/documents/TWS-MXR-001/actions/issue HTTP/1.1" 200 1320
[10/Jul/2026 23:32:22] "GET /api/v1/sites/8/projects HTTP/1.1" 200 820
[10/Jul/2026 23:33:13] "GET / HTTP/1.1" 200 433
Not Found: /favicon.ico
[10/Jul/2026 23:33:14] "GET /favicon.ico HTTP/1.1" 404 2726
[10/Jul/2026 23:33:14] "GET /api/v1/auth/me HTTP/1.1" 200 253
[10/Jul/2026 23:33:15] "GET /api/v1/sites HTTP/1.1" 200 516
[10/Jul/2026 23:33:15] "GET /api/v1/documents/list?site=8&doc_type=PYR HTTP/1.1" 200 2
[10/Jul/2026 23:33:15] "GET /api/v1/dashboards/site/8 HTTP/1.1" 200 383
[10/Jul/2026 23:33:15] "GET /api/v1/documents/list?site=8&doc_type=IR HTTP/1.1" 200 2
[10/Jul/2026 23:33:15] "GET /api/v1/documents/list?site=8&doc_type=LM&status=DEPARTED HTTP/1.1" 200 2
[10/Jul/2026 23:33:15] "GET /api/v1/documents/list?site=8&doc_type=MR HTTP/1.1" 200 2478
[10/Jul/2026 23:33:15] "GET /api/v1/sites/8/projects HTTP/1.1" 200 820
[10/Jul/2026 23:33:15] "GET /api/v1/registers/dpr-tws?site=8 HTTP/1.1" 200 1420
[10/Jul/2026 23:33:15] "GET /api/v1/documents/list?site=8&doc_type=MAR HTTP/1.1" 200 2
[10/Jul/2026 23:34:08] "GET /api/v1/documents/list?site=8&doc_type=PYR HTTP/1.1" 200 2
[10/Jul/2026 23:34:08] "GET /api/v1/documents/list?site=8&doc_type=IR&project=8 HTTP/1.1" 200 2
[10/Jul/2026 23:34:08] "GET /api/v1/documents/list?site=8&doc_type=LM&status=DEPARTED HTTP/1.1" 200 2
[10/Jul/2026 23:34:08] "GET /api/v1/documents/list?site=8&doc_type=MAR&project=8 HTTP/1.1" 200 2
[10/Jul/2026 23:34:08] "GET /api/v1/registers/dpr-tws?site=8&project=8 HTTP/1.1" 200 1420
[10/Jul/2026 23:34:08] "GET /api/v1/dashboards/site/8 HTTP/1.1" 200 383
[10/Jul/2026 23:34:08] "GET /api/v1/documents/list?site=8&doc_type=MR HTTP/1.1" 200 2478
[10/Jul/2026 23:34:18] "GET /api/v1/documents/DPR-MXR-001 HTTP/1.1" 200 2883
[10/Jul/2026 23:34:18] "GET /media/attachments/DPR-MXR-001/1000178863.jpg HTTP/1.1" 304 0
[10/Jul/2026 23:34:18] "GET /media/attachments/DPR-MXR-001/1000178860.jpg HTTP/1.1" 304 0
[10/Jul/2026 23:34:18] "GET /media/attachments/DPR-MXR-001/1000177648_0vw4J8x.jpg HTTP/1.1" 304 0
[10/Jul/2026 23:34:18] "GET /media/attachments/DPR-MXR-001/1000177648.jpg HTTP/1.1" 304 0
[10/Jul/2026 23:34:18] "GET /media/attachments/DPR-MXR-001/1000178850.jpg HTTP/1.1" 304 0
[10/Jul/2026 23:34:20] "GET / HTTP/1.1" 200 433
[10/Jul/2026 23:34:21] "GET /api/v1/auth/me HTTP/1.1" 200 253
[10/Jul/2026 23:34:22] "GET /api/v1/sites HTTP/1.1" 200 516
[10/Jul/2026 23:34:23] "GET / HTTP/1.1" 200 433
[10/Jul/2026 23:34:23] "GET /api/v1/auth/me HTTP/1.1" 200 253
[10/Jul/2026 23:34:24] "GET /api/v1/sites HTTP/1.1" 200 516
[10/Jul/2026 23:34:24] "GET /api/v1/documents/list?site=8&doc_type=LM&status=DEPARTED HTTP/1.1" 200 2
[10/Jul/2026 23:34:24] "GET /api/v1/documents/list?site=8&doc_type=IR HTTP/1.1" 200 2
[10/Jul/2026 23:34:24] "GET /api/v1/documents/list?site=8&doc_type=MAR HTTP/1.1" 200 2
[10/Jul/2026 23:34:24] "GET /api/v1/documents/list?site=8&doc_type=PYR HTTP/1.1" 200 2
[10/Jul/2026 23:34:24] "GET /api/v1/registers/dpr-tws?site=8 HTTP/1.1" 200 1420
[10/Jul/2026 23:34:24] "GET /api/v1/dashboards/site/8 HTTP/1.1" 200 383
[10/Jul/2026 23:34:24] "GET /api/v1/sites/8/projects HTTP/1.1" 200 820
[10/Jul/2026 23:34:24] "GET /api/v1/documents/list?site=8&doc_type=MR HTTP/1.1" 200 2478
[10/Jul/2026 23:34:31] "GET /api/v1/documents/DPR-MXR-001 HTTP/1.1" 200 2883
[10/Jul/2026 23:34:37] "GET / HTTP/1.1" 200 433
[10/Jul/2026 23:34:37] "GET /api/v1/auth/me HTTP/1.1" 200 253
[10/Jul/2026 23:34:37] "GET /api/v1/sites HTTP/1.1" 200 516
[10/Jul/2026 23:34:38] "GET /api/v1/documents/list?site=8&doc_type=IR HTTP/1.1" 200 2
[10/Jul/2026 23:34:38] "GET /api/v1/documents/list?site=8&doc_type=PYR HTTP/1.1" 200 2
[10/Jul/2026 23:34:38] "GET /api/v1/documents/list?site=8&doc_type=LM&status=DEPARTED HTTP/1.1" 200 2
[10/Jul/2026 23:34:38] "GET /api/v1/documents/list?site=8&doc_type=MAR HTTP/1.1" 200 2
[10/Jul/2026 23:34:38] "GET /api/v1/dashboards/site/8 HTTP/1.1" 200 383
[10/Jul/2026 23:34:38] "GET /api/v1/sites/8/projects HTTP/1.1" 200 820
[10/Jul/2026 23:34:38] "GET /api/v1/registers/dpr-tws?site=8 HTTP/1.1" 200 1420
[10/Jul/2026 23:34:38] "GET /api/v1/documents/list?site=8&doc_type=MR HTTP/1.1" 200 2478
[10/Jul/2026 23:34:40] "GET /api/v1/manpower-categories HTTP/1.1" 200 2664
[10/Jul/2026 23:34:47] "GET / HTTP/1.1" 200 433
[10/Jul/2026 23:34:47] "GET /api/v1/auth/me HTTP/1.1" 200 253
[10/Jul/2026 23:34:47] "GET /api/v1/sites HTTP/1.1" 200 516
[10/Jul/2026 23:34:48] "GET /api/v1/documents/list?site=8&doc_type=IR HTTP/1.1" 200 2
[10/Jul/2026 23:34:48] "GET /api/v1/documents/list?site=8&doc_type=PYR HTTP/1.1" 200 2
[10/Jul/2026 23:34:48] "GET /api/v1/documents/list?site=8&doc_type=LM&status=DEPARTED HTTP/1.1" 200 2
[10/Jul/2026 23:34:48] "GET /api/v1/documents/list?site=8&doc_type=MAR HTTP/1.1" 200 2
[10/Jul/2026 23:34:48] "GET /api/v1/registers/dpr-tws?site=8 HTTP/1.1" 200 1420
[10/Jul/2026 23:34:48] "GET /api/v1/sites/8/projects HTTP/1.1" 200 820
[10/Jul/2026 23:34:48] "GET /api/v1/dashboards/site/8 HTTP/1.1" 200 383
[10/Jul/2026 23:34:48] "GET /api/v1/documents/list?site=8&doc_type=MR HTTP/1.1" 200 2478
[10/Jul/2026 23:35:03] "GET /api/v1/documents/list?site=8&doc_type=PYR HTTP/1.1" 200 2
[10/Jul/2026 23:35:19] "GET /api/v1/cost-heads HTTP/1.1" 200 384
[10/Jul/2026 23:35:19] "GET /static/assets/ibm-plex-mono-latin-500-normal-DSY6xOcd.woff2 HTTP/1.1" 200 14888
[10/Jul/2026 23:44:08] "POST /api/v1/documents HTTP/1.1" 201 1078
[10/Jul/2026 23:44:21] "POST /api/v1/documents HTTP/1.1" 201 1078
[10/Jul/2026 23:44:37] "POST /api/v1/documents HTTP/1.1" 201 1078
[10/Jul/2026 23:44:55] "POST /api/v1/documents HTTP/1.1" 201 1078
[10/Jul/2026 23:45:05] "POST /api/v1/documents HTTP/1.1" 201 1078
[10/Jul/2026 23:45:21] "POST /api/v1/documents HTTP/1.1" 201 1078
[10/Jul/2026 23:45:37] "POST /api/v1/documents HTTP/1.1" 201 1078
[10/Jul/2026 23:45:59] "POST /api/v1/documents HTTP/1.1" 201 1078
[10/Jul/2026 23:46:02] "GET / HTTP/1.1" 200 433
[10/Jul/2026 23:46:03] "GET /api/v1/auth/me HTTP/1.1" 200 253
[10/Jul/2026 23:46:03] "GET /api/v1/sites HTTP/1.1" 200 516
[10/Jul/2026 23:46:04] "GET /api/v1/dashboards/site/8 HTTP/1.1" 200 383
[10/Jul/2026 23:46:04] "GET /api/v1/registers/dpr-tws?site=8 HTTP/1.1" 200 1420
[10/Jul/2026 23:46:04] "GET /api/v1/documents/list?site=8&doc_type=IR HTTP/1.1" 200 2
[10/Jul/2026 23:46:04] "GET /api/v1/documents/list?site=8&doc_type=MR HTTP/1.1" 200 2478
[10/Jul/2026 23:46:04] "GET /api/v1/documents/list?site=8&doc_type=MAR HTTP/1.1" 200 2
[10/Jul/2026 23:46:04] "GET /api/v1/documents/list?site=8&doc_type=LM&status=DEPARTED HTTP/1.1" 200 2
[10/Jul/2026 23:46:04] "GET /api/v1/sites/8/projects HTTP/1.1" 200 820
[10/Jul/2026 23:46:04] "GET /api/v1/documents/list?site=8&doc_type=PYR HTTP/1.1" 200 8633
[10/Jul/2026 23:46:07] "GET /api/v1/manpower-categories HTTP/1.1" 200 2664
Bad Request: /api/v1/documents
[10/Jul/2026 23:50:01] "POST /api/v1/documents HTTP/1.1" 400 55
[10/Jul/2026 23:50:41] "GET / HTTP/1.1" 200 433
Not Found: /favicon.ico
[10/Jul/2026 23:50:42] "GET /api/v1/auth/me HTTP/1.1" 200 253
[10/Jul/2026 23:50:42] "GET /favicon.ico HTTP/1.1" 404 2726
[10/Jul/2026 23:50:42] "GET /api/v1/sites HTTP/1.1" 200 516
[10/Jul/2026 23:50:43] "GET /api/v1/dashboards/site/8 HTTP/1.1" 200 383
[10/Jul/2026 23:50:43] "GET /api/v1/documents/list?site=8&doc_type=IR HTTP/1.1" 200 2
[10/Jul/2026 23:50:43] "GET /api/v1/documents/list?site=8&doc_type=MR HTTP/1.1" 200 2478
[10/Jul/2026 23:50:43] "GET /api/v1/documents/list?site=8&doc_type=PYR HTTP/1.1" 200 8633
[10/Jul/2026 23:50:43] "GET /api/v1/sites/8/projects HTTP/1.1" 200 820
[10/Jul/2026 23:50:43] "GET /api/v1/documents/list?site=8&doc_type=MAR HTTP/1.1" 200 2
[10/Jul/2026 23:50:43] "GET /api/v1/registers/dpr-tws?site=8 HTTP/1.1" 200 1420
[10/Jul/2026 23:50:43] "GET /api/v1/documents/list?site=8&doc_type=LM&status=DEPARTED HTTP/1.1" 200 2
[10/Jul/2026 23:50:57] "GET /api/v1/documents/DPR-MXR-001 HTTP/1.1" 200 2883
[10/Jul/2026 23:51:01] "GET / HTTP/1.1" 200 433
[10/Jul/2026 23:51:01] "GET /api/v1/auth/me HTTP/1.1" 200 253
[10/Jul/2026 23:51:01] "GET /api/v1/sites HTTP/1.1" 200 516
[10/Jul/2026 23:51:02] "GET /api/v1/documents/list?site=8&doc_type=IR HTTP/1.1" 200 2
[10/Jul/2026 23:51:02] "GET /api/v1/documents/list?site=8&doc_type=MAR HTTP/1.1" 200 2
[10/Jul/2026 23:51:02] "GET /api/v1/documents/list?site=8&doc_type=LM&status=DEPARTED HTTP/1.1" 200 2
[10/Jul/2026 23:51:02] "GET /api/v1/registers/dpr-tws?site=8 HTTP/1.1" 200 1420
[10/Jul/2026 23:51:02] "GET /api/v1/sites/8/projects HTTP/1.1" 200 820
[10/Jul/2026 23:51:02] "GET /api/v1/dashboards/site/8 HTTP/1.1" 200 383
[10/Jul/2026 23:51:02] "GET /api/v1/documents/list?site=8&doc_type=MR HTTP/1.1" 200 2478
[10/Jul/2026 23:51:02] "GET /api/v1/documents/list?site=8&doc_type=PYR HTTP/1.1" 200 8633
[10/Jul/2026 23:51:14] "GET /api/v1/documents/MR-MXR-001 HTTP/1.1" 200 2476
[10/Jul/2026 23:51:31] "GET /media/pdf/MR-MXR-001/R0-sent.pdf HTTP/1.1" 200 107785
[10/Jul/2026 23:52:04] "GET / HTTP/1.1" 200 433
[10/Jul/2026 23:52:05] "GET /api/v1/auth/me HTTP/1.1" 200 253
[10/Jul/2026 23:52:05] "GET /api/v1/sites HTTP/1.1" 200 516
[10/Jul/2026 23:52:06] "GET /api/v1/registers/dpr-tws?site=8 HTTP/1.1" 200 1420
[10/Jul/2026 23:52:06] "GET /api/v1/dashboards/site/8 HTTP/1.1" 200 383
[10/Jul/2026 23:52:06] "GET /api/v1/documents/list?site=8&doc_type=MAR HTTP/1.1" 200 2
[10/Jul/2026 23:52:06] "GET /api/v1/documents/list?site=8&doc_type=LM&status=DEPARTED HTTP/1.1" 200 2
[10/Jul/2026 23:52:06] "GET /api/v1/sites/8/projects HTTP/1.1" 200 820
[10/Jul/2026 23:52:06] "GET /api/v1/documents/list?site=8&doc_type=MR HTTP/1.1" 200 2478
[10/Jul/2026 23:52:06] "GET /api/v1/documents/list?site=8&doc_type=IR HTTP/1.1" 200 2
[10/Jul/2026 23:52:06] "GET /api/v1/documents/list?site=8&doc_type=PYR HTTP/1.1" 200 8633
[10/Jul/2026 23:52:11] "GET /api/v1/documents/list?site=8&doc_type=PYR HTTP/1.1" 200 8633
[10/Jul/2026 23:52:11] "GET /static/assets/ibm-plex-mono-latin-500-normal-DSY6xOcd.woff2 HTTP/1.1" 304 0
[10/Jul/2026 23:52:28] "GET / HTTP/1.1" 200 433
[10/Jul/2026 23:52:29] "GET /api/v1/auth/me HTTP/1.1" 200 253
[10/Jul/2026 23:52:29] "GET /api/v1/sites HTTP/1.1" 200 516
[10/Jul/2026 23:52:29] "GET /api/v1/registers/dpr-tws?site=8 HTTP/1.1" 200 1420
[10/Jul/2026 23:52:29] "GET /api/v1/dashboards/site/8 HTTP/1.1" 200 383
[10/Jul/2026 23:52:29] "GET /api/v1/documents/list?site=8&doc_type=IR HTTP/1.1" 200 2
[10/Jul/2026 23:52:29] "GET /api/v1/documents/list?site=8&doc_type=MAR HTTP/1.1" 200 2
[10/Jul/2026 23:52:29] "GET /api/v1/documents/list?site=8&doc_type=LM&status=DEPARTED HTTP/1.1" 200 2
[10/Jul/2026 23:52:29] "GET /api/v1/sites/8/projects HTTP/1.1" 200 820
[10/Jul/2026 23:52:29] "GET /api/v1/documents/list?site=8&doc_type=MR HTTP/1.1" 200 2478
[10/Jul/2026 23:52:29] "GET /api/v1/documents/list?site=8&doc_type=PYR HTTP/1.1" 200 8633
[10/Jul/2026 23:52:35] "GET /api/v1/documents/list?site=8&doc_type=PYR HTTP/1.1" 200 8633
[10/Jul/2026 23:52:49] "GET /api/v1/documents/PYR-MXR-001 HTTP/1.1" 200 1078
[10/Jul/2026 23:52:55] "GET / HTTP/1.1" 200 433
[10/Jul/2026 23:52:55] "GET /api/v1/auth/me HTTP/1.1" 200 253
[10/Jul/2026 23:52:56] "GET /api/v1/sites HTTP/1.1" 200 516
[10/Jul/2026 23:52:56] "GET /api/v1/registers/dpr-tws?site=8 HTTP/1.1" 200 1420
[10/Jul/2026 23:52:56] "GET /api/v1/dashboards/site/8 HTTP/1.1" 200 383
[10/Jul/2026 23:52:56] "GET /api/v1/documents/list?site=8&doc_type=MAR HTTP/1.1" 200 2
[10/Jul/2026 23:52:56] "GET /api/v1/documents/list?site=8&doc_type=LM&status=DEPARTED HTTP/1.1" 200 2
[10/Jul/2026 23:52:56] "GET /api/v1/documents/list?site=8&doc_type=IR HTTP/1.1" 200 2
[10/Jul/2026 23:52:56] "GET /api/v1/documents/list?site=8&doc_type=MR HTTP/1.1" 200 2478
[10/Jul/2026 23:52:56] "GET /api/v1/sites/8/projects HTTP/1.1" 200 820
[10/Jul/2026 23:52:56] "GET /api/v1/documents/list?site=8&doc_type=PYR HTTP/1.1" 200 8633
[10/Jul/2026 23:53:02] "GET /api/v1/documents/list?site=8&doc_type=PYR HTTP/1.1" 200 8633
[10/Jul/2026 23:53:04] "GET /api/v1/documents/PYR-MXR-002 HTTP/1.1" 200 1078
[10/Jul/2026 23:53:05] "POST /api/v1/documents/PYR-MXR-002/actions/cancel HTTP/1.1" 200 1226
[10/Jul/2026 23:53:06] "GET /api/v1/documents/PYR-MXR-002 HTTP/1.1" 200 1226
[10/Jul/2026 23:53:16] "GET /api/v1/registers/dpr-tws?site=8 HTTP/1.1" 200 1420
[10/Jul/2026 23:53:16] "GET /api/v1/documents/list?site=8&doc_type=LM&status=DEPARTED HTTP/1.1" 200 2
[10/Jul/2026 23:53:16] "GET /api/v1/documents/list?site=8&doc_type=IR HTTP/1.1" 200 2
[10/Jul/2026 23:53:16] "GET /api/v1/dashboards/site/8 HTTP/1.1" 200 383
[10/Jul/2026 23:53:16] "GET /api/v1/documents/list?site=8&doc_type=MAR HTTP/1.1" 200 2
[10/Jul/2026 23:53:16] "GET /api/v1/sites/8/projects HTTP/1.1" 200 820
[10/Jul/2026 23:53:16] "GET /api/v1/documents/list?site=8&doc_type=MR HTTP/1.1" 200 2478
[10/Jul/2026 23:53:16] "GET /api/v1/documents/list?site=8&doc_type=PYR HTTP/1.1" 200 8781
[10/Jul/2026 23:53:19] "GET /api/v1/documents/list?site=8&doc_type=PYR HTTP/1.1" 200 8781
[10/Jul/2026 23:53:29] "GET /api/v1/documents/PYR-MXR-003 HTTP/1.1" 200 1078
[10/Jul/2026 23:53:31] "POST /api/v1/documents/PYR-MXR-003/actions/cancel HTTP/1.1" 200 1226
[10/Jul/2026 23:53:31] "GET /api/v1/documents/PYR-MXR-003 HTTP/1.1" 200 1226
[10/Jul/2026 23:53:35] "GET /api/v1/documents/list?site=8&doc_type=IR HTTP/1.1" 200 2
[10/Jul/2026 23:53:35] "GET /api/v1/documents/list?site=8&doc_type=MAR HTTP/1.1" 200 2
[10/Jul/2026 23:53:35] "GET /api/v1/documents/list?site=8&doc_type=LM&status=DEPARTED HTTP/1.1" 200 2
[10/Jul/2026 23:53:35] "GET /api/v1/registers/dpr-tws?site=8 HTTP/1.1" 200 1420
[10/Jul/2026 23:53:35] "GET /api/v1/sites/8/projects HTTP/1.1" 200 820
[10/Jul/2026 23:53:35] "GET /api/v1/documents/list?site=8&doc_type=MR HTTP/1.1" 200 2478
[10/Jul/2026 23:53:35] "GET /api/v1/documents/list?site=8&doc_type=PYR HTTP/1.1" 200 8929
[10/Jul/2026 23:53:39] "GET /api/v1/dashboards/site/8 HTTP/1.1" 200 383
[10/Jul/2026 23:53:40] "GET / HTTP/1.1" 200 433
[10/Jul/2026 23:53:41] "GET /api/v1/auth/me HTTP/1.1" 200 253
[10/Jul/2026 23:53:41] "GET /api/v1/sites HTTP/1.1" 200 516
[10/Jul/2026 23:53:42] "GET /api/v1/dashboards/site/8 HTTP/1.1" 200 383
[10/Jul/2026 23:53:42] "GET /api/v1/documents/list?site=8&doc_type=MAR HTTP/1.1" 200 2
[10/Jul/2026 23:53:42] "GET /api/v1/documents/list?site=8&doc_type=LM&status=DEPARTED HTTP/1.1" 200 2
[10/Jul/2026 23:53:42] "GET /api/v1/documents/list?site=8&doc_type=IR HTTP/1.1" 200 2
[10/Jul/2026 23:53:42] "GET /api/v1/sites/8/projects HTTP/1.1" 200 820
[10/Jul/2026 23:53:42] "GET /api/v1/registers/dpr-tws?site=8 HTTP/1.1" 200 1420
[10/Jul/2026 23:53:42] "GET /api/v1/documents/list?site=8&doc_type=MR HTTP/1.1" 200 2478
[10/Jul/2026 23:53:42] "GET /api/v1/documents/list?site=8&doc_type=PYR HTTP/1.1" 200 8929
[10/Jul/2026 23:53:44] "GET /api/v1/documents/list?site=8&doc_type=PYR HTTP/1.1" 200 8929
[10/Jul/2026 23:53:50] "GET /api/v1/documents/PYR-MXR-003 HTTP/1.1" 200 1226
[10/Jul/2026 23:53:59] "GET /api/v1/documents/list?site=8&doc_type=MAR HTTP/1.1" 200 2
[10/Jul/2026 23:53:59] "GET /api/v1/documents/list?site=8&doc_type=LM&status=DEPARTED HTTP/1.1" 200 2
[10/Jul/2026 23:54:00] "GET /api/v1/registers/dpr-tws?site=8 HTTP/1.1" 200 1420
[10/Jul/2026 23:54:00] "GET /api/v1/documents/list?site=8&doc_type=IR HTTP/1.1" 200 2
[10/Jul/2026 23:54:00] "GET /api/v1/dashboards/site/8 HTTP/1.1" 200 383
[10/Jul/2026 23:54:00] "GET /api/v1/sites/8/projects HTTP/1.1" 200 820
[10/Jul/2026 23:54:00] "GET /api/v1/documents/list?site=8&doc_type=MR HTTP/1.1" 200 2478
[10/Jul/2026 23:54:00] "GET /api/v1/documents/list?site=8&doc_type=PYR HTTP/1.1" 200 8929
[10/Jul/2026 23:54:03] "GET /api/v1/documents/list?site=8&doc_type=PYR HTTP/1.1" 200 8929
[10/Jul/2026 23:54:05] "GET /api/v1/documents/PYR-MXR-004 HTTP/1.1" 200 1078
[10/Jul/2026 23:54:07] "POST /api/v1/documents/PYR-MXR-004/actions/cancel HTTP/1.1" 200 1226
[10/Jul/2026 23:54:07] "GET /api/v1/documents/PYR-MXR-004 HTTP/1.1" 200 1226
[10/Jul/2026 23:54:13] "GET /api/v1/dashboards/site/8 HTTP/1.1" 200 383
[10/Jul/2026 23:54:13] "GET /api/v1/documents/list?site=8&doc_type=MAR HTTP/1.1" 200 2
[10/Jul/2026 23:54:13] "GET /api/v1/documents/list?site=8&doc_type=LM&status=DEPARTED HTTP/1.1" 200 2
[10/Jul/2026 23:54:13] "GET /api/v1/documents/list?site=8&doc_type=IR HTTP/1.1" 200 2
[10/Jul/2026 23:54:13] "GET /api/v1/registers/dpr-tws?site=8 HTTP/1.1" 200 1420
[10/Jul/2026 23:54:13] "GET /api/v1/sites/8/projects HTTP/1.1" 200 820
[10/Jul/2026 23:54:13] "GET /api/v1/documents/list?site=8&doc_type=MR HTTP/1.1" 200 2478
[10/Jul/2026 23:54:13] "GET /api/v1/documents/list?site=8&doc_type=PYR HTTP/1.1" 200 9077
[10/Jul/2026 23:54:17] "GET /api/v1/documents/list?site=8&doc_type=PYR HTTP/1.1" 200 9077
[10/Jul/2026 23:54:22] "GET /api/v1/documents/PYR-MXR-005 HTTP/1.1" 200 1078
[10/Jul/2026 23:54:23] "POST /api/v1/documents/PYR-MXR-005/actions/cancel HTTP/1.1" 200 1226
[10/Jul/2026 23:54:24] "GET /api/v1/documents/PYR-MXR-005 HTTP/1.1" 200 1226
[10/Jul/2026 23:54:26] "GET /api/v1/dashboards/site/8 HTTP/1.1" 200 383
[10/Jul/2026 23:54:26] "GET /api/v1/documents/list?site=8&doc_type=LM&status=DEPARTED HTTP/1.1" 200 2
[10/Jul/2026 23:54:26] "GET /api/v1/registers/dpr-tws?site=8 HTTP/1.1" 200 1420
[10/Jul/2026 23:54:26] "GET /api/v1/documents/list?site=8&doc_type=MAR HTTP/1.1" 200 2
[10/Jul/2026 23:54:26] "GET /api/v1/documents/list?site=8&doc_type=IR HTTP/1.1" 200 2
[10/Jul/2026 23:54:26] "GET /api/v1/documents/list?site=8&doc_type=MR HTTP/1.1" 200 2478
[10/Jul/2026 23:54:26] "GET /api/v1/sites/8/projects HTTP/1.1" 200 820
[10/Jul/2026 23:54:26] "GET /api/v1/documents/list?site=8&doc_type=PYR HTTP/1.1" 200 9225
[10/Jul/2026 23:54:29] "GET /api/v1/documents/list?site=8&doc_type=PYR HTTP/1.1" 200 9225
[10/Jul/2026 23:54:30] "GET /api/v1/documents/PYR-MXR-006 HTTP/1.1" 200 1078
[10/Jul/2026 23:54:32] "POST /api/v1/documents/PYR-MXR-006/actions/cancel HTTP/1.1" 200 1226
[10/Jul/2026 23:54:32] "GET /api/v1/documents/PYR-MXR-006 HTTP/1.1" 200 1226
[10/Jul/2026 23:54:35] "GET /api/v1/documents/list?site=8&doc_type=LM&status=DEPARTED HTTP/1.1" 200 2
[10/Jul/2026 23:54:35] "GET /api/v1/documents/list?site=8&doc_type=IR HTTP/1.1" 200 2
[10/Jul/2026 23:54:35] "GET /api/v1/documents/list?site=8&doc_type=MAR HTTP/1.1" 200 2
[10/Jul/2026 23:54:35] "GET /api/v1/registers/dpr-tws?site=8 HTTP/1.1" 200 1420
[10/Jul/2026 23:54:35] "GET /api/v1/sites/8/projects HTTP/1.1" 200 820
[10/Jul/2026 23:54:35] "GET /api/v1/dashboards/site/8 HTTP/1.1" 200 383
[10/Jul/2026 23:54:35] "GET /api/v1/documents/list?site=8&doc_type=MR HTTP/1.1" 200 2478
[10/Jul/2026 23:54:35] "GET /api/v1/documents/list?site=8&doc_type=PYR HTTP/1.1" 200 9373
[10/Jul/2026 23:54:39] "GET /api/v1/documents/list?site=8&doc_type=PYR HTTP/1.1" 200 9373
[10/Jul/2026 23:54:40] "GET /api/v1/documents/PYR-MXR-007 HTTP/1.1" 200 1078
[10/Jul/2026 23:54:42] "POST /api/v1/documents/PYR-MXR-007/actions/cancel HTTP/1.1" 200 1226
[10/Jul/2026 23:54:42] "GET /api/v1/documents/PYR-MXR-007 HTTP/1.1" 200 1226
[10/Jul/2026 23:54:45] "GET /api/v1/dashboards/site/8 HTTP/1.1" 200 383
[10/Jul/2026 23:54:45] "GET /api/v1/registers/dpr-tws?site=8 HTTP/1.1" 200 1420
[10/Jul/2026 23:54:45] "GET /api/v1/documents/list?site=8&doc_type=IR HTTP/1.1" 200 2
[10/Jul/2026 23:54:45] "GET /api/v1/documents/list?site=8&doc_type=LM&status=DEPARTED HTTP/1.1" 200 2
[10/Jul/2026 23:54:45] "GET /api/v1/documents/list?site=8&doc_type=MAR HTTP/1.1" 200 2
[10/Jul/2026 23:54:45] "GET /api/v1/documents/list?site=8&doc_type=MR HTTP/1.1" 200 2478
[10/Jul/2026 23:54:45] "GET /api/v1/sites/8/projects HTTP/1.1" 200 820
[10/Jul/2026 23:54:45] "GET /api/v1/documents/list?site=8&doc_type=PYR HTTP/1.1" 200 9521
[10/Jul/2026 23:54:48] "GET /api/v1/documents/list?site=8&doc_type=PYR HTTP/1.1" 200 9521
[10/Jul/2026 23:54:49] "GET /api/v1/documents/PYR-MXR-008 HTTP/1.1" 200 1078
[10/Jul/2026 23:54:51] "POST /api/v1/documents/PYR-MXR-008/actions/cancel HTTP/1.1" 200 1226
[10/Jul/2026 23:54:51] "GET /api/v1/documents/PYR-MXR-008 HTTP/1.1" 200 1226
[10/Jul/2026 23:54:57] "GET /api/v1/dashboards/site/8 HTTP/1.1" 200 383
[10/Jul/2026 23:54:57] "GET /api/v1/documents/list?site=8&doc_type=MAR HTTP/1.1" 200 2
[10/Jul/2026 23:54:57] "GET /api/v1/registers/dpr-tws?site=8 HTTP/1.1" 200 1420
[10/Jul/2026 23:54:57] "GET /api/v1/documents/list?site=8&doc_type=IR HTTP/1.1" 200 2
[10/Jul/2026 23:54:57] "GET /api/v1/documents/list?site=8&doc_type=LM&status=DEPARTED HTTP/1.1" 200 2
[10/Jul/2026 23:54:57] "GET /api/v1/sites/8/projects HTTP/1.1" 200 820
[10/Jul/2026 23:54:57] "GET /api/v1/documents/list?site=8&doc_type=MR HTTP/1.1" 200 2478
[10/Jul/2026 23:54:57] "GET /api/v1/documents/list?site=8&doc_type=PYR HTTP/1.1" 200 9669
[10/Jul/2026 23:55:00] "GET /api/v1/documents/list?site=8&doc_type=PYR HTTP/1.1" 200 9669
[10/Jul/2026 23:55:05] "GET /api/v1/documents/PYR-MXR-001 HTTP/1.1" 200 1078
[10/Jul/2026 23:55:24] "POST /api/v1/documents/PYR-MXR-001/actions/submit HTTP/1.1" 200 1226
[10/Jul/2026 23:55:24] "GET /api/v1/documents/PYR-MXR-001 HTTP/1.1" 200 1226
[10/Jul/2026 23:55:54] "GET /api/v1/documents/list?site=8&doc_type=IR HTTP/1.1" 200 2
[10/Jul/2026 23:55:54] "GET /api/v1/documents/list?site=8&doc_type=LM&status=DEPARTED HTTP/1.1" 200 2
[10/Jul/2026 23:55:54] "GET /api/v1/documents/list?site=8&doc_type=MAR HTTP/1.1" 200 2
[10/Jul/2026 23:55:54] "GET /api/v1/sites/8/projects HTTP/1.1" 200 820
[10/Jul/2026 23:55:54] "GET /api/v1/dashboards/site/8 HTTP/1.1" 200 383
[10/Jul/2026 23:55:54] "GET /api/v1/registers/dpr-tws?site=8 HTTP/1.1" 200 1420
[10/Jul/2026 23:55:54] "GET /api/v1/documents/list?site=8&doc_type=MR HTTP/1.1" 200 2478
[10/Jul/2026 23:55:54] "GET /api/v1/documents/list?site=8&doc_type=PYR HTTP/1.1" 200 9817
[10/Jul/2026 23:55:58] "GET /api/v1/documents/list?site=8&doc_type=PYR HTTP/1.1" 200 9817
[10/Jul/2026 23:56:29] "GET /api/v1/documents/PYR-MXR-001 HTTP/1.1" 200 1226
[10/Jul/2026 23:56:46] "GET / HTTP/1.1" 200 433
[10/Jul/2026 23:56:47] "GET /api/v1/auth/me HTTP/1.1" 200 253
[10/Jul/2026 23:56:48] "GET /api/v1/sites HTTP/1.1" 200 516
[10/Jul/2026 23:56:48] "GET /api/v1/documents/list?site=8&doc_type=MAR HTTP/1.1" 200 2
[10/Jul/2026 23:56:48] "GET /api/v1/dashboards/site/8 HTTP/1.1" 200 383
[10/Jul/2026 23:56:48] "GET /api/v1/documents/list?site=8&doc_type=IR HTTP/1.1" 200 2
[10/Jul/2026 23:56:48] "GET /api/v1/documents/list?site=8&doc_type=LM&status=DEPARTED HTTP/1.1" 200 2
[10/Jul/2026 23:56:48] "GET /api/v1/registers/dpr-tws?site=8 HTTP/1.1" 200 1420
[10/Jul/2026 23:56:48] "GET /api/v1/documents/list?site=8&doc_type=MR HTTP/1.1" 200 2478
[10/Jul/2026 23:56:48] "GET /api/v1/sites/8/projects HTTP/1.1" 200 820
[10/Jul/2026 23:56:48] "GET /api/v1/documents/list?site=8&doc_type=PYR HTTP/1.1" 200 9817
[10/Jul/2026 23:56:52] "GET /api/v1/documents/list?site=8&doc_type=IR&project=8 HTTP/1.1" 200 2
[10/Jul/2026 23:56:52] "GET /api/v1/documents/list?site=8&doc_type=MAR&project=8 HTTP/1.1" 200 2
[10/Jul/2026 23:56:52] "GET /api/v1/documents/list?site=8&doc_type=LM&status=DEPARTED HTTP/1.1" 200 2
[10/Jul/2026 23:56:52] "GET /api/v1/registers/dpr-tws?site=8&project=8 HTTP/1.1" 200 1420
[10/Jul/2026 23:56:52] "GET /api/v1/documents/list?site=8&doc_type=MR HTTP/1.1" 200 2478
[10/Jul/2026 23:56:52] "GET /api/v1/dashboards/site/8 HTTP/1.1" 200 383
[10/Jul/2026 23:56:52] "GET /api/v1/documents/list?site=8&doc_type=PYR HTTP/1.1" 200 9817
[10/Jul/2026 23:57:09] "GET /api/v1/documents/list?site=8&doc_type=PYR HTTP/1.1" 200 9817
[11/Jul/2026 00:05:37] "GET / HTTP/1.1" 200 433
[11/Jul/2026 00:05:38] "GET /api/v1/auth/me HTTP/1.1" 200 253
[11/Jul/2026 00:05:39] "GET /api/v1/sites HTTP/1.1" 200 516
[11/Jul/2026 00:05:39] "GET /api/v1/dashboards/site/8 HTTP/1.1" 200 383
[11/Jul/2026 00:05:39] "GET /api/v1/documents/list?site=8&doc_type=IR HTTP/1.1" 200 2
[11/Jul/2026 00:05:39] "GET /api/v1/documents/list?site=8&doc_type=LM&status=DEPARTED HTTP/1.1" 200 2
[11/Jul/2026 00:05:39] "GET /api/v1/documents/list?site=8&doc_type=MAR HTTP/1.1" 200 2
[11/Jul/2026 00:05:39] "GET /api/v1/registers/dpr-tws?site=8 HTTP/1.1" 200 1429
[11/Jul/2026 00:05:39] "GET /api/v1/sites/8/projects HTTP/1.1" 200 820
[11/Jul/2026 00:05:40] "GET /api/v1/documents/list?site=8&doc_type=PYR HTTP/1.1" 200 9817
[11/Jul/2026 00:05:40] "GET /api/v1/documents/list?site=8&doc_type=MR HTTP/1.1" 200 2478
[11/Jul/2026 00:06:01] "GET /api/v1/attendance?site=8&date=2026-07-10 HTTP/1.1" 200 59
[11/Jul/2026 06:10:07] "GET /media/guide/Planet_User_Guide_R2.pdf HTTP/1.1" 200 4206345
[11/Jul/2026 06:10:08] "GET /media/guide/Planet_User_Guide_R2.pdf HTTP/1.1" 200 4206345
[11/Jul/2026 06:10:08] "GET /media/guide/Planet_User_Guide_R2.pdf HTTP/1.1" 200 4206345
[11/Jul/2026 07:35:39] "GET /media/guide/Planet_User_Guide_R2.pdf HTTP/1.1" 304 0
[11/Jul/2026 07:35:42] "GET /media/guide/Planet_User_Guide_R2.pdf HTTP/1.1" 200 4206345
[11/Jul/2026 07:35:42] "GET /media/guide/Planet_User_Guide_R2.pdf HTTP/1.1" 200 4206345
[11/Jul/2026 07:43:24] "GET /static/assets/index-D_QSfw6U.js HTTP/1.1" 404 1924
[11/Jul/2026 07:43:32] "GET / HTTP/1.1" 200 433
[11/Jul/2026 07:43:32] "GET / HTTP/1.1" 200 433
Not Found: /apple-touch-icon.png
[11/Jul/2026 07:43:32] "GET /apple-touch-icon.png HTTP/1.1" 404 2753
Not Found: /favicon.ico
Not Found: /apple-touch-icon-precomposed.png
[11/Jul/2026 07:43:32] "GET /favicon.ico HTTP/1.1" 404 2726
[11/Jul/2026 07:43:32] "GET /apple-touch-icon-precomposed.png HTTP/1.1" 404 2789
Not Found: /apple-touch-icon-120x120-precomposed.png
[11/Jul/2026 07:43:32] "GET /apple-touch-icon-120x120-precomposed.png HTTP/1.1" 404 2813
Not Found: /apple-touch-icon-120x120.png
[11/Jul/2026 07:43:33] "GET /apple-touch-icon-120x120.png HTTP/1.1" 404 2777
Not Found: /apple-touch-icon-precomposed.png
[11/Jul/2026 07:43:34] "GET /apple-touch-icon-precomposed.png HTTP/1.1" 404 2789
Not Found: /apple-touch-icon.png
[11/Jul/2026 07:43:34] "GET /apple-touch-icon.png HTTP/1.1" 404 2753
Not Found: /favicon.ico
[11/Jul/2026 07:43:34] "GET /favicon.ico HTTP/1.1" 404 2726
Not Found: /apple-touch-icon-120x120-precomposed.png
[11/Jul/2026 07:43:34] "GET /apple-touch-icon-120x120-precomposed.png HTTP/1.1" 404 2813
Not Found: /apple-touch-icon-120x120.png
[11/Jul/2026 07:43:35] "GET /apple-touch-icon-120x120.png HTTP/1.1" 404 2777
Not Found: /apple-touch-icon-precomposed.png
[11/Jul/2026 07:43:35] "GET /apple-touch-icon-precomposed.png HTTP/1.1" 404 2789
Not Found: /apple-touch-icon.png
[11/Jul/2026 07:43:35] "GET /apple-touch-icon.png HTTP/1.1" 404 2753
Not Found: /favicon.ico
[11/Jul/2026 07:43:36] "GET /favicon.ico HTTP/1.1" 404 2726
[11/Jul/2026 08:39:03] "GET / HTTP/1.1" 200 433
[11/Jul/2026 09:03:30] "GET / HTTP/1.1" 200 433
[11/Jul/2026 09:03:31] "GET /static/assets/index-D3_lHPk2.css HTTP/1.1" 200 24032
[11/Jul/2026 09:03:31] "GET /static/assets/index-D_QSfw6U.js HTTP/1.1" 404 1924
[11/Jul/2026 09:05:16] "GET / HTTP/1.1" 200 433
[11/Jul/2026 09:05:16] "GET / HTTP/1.1" 200 433
[11/Jul/2026 09:05:16] "GET /static/assets/index-D3_lHPk2.css HTTP/1.1" 200 24032
[11/Jul/2026 09:05:16] "GET /static/assets/index-D_QSfw6U.js HTTP/1.1" 404 1924
[11/Jul/2026 09:05:17] "GET /static/assets/index-D_QSfw6U.js HTTP/1.1" 404 1924
[11/Jul/2026 09:05:17] "GET /static/assets/inter-latin-400-normal-C38fXH4l.woff2 HTTP/1.1" 200 23664
[11/Jul/2026 09:05:23] "GET / HTTP/1.1" 200 433
[11/Jul/2026 09:05:23] "GET /static/assets/index-D_QSfw6U.js HTTP/1.1" 404 1924
[11/Jul/2026 09:05:24] "GET / HTTP/1.1" 200 433
[11/Jul/2026 09:05:24] "GET /static/assets/index-D_QSfw6U.js HTTP/1.1" 404 1924
[11/Jul/2026 09:06:04] "GET / HTTP/1.1" 200 433
[11/Jul/2026 09:06:04] "GET /static/assets/index-D_QSfw6U.js HTTP/1.1" 404 1924
[11/Jul/2026 09:06:09] "GET / HTTP/1.1" 200 433
[11/Jul/2026 09:06:10] "GET /static/assets/index-D_QSfw6U.js HTTP/1.1" 404 1924
[11/Jul/2026 09:06:28] "GET / HTTP/1.1" 200 433
[11/Jul/2026 09:06:28] "GET /static/assets/index-D_QSfw6U.js HTTP/1.1" 404 1924
[11/Jul/2026 09:07:35] "GET / HTTP/1.1" 200 433
[11/Jul/2026 09:07:35] "GET /static/assets/index-D_QSfw6U.js HTTP/1.1" 404 1924
[11/Jul/2026 09:07:42] "GET / HTTP/1.1" 200 433
[11/Jul/2026 09:07:42] "GET /static/assets/index-D_QSfw6U.js HTTP/1.1" 404 1924
[11/Jul/2026 09:07:45] "GET / HTTP/1.1" 200 433
[11/Jul/2026 09:07:45] "GET /static/assets/index-D_QSfw6U.js HTTP/1.1" 404 1924
[11/Jul/2026 09:08:51] "GET / HTTP/1.1" 200 433
[11/Jul/2026 09:08:52] "GET /static/assets/index-D_QSfw6U.js HTTP/1.1" 404 1924
[11/Jul/2026 09:09:02] "GET / HTTP/1.1" 200 433
[11/Jul/2026 09:09:03] "GET /static/assets/index-D_QSfw6U.js HTTP/1.1" 404 1924
[11/Jul/2026 09:11:15] "GET / HTTP/1.1" 200 433
[11/Jul/2026 09:11:16] "GET /static/assets/index-D_QSfw6U.js HTTP/1.1" 404 1924
[11/Jul/2026 09:12:02] "GET / HTTP/1.1" 200 433
[11/Jul/2026 09:12:03] "GET /static/assets/index-D_QSfw6U.js HTTP/1.1" 404 1924
[11/Jul/2026 09:12:03] "GET /static/assets/index-D3_lHPk2.css HTTP/1.1" 200 24032
Not Found: /favicon.ico
[11/Jul/2026 09:12:03] "GET /favicon.ico HTTP/1.1" 404 2726
[11/Jul/2026 09:12:11] "GET / HTTP/1.1" 200 433
[11/Jul/2026 09:12:12] "GET /static/assets/index-D_QSfw6U.js HTTP/1.1" 404 1924
[11/Jul/2026 09:17:48] "GET / HTTP/1.1" 200 433
[11/Jul/2026 09:17:49] "GET /static/assets/index-D_QSfw6U.js HTTP/1.1" 404 1924
[11/Jul/2026 09:40:23] "GET / HTTP/1.1" 200 433
[11/Jul/2026 09:40:24] "GET /static/assets/index-D_QSfw6U.js HTTP/1.1" 404 1924
[11/Jul/2026 09:40:29] "GET / HTTP/1.1" 200 433
[11/Jul/2026 09:40:29] "GET /static/assets/index-D_QSfw6U.js HTTP/1.1" 404 1924
[11/Jul/2026 09:40:35] "GET / HTTP/1.1" 200 433
[11/Jul/2026 09:40:35] "GET /static/assets/index-D_QSfw6U.js HTTP/1.1" 404 1924
[11/Jul/2026 09:40:41] "GET / HTTP/1.1" 200 433
[11/Jul/2026 09:40:41] "GET /static/assets/index-D_QSfw6U.js HTTP/1.1" 404 1924
[11/Jul/2026 09:41:08] "GET / HTTP/1.1" 200 433
[11/Jul/2026 09:41:08] "GET /static/assets/index-D_QSfw6U.js HTTP/1.1" 404 1924
[11/Jul/2026 09:41:12] "GET / HTTP/1.1" 200 433
[11/Jul/2026 09:41:12] "GET /static/assets/index-D_QSfw6U.js HTTP/1.1" 404 1924
[11/Jul/2026 09:41:12] "GET / HTTP/1.1" 200 433
[11/Jul/2026 09:41:13] "GET /static/assets/index-D_QSfw6U.js HTTP/1.1" 404 1924
[11/Jul/2026 09:41:15] "GET / HTTP/1.1" 200 433
[11/Jul/2026 09:41:15] "GET /static/assets/index-D_QSfw6U.js HTTP/1.1" 404 1924
[11/Jul/2026 09:41:15] "GET / HTTP/1.1" 200 433
[11/Jul/2026 09:41:16] "GET /static/assets/index-D_QSfw6U.js HTTP/1.1" 404 1924
[11/Jul/2026 09:41:26] "GET / HTTP/1.1" 200 433
[11/Jul/2026 09:41:26] "GET / HTTP/1.1" 200 433
[11/Jul/2026 09:41:27] "GET /static/assets/index-D_QSfw6U.js HTTP/1.1" 404 1924
[11/Jul/2026 09:41:27] "GET /static/assets/index-D3_lHPk2.css HTTP/1.1" 304 0
Not Found: /apple-touch-icon.png
[11/Jul/2026 09:41:27] "GET /apple-touch-icon.png HTTP/1.1" 404 2753
Not Found: /apple-touch-icon-precomposed.png
Not Found: /favicon.ico
[11/Jul/2026 09:41:27] "GET /apple-touch-icon-precomposed.png HTTP/1.1" 404 2789
[11/Jul/2026 09:41:27] "GET /favicon.ico HTTP/1.1" 404 2726
[11/Jul/2026 09:58:28] "GET / HTTP/1.1" 200 433
[11/Jul/2026 09:58:29] "GET /static/assets/index-D_QSfw6U.js HTTP/1.1" 404 1924
[11/Jul/2026 10:12:12] "GET / HTTP/1.1" 200 433
[11/Jul/2026 10:12:13] "GET /static/assets/index-D3_lHPk2.css HTTP/1.1" 304 0
[11/Jul/2026 10:12:13] "GET /static/assets/index-D_QSfw6U.js HTTP/1.1" 404 1924
[11/Jul/2026 10:26:25] "GET / HTTP/1.1" 200 433
[11/Jul/2026 10:26:25] "GET /static/assets/index-D_QSfw6U.js HTTP/1.1" 404 1924
[11/Jul/2026 11:24:28] "GET / HTTP/1.1" 200 433
[11/Jul/2026 11:24:29] "GET /static/assets/index-D_QSfw6U.js HTTP/1.1" 404 1924
[11/Jul/2026 11:24:29] "GET /static/assets/index-D3_lHPk2.css HTTP/1.1" 304 0
Not Found: /apple-touch-icon.png
[11/Jul/2026 11:24:29] "GET /apple-touch-icon.png HTTP/1.1" 404 2753
Not Found: /apple-touch-icon-precomposed.png
Not Found: /favicon.ico
[11/Jul/2026 11:24:29] "GET /apple-touch-icon-precomposed.png HTTP/1.1" 404 2789
[11/Jul/2026 11:24:29] "GET /favicon.ico HTTP/1.1" 404 2726
[11/Jul/2026 11:24:37] "GET / HTTP/1.1" 200 433
[11/Jul/2026 11:24:38] "GET /static/assets/index-D_QSfw6U.js HTTP/1.1" 404 1924
[11/Jul/2026 11:24:49] "GET / HTTP/1.1" 200 433
[11/Jul/2026 11:24:49] "GET /static/assets/index-D_QSfw6U.js HTTP/1.1" 404 1924
[11/Jul/2026 11:24:54] "GET / HTTP/1.1" 200 433
[11/Jul/2026 11:24:55] "GET /static/assets/index-D_QSfw6U.js HTTP/1.1" 404 1924
[11/Jul/2026 11:25:37] "GET / HTTP/1.1" 200 433
[11/Jul/2026 11:25:38] "GET /static/assets/index-D_QSfw6U.js HTTP/1.1" 404 1924
[11/Jul/2026 11:25:51] "GET / HTTP/1.1" 200 433
[11/Jul/2026 11:25:52] "GET /static/assets/index-D_QSfw6U.js HTTP/1.1" 404 1924
[11/Jul/2026 11:26:08] "GET / HTTP/1.1" 200 433
[11/Jul/2026 11:26:08] "GET /static/assets/index-D_QSfw6U.js HTTP/1.1" 404 1924
[11/Jul/2026 11:26:08] "GET /static/assets/index-D3_lHPk2.css HTTP/1.1" 200 24032
Not Found: /favicon.ico
[11/Jul/2026 11:26:09] "GET /favicon.ico HTTP/1.1" 404 2726
[11/Jul/2026 11:26:16] "GET / HTTP/1.1" 200 433
[11/Jul/2026 11:26:16] "GET /static/assets/index-D_QSfw6U.js HTTP/1.1" 404 1924
[11/Jul/2026 11:26:17] "GET / HTTP/1.1" 200 433
[11/Jul/2026 11:26:17] "GET /static/assets/index-D_QSfw6U.js HTTP/1.1" 404 1924
[11/Jul/2026 11:26:21] "GET / HTTP/1.1" 200 433
[11/Jul/2026 11:26:21] "GET /static/assets/index-D_QSfw6U.js HTTP/1.1" 404 1924
[11/Jul/2026 11:26:30] "GET / HTTP/1.1" 200 433
[11/Jul/2026 11:26:31] "GET /static/assets/index-D_QSfw6U.js HTTP/1.1" 404 1924
[11/Jul/2026 11:26:36] "GET / HTTP/1.1" 200 433
[11/Jul/2026 11:26:36] "GET /static/assets/index-D_QSfw6U.js HTTP/1.1" 404 1924
[11/Jul/2026 11:26:50] "GET / HTTP/1.1" 200 433
[11/Jul/2026 11:26:50] "GET /static/assets/index-D_QSfw6U.js HTTP/1.1" 404 1924
